First,Last,Company,Title,Email,City,State,Zip,Country
Robert,Martinez,Coca-Cola Ltd,Consultant,robert.martinez.0@coke.demo.com,Atlanta,GA,30301,USA
Lisa,Hernandez,Coca Cola,Director,lisa.hernandez.1@coke.demo.com,Boston,MA,02101,USA
William,Lopez,Coke,Specialist,william.lopez.2@coke.demo.com,Seattle,WA,98101,USA
Mark,Gonzalez,Colgate Palmolive,Engineer,mark.gonzalez.3@colgate.demo.com,Austin,TX,78701,USA
Jessica,Wilson,Colgate,VP,jessica.wilson.4@colgate.demo.com,Chicago,IL,60601,USA
John,Anderson,Colgate Inc,Analyst,john.anderson.5@colgate.demo.com,Denver,CO,80202,USA
Charles,Thomas,Costco,Engineer,charles.thomas.6@costco.demo.com,Miami,FL,33101,USA
Jennifer,Taylor,Costco Wholsale,Specialist,jennifer.taylor.7@costco.demo.com,Portland,OR,97201,USA
Daniel,Moore,Costco Wholesale Corp,Consultant,daniel.moore.8@costco.demo.com,Atlanta,GA,30301,USA
David,Jackson,Cadbury,Analyst,david.jackson.9@cadbury.demo.com,Austin,TX,78701,USA
Margaret,Martin,Cadbury Schweppes,VP,margaret.martin.10@cadbury.demo.com,Chicago,IL,60601,USA
Joseph,Lee,Cadbury Inc,Specialist,joseph.lee.11@cadbury.demo.com,Denver,CO,80202,USA
Jennifer,Perez,Caterpillar,Coordinator,jennifer.perez.12@caterpillar.demo.com,Miami,FL,33101,USA
Daniel,Thompson,Cat,Analyst,daniel.thompson.13@caterpillar.demo.com,Portland,OR,97201,USA
Elizabeth,White,Caterpillar Corp,Specialist,elizabeth.white.14@caterpillar.demo.com,Atlanta,GA,30301,USA
Daniel,Harris,Comcast,Specialist,daniel.harris.15@comcast.demo.com,Portland,OR,97201,USA
Elizabeth,Sanchez,Comcast Corp,Engineer,elizabeth.sanchez.16@comcast.demo.com,Atlanta,GA,30301,USA
Anthony,Clark,Comcast Inc,Engineer,anthony.clark.17@comcast.demo.com,Boston,MA,02101,USA
Susan,Ramirez,Chevron,Manager,susan.ramirez.18@chevron.demo.com,Austin,TX,78701,USA
James,Lewis,Chevron Corp,Coordinator,james.lewis.19@chevron.demo.com,Chicago,IL,60601,USA
Sarah,Robinson,Chevron USA,Coordinator,sarah.robinson.20@chevron.demo.com,Denver,CO,80202,USA
Jennifer,Smith,Chrysler,Consultant,jennifer.smith.21@chrysler.demo.com,Miami,FL,33101,USA
Daniel,Johnson,Chrysler Group,Engineer,daniel.johnson.22@chrysler.demo.com,Portland,OR,97201,USA
Elizabeth,Williams,Chrysler Corp,Engineer,elizabeth.williams.23@chrysler.demo.com,Atlanta,GA,30301,USA
Margaret,Brown,Citigroup,Manager,margaret.brown.24@citigroup.demo.com,Seattle,WA,98101,USA
Joseph,Jones,Citi,Consultant,joseph.jones.25@citigroup.demo.com,Austin,TX,78701,USA
Mary,Garcia,Citigroup Corp,Analyst,mary.garcia.26@citigroup.demo.com,Chicago,IL,60601,USA
Joseph,Miller,Cisco,Analyst,joseph.miller.27@cisco.demo.com,Denver,CO,80202,USA
Mary,Davis,Cisco Inc,Consultant,mary.davis.28@cisco.demo.com,Miami,FL,33101,USA
Charles,Rodriguez,Cisco Corp,Coordinator,charles.rodriguez.29@cisco.demo.com,Portland,OR,97201,USA
Elizabeth,Martinez,Campbell's,Analyst,elizabeth.martinez.30@campbells.demo.com,Atlanta,GA,30301,USA
Anthony,Hernandez,Campbell Soup,Engineer,anthony.hernandez.31@campbells.demo.com,Boston,MA,02101,USA
Susan,Lopez,Campbell Soup Co,Analyst,susan.lopez.32@campbells.demo.com,Seattle,WA,98101,USA
Mark,Gonzalez,Conagra,Analyst,mark.gonzalez.33@conagra.demo.com,Boston,MA,02101,USA
Jessica,Wilson,Conagra Inc,Consultant,jessica.wilson.34@conagra.demo.com,Seattle,WA,98101,USA
John,Anderson,Conagra Corp,Coordinator,john.anderson.35@conagra.demo.com,Austin,TX,78701,USA
Christopher,Thomas,Cardinal Health,VP,christopher.thomas.36@cardinal.demo.com,Miami,FL,33101,USA
Linda,Taylor,Cardinal Health Corp,Manager,linda.taylor.37@cardinal.demo.com,Portland,OR,97201,USA
Matthew,Moore,Cardinal,Specialist,matthew.moore.38@cardinal.demo.com,Atlanta,GA,30301,USA
William,Jackson,Cigna,Engineer,william.jackson.39@cigna.demo.com,Boston,MA,02101,USA
Betty,Martin,Cigna Corp,Director,betty.martin.40@cigna.demo.com,Seattle,WA,98101,USA
Richard,Lee,Cigna Inc,Director,richard.lee.41@cigna.demo.com,Austin,TX,78701,USA
Margaret,Perez,CVS Health,Engineer,margaret.perez.42@cvs.demo.com,Boston,MA,02101,USA
Joseph,Thompson,CVS,Specialist,joseph.thompson.43@cvs.demo.com,Seattle,WA,98101,USA
Mary,White,CVS Pharmacy,Analyst,mary.white.44@cvs.demo.com,Austin,TX,78701,USA
Daniel,Davis,PepsiCo,Engineer,daniel.davis.45@pepsico.demo.com,Austin,TX,78701,USA
Elizabeth,Rodriguez,Pepsi Co,Specialist,elizabeth.rodriguez.46@pepsico.demo.com,Chicago,IL,60601,USA
Anthony,Martinez,Pepsi,Engineer,anthony.martinez.47@pepsico.demo.com,Denver,CO,80202,USA
Joseph,Thomas,Unilever,Analyst,joseph.thomas.48@unilever.demo.com,Portland,OR,97201,USA
Mary,Taylor,Unilever Inc,Consultant,mary.taylor.49@unilever.demo.com,Atlanta,GA,30301,USA
Charles,Moore,Unilever Ltd,Specialist,charles.moore.50@unilever.demo.com,Boston,MA,02101,USA
Patricia,Lewis,Amazon,Manager,patricia.lewis.51@amazon.demo.com,Boston,MA,02101,USA
Christopher,Robinson,Amazon.com,Specialist,christopher.robinson.52@amazon.demo.com,Seattle,WA,98101,USA
Linda,Smith,Amazon Inc,Coordinator,linda.smith.53@amazon.demo.com,Austin,TX,78701,USA
Margaret,Wilson,Microsoft,Coordinator,margaret.wilson.54@microsoft.demo.com,Atlanta,GA,30301,USA
Joseph,Anderson,Microsoft Corp,Consultant,joseph.anderson.55@microsoft.demo.com,Boston,MA,02101,USA
Mary,Thomas,Microsoft Inc,Consultant,mary.thomas.56@microsoft.demo.com,Seattle,WA,98101,USA
Joseph,Jones,Apple Inc,Director,joseph.jones.57@apple.demo.com,Seattle,WA,98101,USA
Mary,Garcia,Apple,Coordinator,mary.garcia.58@apple.demo.com,Austin,TX,78701,USA
Charles,Miller,Apple Computer,Manager,charles.miller.59@apple.demo.com,Chicago,IL,60601,USA
Linda,Robinson,Walmart,VP,linda.robinson.60@walmart.demo.com,Miami,FL,33101,USA
Matthew,Smith,Walmart Stores,VP,matthew.smith.61@walmart.demo.com,Portland,OR,97201,USA
Barbara,Johnson,Walmart Corp,Director,barbara.johnson.62@walmart.demo.com,Atlanta,GA,30301,USA
Margaret,Robinson,Target,Consultant,margaret.robinson.63@target.demo.com,Boston,MA,02101,USA
Joseph,Smith,Target Corp,VP,joseph.smith.64@target.demo.com,Seattle,WA,98101,USA
Mary,Johnson,Target Inc,VP,mary.johnson.65@target.demo.com,Austin,TX,78701,USA
Thomas,Jackson,Ford,Specialist,thomas.jackson.66@ford.demo.com,Seattle,WA,98101,USA
Patricia,Martin,Ford Motor,Consultant,patricia.martin.67@ford.demo.com,Austin,TX,78701,USA
Christopher,Lee,Ford Motor Co,Manager,christopher.lee.68@ford.demo.com,Chicago,IL,60601,USA
Elizabeth,Martin,Disney,VP,elizabeth.martin.69@disney.demo.com,Portland,OR,97201,USA
Anthony,Lee,Walt Disney,Manager,anthony.lee.70@disney.demo.com,Atlanta,GA,30301,USA
Susan,Perez,Disney Inc,Manager,susan.perez.71@disney.demo.com,Boston,MA,02101,USA
Mary,Williams,Netflix,Coordinator,mary.williams.72@netflix.demo.com,Miami,FL,33101,USA
Charles,Brown,Netflix LLC,Engineer,charles.brown.73@netflix.demo.com,Portland,OR,97201,USA
Jennifer,Jones,Netflix Ltd,Consultant,jennifer.jones.74@netflix.demo.com,Atlanta,GA,30301,USA
Christopher,Miller,Aberdeen Asset Management,Engineer,christopher.miller.75@off-0.demo.com,Seattle,WA,98101,USA
Linda,Davis,Aberdeen Asset Management,Consultant,linda.davis.76@off-0.demo.com,Austin,TX,78701,USA
Matthew,Rodriguez,Aberdeen Asset Management,Specialist,matthew.rodriguez.77@off-0.demo.com,Chicago,IL,60601,USA
Barbara,Martinez,Aberdeen Asset Management,Coordinator,barbara.martinez.78@off-0.demo.com,Denver,CO,80202,USA
Mark,Hernandez,Aberdeen Asset Management,Analyst,mark.hernandez.79@off-0.demo.com,Miami,FL,33101,USA
Jessica,Lopez,Aberdeen Asset Management,Manager,jessica.lopez.80@off-0.demo.com,Portland,OR,97201,USA
John,Gonzalez,Aberdeen Asset Management,Director,john.gonzalez.81@off-0.demo.com,Atlanta,GA,30301,USA
Karen,Wilson,Aberdeen Asset Management,VP,karen.wilson.82@off-0.demo.com,Boston,MA,02101,USA
Michael,Anderson,Aberdeen Asset Management,Engineer,michael.anderson.83@off-0.demo.com,Seattle,WA,98101,USA
Nancy,Thomas,Aberdeen Asset Management,Consultant,nancy.thomas.84@off-0.demo.com,Austin,TX,78701,USA
David,Taylor,Aberdeen Asset Management,Specialist,david.taylor.85@off-0.demo.com,Chicago,IL,60601,USA
Margaret,Moore,Admiral Group,VP,margaret.moore.86@off-1.demo.com,Denver,CO,80202,USA
Joseph,Jackson,Admiral Group,Engineer,joseph.jackson.87@off-1.demo.com,Miami,FL,33101,USA
Mary,Martin,Admiral Group,Consultant,mary.martin.88@off-1.demo.com,Portland,OR,97201,USA
Charles,Lee,Admiral Group,Specialist,charles.lee.89@off-1.demo.com,Atlanta,GA,30301,USA
Jennifer,Perez,Admiral Group,Coordinator,jennifer.perez.90@off-1.demo.com,Boston,MA,02101,USA
Daniel,Thompson,Admiral Group,Analyst,daniel.thompson.91@off-1.demo.com,Seattle,WA,98101,USA
Elizabeth,White,Admiral Group,Manager,elizabeth.white.92@off-1.demo.com,Austin,TX,78701,USA
Anthony,Harris,Admiral Group,Director,anthony.harris.93@off-1.demo.com,Chicago,IL,60601,USA
Susan,Sanchez,Admiral Group,VP,susan.sanchez.94@off-1.demo.com,Denver,CO,80202,USA
James,Clark,Admiral Group,Engineer,james.clark.95@off-1.demo.com,Miami,FL,33101,USA
Sarah,Ramirez,Admiral Group,Consultant,sarah.ramirez.96@off-1.demo.com,Portland,OR,97201,USA
Robert,Lewis,Aggreko,Analyst,robert.lewis.97@off-2.demo.com,Atlanta,GA,30301,USA
Lisa,Robinson,Aggreko,Manager,lisa.robinson.98@off-2.demo.com,Boston,MA,02101,USA
William,Smith,Aggreko,Director,william.smith.99@off-2.demo.com,Seattle,WA,98101,USA
Betty,Johnson,Aggreko,VP,betty.johnson.100@off-2.demo.com,Austin,TX,78701,USA
Richard,Williams,Aggreko,Engineer,richard.williams.101@off-2.demo.com,Chicago,IL,60601,USA
Sandra,Brown,Aggreko,Consultant,sandra.brown.102@off-2.demo.com,Denver,CO,80202,USA
Thomas,Jones,Aggreko,Specialist,thomas.jones.103@off-2.demo.com,Miami,FL,33101,USA
Patricia,Garcia,Aggreko,Coordinator,patricia.garcia.104@off-2.demo.com,Portland,OR,97201,USA
Christopher,Miller,Aggreko,Analyst,christopher.miller.105@off-2.demo.com,Atlanta,GA,30301,USA
Linda,Davis,Aggreko,Manager,linda.davis.106@off-2.demo.com,Boston,MA,02101,USA
Matthew,Rodriguez,Aggreko,Director,matthew.rodriguez.107@off-2.demo.com,Seattle,WA,98101,USA
Barbara,Martinez,AMEC,Analyst,barbara.martinez.108@off-3.demo.com,Austin,TX,78701,USA
Mark,Hernandez,AMEC,Manager,mark.hernandez.109@off-3.demo.com,Chicago,IL,60601,USA
Jessica,Lopez,AMEC,Director,jessica.lopez.110@off-3.demo.com,Denver,CO,80202,USA
John,Gonzalez,AMEC,VP,john.gonzalez.111@off-3.demo.com,Miami,FL,33101,USA
Karen,Wilson,AMEC,Engineer,karen.wilson.112@off-3.demo.com,Portland,OR,97201,USA
Michael,Anderson,AMEC,Consultant,michael.anderson.113@off-3.demo.com,Atlanta,GA,30301,USA
Nancy,Thomas,AMEC,Specialist,nancy.thomas.114@off-3.demo.com,Boston,MA,02101,USA
David,Taylor,AMEC,Coordinator,david.taylor.115@off-3.demo.com,Seattle,WA,98101,USA
Margaret,Moore,AMEC,Analyst,margaret.moore.116@off-3.demo.com,Austin,TX,78701,USA
Joseph,Jackson,AMEC,Manager,joseph.jackson.117@off-3.demo.com,Chicago,IL,60601,USA
Mary,Martin,AMEC,Director,mary.martin.118@off-3.demo.com,Denver,CO,80202,USA
Charles,Lee,Anglo American plc,Manager,charles.lee.119@off-4.demo.com,Miami,FL,33101,USA
Jennifer,Perez,Anglo American plc,Director,jennifer.perez.120@off-4.demo.com,Portland,OR,97201,USA
Daniel,Thompson,Anglo American plc,VP,daniel.thompson.121@off-4.demo.com,Atlanta,GA,30301,USA
Elizabeth,White,Anglo American plc,Engineer,elizabeth.white.122@off-4.demo.com,Boston,MA,02101,USA
Anthony,Harris,Anglo American plc,Consultant,anthony.harris.123@off-4.demo.com,Seattle,WA,98101,USA
Susan,Sanchez,Anglo American plc,Specialist,susan.sanchez.124@off-4.demo.com,Austin,TX,78701,USA
James,Clark,Anglo American plc,Coordinator,james.clark.125@off-4.demo.com,Chicago,IL,60601,USA
Sarah,Ramirez,Anglo American plc,Analyst,sarah.ramirez.126@off-4.demo.com,Denver,CO,80202,USA
Robert,Lewis,Anglo American plc,Manager,robert.lewis.127@off-4.demo.com,Miami,FL,33101,USA
Lisa,Robinson,Anglo American plc,Director,lisa.robinson.128@off-4.demo.com,Portland,OR,97201,USA
William,Smith,Anglo American plc,VP,william.smith.129@off-4.demo.com,Atlanta,GA,30301,USA
Betty,Johnson,Antofagasta,Consultant,betty.johnson.130@off-5.demo.com,Boston,MA,02101,USA
Richard,Williams,Antofagasta,Specialist,richard.williams.131@off-5.demo.com,Seattle,WA,98101,USA
Sandra,Brown,Antofagasta,Coordinator,sandra.brown.132@off-5.demo.com,Austin,TX,78701,USA
Thomas,Jones,Antofagasta,Analyst,thomas.jones.133@off-5.demo.com,Chicago,IL,60601,USA
Patricia,Garcia,Antofagasta,Manager,patricia.garcia.134@off-5.demo.com,Denver,CO,80202,USA
Christopher,Miller,Antofagasta,Director,christopher.miller.135@off-5.demo.com,Miami,FL,33101,USA
Linda,Davis,Antofagasta,VP,linda.davis.136@off-5.demo.com,Portland,OR,97201,USA
Matthew,Rodriguez,Antofagasta,Engineer,matthew.rodriguez.137@off-5.demo.com,Atlanta,GA,30301,USA
Barbara,Martinez,Antofagasta,Consultant,barbara.martinez.138@off-5.demo.com,Boston,MA,02101,USA
Mark,Hernandez,Antofagasta,Specialist,mark.hernandez.139@off-5.demo.com,Seattle,WA,98101,USA
Jessica,Lopez,ARM Holdings,Analyst,jessica.lopez.140@off-6.demo.com,Austin,TX,78701,USA
John,Gonzalez,ARM Holdings,Manager,john.gonzalez.141@off-6.demo.com,Chicago,IL,60601,USA
Karen,Wilson,ARM Holdings,Director,karen.wilson.142@off-6.demo.com,Denver,CO,80202,USA
Michael,Anderson,ARM Holdings,VP,michael.anderson.143@off-6.demo.com,Miami,FL,33101,USA
Nancy,Thomas,ARM Holdings,Engineer,nancy.thomas.144@off-6.demo.com,Portland,OR,97201,USA
David,Taylor,ARM Holdings,Consultant,david.taylor.145@off-6.demo.com,Atlanta,GA,30301,USA
Margaret,Moore,ARM Holdings,Specialist,margaret.moore.146@off-6.demo.com,Boston,MA,02101,USA
Joseph,Jackson,ARM Holdings,Coordinator,joseph.jackson.147@off-6.demo.com,Seattle,WA,98101,USA
Mary,Martin,ARM Holdings,Analyst,mary.martin.148@off-6.demo.com,Austin,TX,78701,USA
Charles,Lee,ARM Holdings,Manager,charles.lee.149@off-6.demo.com,Chicago,IL,60601,USA
Jennifer,Perez,Associated British Foods,Specialist,jennifer.perez.150@off-7.demo.com,Denver,CO,80202,USA
Daniel,Thompson,Associated British Foods,Coordinator,daniel.thompson.151@off-7.demo.com,Miami,FL,33101,USA
Elizabeth,White,Associated British Foods,Analyst,elizabeth.white.152@off-7.demo.com,Portland,OR,97201,USA
Anthony,Harris,Associated British Foods,Manager,anthony.harris.153@off-7.demo.com,Atlanta,GA,30301,USA
Susan,Sanchez,Associated British Foods,Director,susan.sanchez.154@off-7.demo.com,Boston,MA,02101,USA
James,Clark,Associated British Foods,VP,james.clark.155@off-7.demo.com,Seattle,WA,98101,USA
Sarah,Ramirez,Associated British Foods,Engineer,sarah.ramirez.156@off-7.demo.com,Austin,TX,78701,USA
Robert,Lewis,Associated British Foods,Consultant,robert.lewis.157@off-7.demo.com,Chicago,IL,60601,USA
Lisa,Robinson,Associated British Foods,Specialist,lisa.robinson.158@off-7.demo.com,Denver,CO,80202,USA
William,Smith,Associated British Foods,Coordinator,william.smith.159@off-7.demo.com,Miami,FL,33101,USA
Betty,Johnson,AstraZeneca,VP,betty.johnson.160@off-8.demo.com,Portland,OR,97201,USA
Richard,Williams,AstraZeneca,Engineer,richard.williams.161@off-8.demo.com,Atlanta,GA,30301,USA
Sandra,Brown,AstraZeneca,Consultant,sandra.brown.162@off-8.demo.com,Boston,MA,02101,USA
Thomas,Jones,AstraZeneca,Specialist,thomas.jones.163@off-8.demo.com,Seattle,WA,98101,USA
Patricia,Garcia,AstraZeneca,Coordinator,patricia.garcia.164@off-8.demo.com,Austin,TX,78701,USA
Christopher,Miller,AstraZeneca,Analyst,christopher.miller.165@off-8.demo.com,Chicago,IL,60601,USA
Linda,Davis,AstraZeneca,Manager,linda.davis.166@off-8.demo.com,Denver,CO,80202,USA
Matthew,Rodriguez,AstraZeneca,Director,matthew.rodriguez.167@off-8.demo.com,Miami,FL,33101,USA
Barbara,Martinez,AstraZeneca,VP,barbara.martinez.168@off-8.demo.com,Portland,OR,97201,USA
Mark,Hernandez,AstraZeneca,Engineer,mark.hernandez.169@off-8.demo.com,Atlanta,GA,30301,USA
Jessica,Lopez,Aviva,Coordinator,jessica.lopez.170@off-9.demo.com,Boston,MA,02101,USA
John,Gonzalez,Aviva,Analyst,john.gonzalez.171@off-9.demo.com,Seattle,WA,98101,USA
Karen,Wilson,Aviva,Manager,karen.wilson.172@off-9.demo.com,Austin,TX,78701,USA
Michael,Anderson,Aviva,Director,michael.anderson.173@off-9.demo.com,Chicago,IL,60601,USA
Nancy,Thomas,Aviva,VP,nancy.thomas.174@off-9.demo.com,Denver,CO,80202,USA
David,Taylor,Aviva,Engineer,david.taylor.175@off-9.demo.com,Miami,FL,33101,USA
Margaret,Moore,Aviva,Consultant,margaret.moore.176@off-9.demo.com,Portland,OR,97201,USA
Joseph,Jackson,Aviva,Specialist,joseph.jackson.177@off-9.demo.com,Atlanta,GA,30301,USA
Mary,Martin,Aviva,Coordinator,mary.martin.178@off-9.demo.com,Boston,MA,02101,USA
Charles,Lee,Aviva,Analyst,charles.lee.179@off-9.demo.com,Seattle,WA,98101,USA
Michael,Perez,Babcock International,Manager,michael.perez.180@off-10.demo.com,Austin,TX,78701,USA
Nancy,Thompson,Babcock International,Director,nancy.thompson.181@off-10.demo.com,Chicago,IL,60601,USA
David,White,Babcock International,VP,david.white.182@off-10.demo.com,Denver,CO,80202,USA
Margaret,Harris,Babcock International,Engineer,margaret.harris.183@off-10.demo.com,Miami,FL,33101,USA
Joseph,Sanchez,Babcock International,Consultant,joseph.sanchez.184@off-10.demo.com,Portland,OR,97201,USA
Mary,Clark,Babcock International,Specialist,mary.clark.185@off-10.demo.com,Atlanta,GA,30301,USA
Charles,Ramirez,Babcock International,Coordinator,charles.ramirez.186@off-10.demo.com,Boston,MA,02101,USA
Jennifer,Lewis,Babcock International,Analyst,jennifer.lewis.187@off-10.demo.com,Seattle,WA,98101,USA
Daniel,Robinson,Babcock International,Manager,daniel.robinson.188@off-10.demo.com,Austin,TX,78701,USA
Elizabeth,Smith,Babcock International,Director,elizabeth.smith.189@off-10.demo.com,Chicago,IL,60601,USA
Anthony,Johnson,BAE Systems,Manager,anthony.johnson.190@off-11.demo.com,Denver,CO,80202,USA
Susan,Williams,BAE Systems,Director,susan.williams.191@off-11.demo.com,Miami,FL,33101,USA
James,Brown,BAE Systems,VP,james.brown.192@off-11.demo.com,Portland,OR,97201,USA
Sarah,Jones,BAE Systems,Engineer,sarah.jones.193@off-11.demo.com,Atlanta,GA,30301,USA
Robert,Garcia,BAE Systems,Consultant,robert.garcia.194@off-11.demo.com,Boston,MA,02101,USA
Lisa,Miller,BAE Systems,Specialist,lisa.miller.195@off-11.demo.com,Seattle,WA,98101,USA
William,Davis,BAE Systems,Coordinator,william.davis.196@off-11.demo.com,Austin,TX,78701,USA
Betty,Rodriguez,BAE Systems,Analyst,betty.rodriguez.197@off-11.demo.com,Chicago,IL,60601,USA
Richard,Martinez,BAE Systems,Manager,richard.martinez.198@off-11.demo.com,Denver,CO,80202,USA
Sandra,Hernandez,BAE Systems,Director,sandra.hernandez.199@off-11.demo.com,Miami,FL,33101,USA
Thomas,Lopez,Barclays,Analyst,thomas.lopez.200@off-12.demo.com,Portland,OR,97201,USA
Patricia,Gonzalez,Barclays,Manager,patricia.gonzalez.201@off-12.demo.com,Atlanta,GA,30301,USA
Christopher,Wilson,Barclays,Director,christopher.wilson.202@off-12.demo.com,Boston,MA,02101,USA
Linda,Anderson,Barclays,VP,linda.anderson.203@off-12.demo.com,Seattle,WA,98101,USA
Matthew,Thomas,Barclays,Engineer,matthew.thomas.204@off-12.demo.com,Austin,TX,78701,USA
Barbara,Taylor,Barclays,Consultant,barbara.taylor.205@off-12.demo.com,Chicago,IL,60601,USA
Mark,Moore,Barclays,Specialist,mark.moore.206@off-12.demo.com,Denver,CO,80202,USA
Jessica,Jackson,Barclays,Coordinator,jessica.jackson.207@off-12.demo.com,Miami,FL,33101,USA
John,Martin,Barclays,Analyst,john.martin.208@off-12.demo.com,Portland,OR,97201,USA
Karen,Lee,Barclays,Manager,karen.lee.209@off-12.demo.com,Atlanta,GA,30301,USA
Michael,Perez,BG Group,Director,michael.perez.210@off-13.demo.com,Boston,MA,02101,USA
Nancy,Thompson,BG Group,VP,nancy.thompson.211@off-13.demo.com,Seattle,WA,98101,USA
David,White,BG Group,Engineer,david.white.212@off-13.demo.com,Austin,TX,78701,USA
Margaret,Harris,BG Group,Consultant,margaret.harris.213@off-13.demo.com,Chicago,IL,60601,USA
Joseph,Sanchez,BG Group,Specialist,joseph.sanchez.214@off-13.demo.com,Denver,CO,80202,USA
Mary,Clark,BG Group,Coordinator,mary.clark.215@off-13.demo.com,Miami,FL,33101,USA
Charles,Ramirez,BG Group,Analyst,charles.ramirez.216@off-13.demo.com,Portland,OR,97201,USA
Jennifer,Lewis,BG Group,Manager,jennifer.lewis.217@off-13.demo.com,Atlanta,GA,30301,USA
Daniel,Robinson,BG Group,Director,daniel.robinson.218@off-13.demo.com,Boston,MA,02101,USA
Elizabeth,Smith,BG Group,VP,elizabeth.smith.219@off-13.demo.com,Seattle,WA,98101,USA
Anthony,Johnson,BHP Billiton,Analyst,anthony.johnson.220@off-14.demo.com,Austin,TX,78701,USA
Susan,Williams,BHP Billiton,Manager,susan.williams.221@off-14.demo.com,Chicago,IL,60601,USA
James,Brown,BHP Billiton,Director,james.brown.222@off-14.demo.com,Denver,CO,80202,USA
Sarah,Jones,BHP Billiton,VP,sarah.jones.223@off-14.demo.com,Miami,FL,33101,USA
Robert,Garcia,BHP Billiton,Engineer,robert.garcia.224@off-14.demo.com,Portland,OR,97201,USA
Lisa,Miller,BHP Billiton,Consultant,lisa.miller.225@off-14.demo.com,Atlanta,GA,30301,USA
William,Davis,BHP Billiton,Specialist,william.davis.226@off-14.demo.com,Boston,MA,02101,USA
Betty,Rodriguez,BHP Billiton,Coordinator,betty.rodriguez.227@off-14.demo.com,Seattle,WA,98101,USA
Richard,Martinez,BHP Billiton,Analyst,richard.martinez.228@off-14.demo.com,Austin,TX,78701,USA
Sandra,Hernandez,BHP Billiton,Manager,sandra.hernandez.229@off-14.demo.com,Chicago,IL,60601,USA
Thomas,Lopez,British American Tobacco,Specialist,thomas.lopez.230@off-15.demo.com,Denver,CO,80202,USA
Patricia,Gonzalez,British American Tobacco,Coordinator,patricia.gonzalez.231@off-15.demo.com,Miami,FL,33101,USA
Christopher,Wilson,British American Tobacco,Analyst,christopher.wilson.232@off-15.demo.com,Portland,OR,97201,USA
Linda,Anderson,British American Tobacco,Manager,linda.anderson.233@off-15.demo.com,Atlanta,GA,30301,USA
Matthew,Thomas,British American Tobacco,Director,matthew.thomas.234@off-15.demo.com,Boston,MA,02101,USA
Barbara,Taylor,British American Tobacco,VP,barbara.taylor.235@off-15.demo.com,Seattle,WA,98101,USA
Mark,Moore,British American Tobacco,Engineer,mark.moore.236@off-15.demo.com,Austin,TX,78701,USA
Jessica,Jackson,British American Tobacco,Consultant,jessica.jackson.237@off-15.demo.com,Chicago,IL,60601,USA
John,Martin,British American Tobacco,Specialist,john.martin.238@off-15.demo.com,Denver,CO,80202,USA
Karen,Lee,British American Tobacco,Coordinator,karen.lee.239@off-15.demo.com,Miami,FL,33101,USA
Michael,Perez,British Land Co,Coordinator,michael.perez.240@off-16.demo.com,Portland,OR,97201,USA
Nancy,Thompson,British Land Co,Analyst,nancy.thompson.241@off-16.demo.com,Atlanta,GA,30301,USA
David,White,British Land Co,Manager,david.white.242@off-16.demo.com,Boston,MA,02101,USA
Margaret,Harris,British Land Co,Director,margaret.harris.243@off-16.demo.com,Seattle,WA,98101,USA
Joseph,Sanchez,British Land Co,VP,joseph.sanchez.244@off-16.demo.com,Austin,TX,78701,USA
Mary,Clark,British Land Co,Engineer,mary.clark.245@off-16.demo.com,Chicago,IL,60601,USA
Charles,Ramirez,British Land Co,Consultant,charles.ramirez.246@off-16.demo.com,Denver,CO,80202,USA
Jennifer,Lewis,British Land Co,Specialist,jennifer.lewis.247@off-16.demo.com,Miami,FL,33101,USA
Daniel,Robinson,British Land Co,Coordinator,daniel.robinson.248@off-16.demo.com,Portland,OR,97201,USA
Elizabeth,Smith,British Land Co,Analyst,elizabeth.smith.249@off-16.demo.com,Atlanta,GA,30301,USA
Anthony,Johnson,BSkyB,Coordinator,anthony.johnson.250@off-17.demo.com,Boston,MA,02101,USA
Susan,Williams,BSkyB,Analyst,susan.williams.251@off-17.demo.com,Seattle,WA,98101,USA
James,Brown,BSkyB,Manager,james.brown.252@off-17.demo.com,Austin,TX,78701,USA
Sarah,Jones,BSkyB,Director,sarah.jones.253@off-17.demo.com,Chicago,IL,60601,USA
Robert,Garcia,BSkyB,VP,robert.garcia.254@off-17.demo.com,Denver,CO,80202,USA
Lisa,Miller,BSkyB,Engineer,lisa.miller.255@off-17.demo.com,Miami,FL,33101,USA
William,Davis,BSkyB,Consultant,william.davis.256@off-17.demo.com,Portland,OR,97201,USA
Betty,Rodriguez,BSkyB,Specialist,betty.rodriguez.257@off-17.demo.com,Atlanta,GA,30301,USA
Richard,Martinez,BSkyB,Coordinator,richard.martinez.258@off-17.demo.com,Boston,MA,02101,USA
Sandra,Hernandez,BSkyB,Analyst,sandra.hernandez.259@off-17.demo.com,Seattle,WA,98101,USA
Thomas,Lopez,BT Group,Engineer,thomas.lopez.260@off-18.demo.com,Austin,TX,78701,USA
Patricia,Gonzalez,BT Group,Consultant,patricia.gonzalez.261@off-18.demo.com,Chicago,IL,60601,USA
Christopher,Wilson,BT Group,Specialist,christopher.wilson.262@off-18.demo.com,Denver,CO,80202,USA
Linda,Anderson,BT Group,Coordinator,linda.anderson.263@off-18.demo.com,Miami,FL,33101,USA
Matthew,Thomas,BT Group,Analyst,matthew.thomas.264@off-18.demo.com,Portland,OR,97201,USA
Barbara,Taylor,BT Group,Manager,barbara.taylor.265@off-18.demo.com,Atlanta,GA,30301,USA
Mark,Moore,BT Group,Director,mark.moore.266@off-18.demo.com,Boston,MA,02101,USA
Jessica,Jackson,BT Group,VP,jessica.jackson.267@off-18.demo.com,Seattle,WA,98101,USA
John,Martin,BT Group,Engineer,john.martin.268@off-18.demo.com,Austin,TX,78701,USA
Karen,Lee,BT Group,Consultant,karen.lee.269@off-18.demo.com,Chicago,IL,60601,USA
Michael,Perez,Bunzl,VP,michael.perez.270@off-19.demo.com,Denver,CO,80202,USA
Nancy,Thompson,Bunzl,Engineer,nancy.thompson.271@off-19.demo.com,Miami,FL,33101,USA
David,White,Bunzl,Consultant,david.white.272@off-19.demo.com,Portland,OR,97201,USA
Margaret,Harris,Bunzl,Specialist,margaret.harris.273@off-19.demo.com,Atlanta,GA,30301,USA
Joseph,Sanchez,Bunzl,Coordinator,joseph.sanchez.274@off-19.demo.com,Boston,MA,02101,USA
Mary,Clark,Bunzl,Analyst,mary.clark.275@off-19.demo.com,Seattle,WA,98101,USA
Charles,Ramirez,Bunzl,Manager,charles.ramirez.276@off-19.demo.com,Austin,TX,78701,USA
Jennifer,Lewis,Bunzl,Director,jennifer.lewis.277@off-19.demo.com,Chicago,IL,60601,USA
Daniel,Robinson,Bunzl,VP,daniel.robinson.278@off-19.demo.com,Denver,CO,80202,USA
Elizabeth,Smith,Bunzl,Engineer,elizabeth.smith.279@off-19.demo.com,Miami,FL,33101,USA
Anthony,Johnson,Burberry Group,Specialist,anthony.johnson.280@off-20.demo.com,Portland,OR,97201,USA
Susan,Williams,Burberry Group,Coordinator,susan.williams.281@off-20.demo.com,Atlanta,GA,30301,USA
James,Brown,Burberry Group,Analyst,james.brown.282@off-20.demo.com,Boston,MA,02101,USA
Sarah,Jones,Burberry Group,Manager,sarah.jones.283@off-20.demo.com,Seattle,WA,98101,USA
Robert,Garcia,Burberry Group,Director,robert.garcia.284@off-20.demo.com,Austin,TX,78701,USA
Lisa,Miller,Burberry Group,VP,lisa.miller.285@off-20.demo.com,Chicago,IL,60601,USA
William,Davis,Burberry Group,Engineer,william.davis.286@off-20.demo.com,Denver,CO,80202,USA
Betty,Rodriguez,Burberry Group,Consultant,betty.rodriguez.287@off-20.demo.com,Miami,FL,33101,USA
Richard,Martinez,Burberry Group,Specialist,richard.martinez.288@off-20.demo.com,Portland,OR,97201,USA
Sandra,Hernandez,Burberry Group,Coordinator,sandra.hernandez.289@off-20.demo.com,Atlanta,GA,30301,USA
Thomas,Lopez,Capita,Analyst,thomas.lopez.290@off-21.demo.com,Boston,MA,02101,USA
Patricia,Gonzalez,Capita,Manager,patricia.gonzalez.291@off-21.demo.com,Seattle,WA,98101,USA
Christopher,Wilson,Capita,Director,christopher.wilson.292@off-21.demo.com,Austin,TX,78701,USA
Linda,Anderson,Capita,VP,linda.anderson.293@off-21.demo.com,Chicago,IL,60601,USA
Matthew,Thomas,Capita,Engineer,matthew.thomas.294@off-21.demo.com,Denver,CO,80202,USA
Barbara,Taylor,Capita,Consultant,barbara.taylor.295@off-21.demo.com,Miami,FL,33101,USA
Mark,Moore,Capita,Specialist,mark.moore.296@off-21.demo.com,Portland,OR,97201,USA
Jessica,Jackson,Capita,Coordinator,jessica.jackson.297@off-21.demo.com,Atlanta,GA,30301,USA
John,Martin,Capita,Analyst,john.martin.298@off-21.demo.com,Boston,MA,02101,USA
Karen,Lee,Capita,Manager,karen.lee.299@off-21.demo.com,Seattle,WA,98101,USA
Michael,Perez,Carnival plc,Analyst,michael.perez.300@off-22.demo.com,Austin,TX,78701,USA
Nancy,Thompson,Carnival plc,Manager,nancy.thompson.301@off-22.demo.com,Chicago,IL,60601,USA
David,White,Carnival plc,Director,david.white.302@off-22.demo.com,Denver,CO,80202,USA
Margaret,Harris,Carnival plc,VP,margaret.harris.303@off-22.demo.com,Miami,FL,33101,USA
Joseph,Sanchez,Carnival plc,Engineer,joseph.sanchez.304@off-22.demo.com,Portland,OR,97201,USA
Mary,Clark,Carnival plc,Consultant,mary.clark.305@off-22.demo.com,Atlanta,GA,30301,USA
Charles,Ramirez,Carnival plc,Specialist,charles.ramirez.306@off-22.demo.com,Boston,MA,02101,USA
Jennifer,Lewis,Carnival plc,Coordinator,jennifer.lewis.307@off-22.demo.com,Seattle,WA,98101,USA
Daniel,Robinson,Carnival plc,Analyst,daniel.robinson.308@off-22.demo.com,Austin,TX,78701,USA
Elizabeth,Smith,Carnival plc,Manager,elizabeth.smith.309@off-22.demo.com,Chicago,IL,60601,USA
Anthony,Johnson,Centrica,Specialist,anthony.johnson.310@off-23.demo.com,Denver,CO,80202,USA
Susan,Williams,Centrica,Coordinator,susan.williams.311@off-23.demo.com,Miami,FL,33101,USA
James,Brown,Centrica,Analyst,james.brown.312@off-23.demo.com,Portland,OR,97201,USA
Sarah,Jones,Centrica,Manager,sarah.jones.313@off-23.demo.com,Atlanta,GA,30301,USA
Robert,Garcia,Centrica,Director,robert.garcia.314@off-23.demo.com,Boston,MA,02101,USA
Lisa,Miller,Centrica,VP,lisa.miller.315@off-23.demo.com,Seattle,WA,98101,USA
William,Davis,Centrica,Engineer,william.davis.316@off-23.demo.com,Austin,TX,78701,USA
Betty,Rodriguez,Centrica,Consultant,betty.rodriguez.317@off-23.demo.com,Chicago,IL,60601,USA
Richard,Martinez,Centrica,Specialist,richard.martinez.318@off-23.demo.com,Denver,CO,80202,USA
Sandra,Hernandez,Centrica,Coordinator,sandra.hernandez.319@off-23.demo.com,Miami,FL,33101,USA
Thomas,Lopez,Coca-Cola HBC AG,Analyst,thomas.lopez.320@off-24.demo.com,Portland,OR,97201,USA
Patricia,Gonzalez,Coca-Cola HBC AG,Manager,patricia.gonzalez.321@off-24.demo.com,Atlanta,GA,30301,USA
Christopher,Wilson,Coca-Cola HBC AG,Director,christopher.wilson.322@off-24.demo.com,Boston,MA,02101,USA
Linda,Anderson,Coca-Cola HBC AG,VP,linda.anderson.323@off-24.demo.com,Seattle,WA,98101,USA
Matthew,Thomas,Coca-Cola HBC AG,Engineer,matthew.thomas.324@off-24.demo.com,Austin,TX,78701,USA
Barbara,Taylor,Coca-Cola HBC AG,Consultant,barbara.taylor.325@off-24.demo.com,Chicago,IL,60601,USA
Mark,Moore,Coca-Cola HBC AG,Specialist,mark.moore.326@off-24.demo.com,Denver,CO,80202,USA
Jessica,Jackson,Coca-Cola HBC AG,Coordinator,jessica.jackson.327@off-24.demo.com,Miami,FL,33101,USA
John,Martin,Coca-Cola HBC AG,Analyst,john.martin.328@off-24.demo.com,Portland,OR,97201,USA
Karen,Lee,Coca-Cola HBC AG,Manager,karen.lee.329@off-24.demo.com,Atlanta,GA,30301,USA
Michael,Perez,Compass Group,Coordinator,michael.perez.330@off-25.demo.com,Boston,MA,02101,USA
Nancy,Thompson,Compass Group,Analyst,nancy.thompson.331@off-25.demo.com,Seattle,WA,98101,USA
David,White,Compass Group,Manager,david.white.332@off-25.demo.com,Austin,TX,78701,USA
Margaret,Harris,Compass Group,Director,margaret.harris.333@off-25.demo.com,Chicago,IL,60601,USA
Joseph,Sanchez,Compass Group,VP,joseph.sanchez.334@off-25.demo.com,Denver,CO,80202,USA
Mary,Clark,Compass Group,Engineer,mary.clark.335@off-25.demo.com,Miami,FL,33101,USA
Charles,Ramirez,Compass Group,Consultant,charles.ramirez.336@off-25.demo.com,Portland,OR,97201,USA
Jennifer,Lewis,Compass Group,Specialist,jennifer.lewis.337@off-25.demo.com,Atlanta,GA,30301,USA
Daniel,Robinson,Compass Group,Coordinator,daniel.robinson.338@off-25.demo.com,Boston,MA,02101,USA
Elizabeth,Smith,Compass Group,Analyst,elizabeth.smith.339@off-25.demo.com,Seattle,WA,98101,USA
Anthony,Johnson,Croda International,Coordinator,anthony.johnson.340@off-26.demo.com,Austin,TX,78701,USA
Susan,Williams,Croda International,Analyst,susan.williams.341@off-26.demo.com,Chicago,IL,60601,USA
James,Brown,Croda International,Manager,james.brown.342@off-26.demo.com,Denver,CO,80202,USA
Sarah,Jones,Croda International,Director,sarah.jones.343@off-26.demo.com,Miami,FL,33101,USA
Robert,Garcia,Croda International,VP,robert.garcia.344@off-26.demo.com,Portland,OR,97201,USA
Lisa,Miller,Croda International,Engineer,lisa.miller.345@off-26.demo.com,Atlanta,GA,30301,USA
William,Davis,Croda International,Consultant,william.davis.346@off-26.demo.com,Boston,MA,02101,USA
Betty,Rodriguez,Croda International,Specialist,betty.rodriguez.347@off-26.demo.com,Seattle,WA,98101,USA
Richard,Martinez,Croda International,Coordinator,richard.martinez.348@off-26.demo.com,Austin,TX,78701,USA
Sandra,Hernandez,Croda International,Analyst,sandra.hernandez.349@off-26.demo.com,Chicago,IL,60601,USA
Thomas,Lopez,Diageo,Engineer,thomas.lopez.350@off-27.demo.com,Denver,CO,80202,USA
Patricia,Gonzalez,Diageo,Consultant,patricia.gonzalez.351@off-27.demo.com,Miami,FL,33101,USA
Christopher,Wilson,Diageo,Specialist,christopher.wilson.352@off-27.demo.com,Portland,OR,97201,USA
Linda,Anderson,Diageo,Coordinator,linda.anderson.353@off-27.demo.com,Atlanta,GA,30301,USA
Matthew,Thomas,Diageo,Analyst,matthew.thomas.354@off-27.demo.com,Boston,MA,02101,USA
Barbara,Taylor,Diageo,Manager,barbara.taylor.355@off-27.demo.com,Seattle,WA,98101,USA
Mark,Moore,Diageo,Director,mark.moore.356@off-27.demo.com,Austin,TX,78701,USA
Jessica,Jackson,Diageo,VP,jessica.jackson.357@off-27.demo.com,Chicago,IL,60601,USA
John,Martin,Diageo,Engineer,john.martin.358@off-27.demo.com,Denver,CO,80202,USA
Karen,Lee,Diageo,Consultant,karen.lee.359@off-27.demo.com,Miami,FL,33101,USA
Michael,Perez,Eurasian Natural Resources,Director,michael.perez.360@off-28.demo.com,Portland,OR,97201,USA
Nancy,Thompson,Eurasian Natural Resources,VP,nancy.thompson.361@off-28.demo.com,Atlanta,GA,30301,USA
David,White,Eurasian Natural Resources,Engineer,david.white.362@off-28.demo.com,Boston,MA,02101,USA
Margaret,Harris,Eurasian Natural Resources,Consultant,margaret.harris.363@off-28.demo.com,Seattle,WA,98101,USA
Joseph,Sanchez,Eurasian Natural Resources,Specialist,joseph.sanchez.364@off-28.demo.com,Austin,TX,78701,USA
Mary,Clark,Eurasian Natural Resources,Coordinator,mary.clark.365@off-28.demo.com,Chicago,IL,60601,USA
Charles,Ramirez,Eurasian Natural Resources,Analyst,charles.ramirez.366@off-28.demo.com,Denver,CO,80202,USA
Jennifer,Lewis,Eurasian Natural Resources,Manager,jennifer.lewis.367@off-28.demo.com,Miami,FL,33101,USA
Daniel,Robinson,Eurasian Natural Resources,Director,daniel.robinson.368@off-28.demo.com,Portland,OR,97201,USA
Elizabeth,Smith,Eurasian Natural Resources,VP,elizabeth.smith.369@off-28.demo.com,Atlanta,GA,30301,USA
Anthony,Johnson,Evraz,Coordinator,anthony.johnson.370@off-29.demo.com,Boston,MA,02101,USA
Susan,Williams,Evraz,Analyst,susan.williams.371@off-29.demo.com,Seattle,WA,98101,USA
James,Brown,Evraz,Manager,james.brown.372@off-29.demo.com,Austin,TX,78701,USA
Sarah,Jones,Evraz,Director,sarah.jones.373@off-29.demo.com,Chicago,IL,60601,USA
Robert,Garcia,Evraz,VP,robert.garcia.374@off-29.demo.com,Denver,CO,80202,USA
Lisa,Miller,Evraz,Engineer,lisa.miller.375@off-29.demo.com,Miami,FL,33101,USA
William,Davis,Evraz,Consultant,william.davis.376@off-29.demo.com,Portland,OR,97201,USA
Betty,Rodriguez,Evraz,Specialist,betty.rodriguez.377@off-29.demo.com,Atlanta,GA,30301,USA
Richard,Martinez,Evraz,Coordinator,richard.martinez.378@off-29.demo.com,Boston,MA,02101,USA
Sandra,Hernandez,Evraz,Analyst,sandra.hernandez.379@off-29.demo.com,Seattle,WA,98101,USA
Thomas,Lopez,Experian,Engineer,thomas.lopez.380@off-30.demo.com,Austin,TX,78701,USA
Patricia,Gonzalez,Experian,Consultant,patricia.gonzalez.381@off-30.demo.com,Chicago,IL,60601,USA
Christopher,Wilson,Experian,Specialist,christopher.wilson.382@off-30.demo.com,Denver,CO,80202,USA
Linda,Anderson,Experian,Coordinator,linda.anderson.383@off-30.demo.com,Miami,FL,33101,USA
Matthew,Thomas,Experian,Analyst,matthew.thomas.384@off-30.demo.com,Portland,OR,97201,USA
Barbara,Taylor,Experian,Manager,barbara.taylor.385@off-30.demo.com,Atlanta,GA,30301,USA
Mark,Moore,Experian,Director,mark.moore.386@off-30.demo.com,Boston,MA,02101,USA
Jessica,Jackson,Experian,VP,jessica.jackson.387@off-30.demo.com,Seattle,WA,98101,USA
John,Martin,Experian,Engineer,john.martin.388@off-30.demo.com,Austin,TX,78701,USA
Karen,Lee,Experian,Consultant,karen.lee.389@off-30.demo.com,Chicago,IL,60601,USA
Michael,Perez,Fresnillo plc,VP,michael.perez.390@off-31.demo.com,Denver,CO,80202,USA
Nancy,Thompson,Fresnillo plc,Engineer,nancy.thompson.391@off-31.demo.com,Miami,FL,33101,USA
David,White,Fresnillo plc,Consultant,david.white.392@off-31.demo.com,Portland,OR,97201,USA
Margaret,Harris,Fresnillo plc,Specialist,margaret.harris.393@off-31.demo.com,Atlanta,GA,30301,USA
Joseph,Sanchez,Fresnillo plc,Coordinator,joseph.sanchez.394@off-31.demo.com,Boston,MA,02101,USA
Mary,Clark,Fresnillo plc,Analyst,mary.clark.395@off-31.demo.com,Seattle,WA,98101,USA
Charles,Ramirez,Fresnillo plc,Manager,charles.ramirez.396@off-31.demo.com,Austin,TX,78701,USA
Jennifer,Lewis,Fresnillo plc,Director,jennifer.lewis.397@off-31.demo.com,Chicago,IL,60601,USA
Daniel,Robinson,Fresnillo plc,VP,daniel.robinson.398@off-31.demo.com,Denver,CO,80202,USA
Elizabeth,Smith,Fresnillo plc,Engineer,elizabeth.smith.399@off-31.demo.com,Miami,FL,33101,USA
Anthony,Johnson,G4S,VP,anthony.johnson.400@off-32.demo.com,Portland,OR,97201,USA
Susan,Williams,G4S,Engineer,susan.williams.401@off-32.demo.com,Atlanta,GA,30301,USA
James,Brown,G4S,Consultant,james.brown.402@off-32.demo.com,Boston,MA,02101,USA
Sarah,Jones,G4S,Specialist,sarah.jones.403@off-32.demo.com,Seattle,WA,98101,USA
Robert,Garcia,G4S,Coordinator,robert.garcia.404@off-32.demo.com,Austin,TX,78701,USA
Lisa,Miller,G4S,Analyst,lisa.miller.405@off-32.demo.com,Chicago,IL,60601,USA
William,Davis,G4S,Manager,william.davis.406@off-32.demo.com,Denver,CO,80202,USA
Betty,Rodriguez,G4S,Director,betty.rodriguez.407@off-32.demo.com,Miami,FL,33101,USA
Richard,Martinez,G4S,VP,richard.martinez.408@off-32.demo.com,Portland,OR,97201,USA
Sandra,Hernandez,G4S,Engineer,sandra.hernandez.409@off-32.demo.com,Atlanta,GA,30301,USA
Thomas,Lopez,GKN,Consultant,thomas.lopez.410@off-33.demo.com,Boston,MA,02101,USA
Patricia,Gonzalez,GKN,Specialist,patricia.gonzalez.411@off-33.demo.com,Seattle,WA,98101,USA
Christopher,Wilson,GKN,Coordinator,christopher.wilson.412@off-33.demo.com,Austin,TX,78701,USA
Linda,Anderson,GKN,Analyst,linda.anderson.413@off-33.demo.com,Chicago,IL,60601,USA
Matthew,Thomas,GKN,Manager,matthew.thomas.414@off-33.demo.com,Denver,CO,80202,USA
Barbara,Taylor,GKN,Director,barbara.taylor.415@off-33.demo.com,Miami,FL,33101,USA
Mark,Moore,GKN,VP,mark.moore.416@off-33.demo.com,Portland,OR,97201,USA
Jessica,Jackson,GKN,Engineer,jessica.jackson.417@off-33.demo.com,Atlanta,GA,30301,USA
John,Martin,GKN,Consultant,john.martin.418@off-33.demo.com,Boston,MA,02101,USA
Karen,Lee,GKN,Specialist,karen.lee.419@off-33.demo.com,Seattle,WA,98101,USA
Michael,Perez,GlaxoSmithKline,VP,michael.perez.420@off-34.demo.com,Austin,TX,78701,USA
Nancy,Thompson,GlaxoSmithKline,Engineer,nancy.thompson.421@off-34.demo.com,Chicago,IL,60601,USA
David,White,GlaxoSmithKline,Consultant,david.white.422@off-34.demo.com,Denver,CO,80202,USA
Margaret,Harris,GlaxoSmithKline,Specialist,margaret.harris.423@off-34.demo.com,Miami,FL,33101,USA
Joseph,Sanchez,GlaxoSmithKline,Coordinator,joseph.sanchez.424@off-34.demo.com,Portland,OR,97201,USA
Mary,Clark,GlaxoSmithKline,Analyst,mary.clark.425@off-34.demo.com,Atlanta,GA,30301,USA
Charles,Ramirez,GlaxoSmithKline,Manager,charles.ramirez.426@off-34.demo.com,Boston,MA,02101,USA
Jennifer,Lewis,GlaxoSmithKline,Director,jennifer.lewis.427@off-34.demo.com,Seattle,WA,98101,USA
Daniel,Robinson,GlaxoSmithKline,VP,daniel.robinson.428@off-34.demo.com,Austin,TX,78701,USA
Elizabeth,Smith,GlaxoSmithKline,Engineer,elizabeth.smith.429@off-34.demo.com,Chicago,IL,60601,USA
Anthony,Johnson,Glencore International,Engineer,anthony.johnson.430@off-35.demo.com,Denver,CO,80202,USA
Susan,Williams,Glencore International,Consultant,susan.williams.431@off-35.demo.com,Miami,FL,33101,USA
James,Brown,Glencore International,Specialist,james.brown.432@off-35.demo.com,Portland,OR,97201,USA
Sarah,Jones,Glencore International,Coordinator,sarah.jones.433@off-35.demo.com,Atlanta,GA,30301,USA
Robert,Garcia,Glencore International,Analyst,robert.garcia.434@off-35.demo.com,Boston,MA,02101,USA
Lisa,Miller,Glencore International,Manager,lisa.miller.435@off-35.demo.com,Seattle,WA,98101,USA
William,Davis,Glencore International,Director,william.davis.436@off-35.demo.com,Austin,TX,78701,USA
Betty,Rodriguez,Glencore International,VP,betty.rodriguez.437@off-35.demo.com,Chicago,IL,60601,USA
Richard,Martinez,Glencore International,Engineer,richard.martinez.438@off-35.demo.com,Denver,CO,80202,USA
Sandra,Hernandez,Glencore International,Consultant,sandra.hernandez.439@off-35.demo.com,Miami,FL,33101,USA
Thomas,Lopez,Hammerson,Manager,thomas.lopez.440@off-36.demo.com,Portland,OR,97201,USA
Patricia,Gonzalez,Hammerson,Director,patricia.gonzalez.441@off-36.demo.com,Atlanta,GA,30301,USA
Christopher,Wilson,Hammerson,VP,christopher.wilson.442@off-36.demo.com,Boston,MA,02101,USA
Linda,Anderson,Hammerson,Engineer,linda.anderson.443@off-36.demo.com,Seattle,WA,98101,USA
Matthew,Thomas,Hammerson,Consultant,matthew.thomas.444@off-36.demo.com,Austin,TX,78701,USA
Barbara,Taylor,Hammerson,Specialist,barbara.taylor.445@off-36.demo.com,Chicago,IL,60601,USA
Mark,Moore,Hammerson,Coordinator,mark.moore.446@off-36.demo.com,Denver,CO,80202,USA
Jessica,Jackson,Hammerson,Analyst,jessica.jackson.447@off-36.demo.com,Miami,FL,33101,USA
John,Martin,Hammerson,Manager,john.martin.448@off-36.demo.com,Portland,OR,97201,USA
Karen,Lee,Hammerson,Director,karen.lee.449@off-36.demo.com,Atlanta,GA,30301,USA
Michael,Perez,Hargreaves Lansdown,Consultant,michael.perez.450@off-37.demo.com,Boston,MA,02101,USA
Nancy,Thompson,Hargreaves Lansdown,Specialist,nancy.thompson.451@off-37.demo.com,Seattle,WA,98101,USA
David,White,Hargreaves Lansdown,Coordinator,david.white.452@off-37.demo.com,Austin,TX,78701,USA
Margaret,Harris,Hargreaves Lansdown,Analyst,margaret.harris.453@off-37.demo.com,Chicago,IL,60601,USA
Joseph,Sanchez,Hargreaves Lansdown,Manager,joseph.sanchez.454@off-37.demo.com,Denver,CO,80202,USA
Mary,Clark,Hargreaves Lansdown,Director,mary.clark.455@off-37.demo.com,Miami,FL,33101,USA
Charles,Ramirez,Hargreaves Lansdown,VP,charles.ramirez.456@off-37.demo.com,Portland,OR,97201,USA
Jennifer,Lewis,Hargreaves Lansdown,Engineer,jennifer.lewis.457@off-37.demo.com,Atlanta,GA,30301,USA
Daniel,Robinson,Hargreaves Lansdown,Consultant,daniel.robinson.458@off-37.demo.com,Boston,MA,02101,USA
Elizabeth,Smith,Hargreaves Lansdown,Specialist,elizabeth.smith.459@off-37.demo.com,Seattle,WA,98101,USA
Anthony,Johnson,HSBC,Analyst,anthony.johnson.460@off-38.demo.com,Austin,TX,78701,USA
Susan,Williams,HSBC,Manager,susan.williams.461@off-38.demo.com,Chicago,IL,60601,USA
James,Brown,HSBC,Director,james.brown.462@off-38.demo.com,Denver,CO,80202,USA
Sarah,Jones,HSBC,VP,sarah.jones.463@off-38.demo.com,Miami,FL,33101,USA
Robert,Garcia,HSBC,Engineer,robert.garcia.464@off-38.demo.com,Portland,OR,97201,USA
Lisa,Miller,HSBC,Consultant,lisa.miller.465@off-38.demo.com,Atlanta,GA,30301,USA
William,Davis,HSBC,Specialist,william.davis.466@off-38.demo.com,Boston,MA,02101,USA
Betty,Rodriguez,HSBC,Coordinator,betty.rodriguez.467@off-38.demo.com,Seattle,WA,98101,USA
Richard,Martinez,HSBC,Analyst,richard.martinez.468@off-38.demo.com,Austin,TX,78701,USA
Sandra,Hernandez,HSBC,Manager,sandra.hernandez.469@off-38.demo.com,Chicago,IL,60601,USA
Thomas,Lopez,IMI plc,Consultant,thomas.lopez.470@off-39.demo.com,Denver,CO,80202,USA
Patricia,Gonzalez,IMI plc,Specialist,patricia.gonzalez.471@off-39.demo.com,Miami,FL,33101,USA
Christopher,Wilson,IMI plc,Coordinator,christopher.wilson.472@off-39.demo.com,Portland,OR,97201,USA
Linda,Anderson,IMI plc,Analyst,linda.anderson.473@off-39.demo.com,Atlanta,GA,30301,USA
Matthew,Thomas,IMI plc,Manager,matthew.thomas.474@off-39.demo.com,Boston,MA,02101,USA
Barbara,Taylor,IMI plc,Director,barbara.taylor.475@off-39.demo.com,Seattle,WA,98101,USA
Mark,Moore,IMI plc,VP,mark.moore.476@off-39.demo.com,Austin,TX,78701,USA
Jessica,Jackson,IMI plc,Engineer,jessica.jackson.477@off-39.demo.com,Chicago,IL,60601,USA
John,Martin,IMI plc,Consultant,john.martin.478@off-39.demo.com,Denver,CO,80202,USA
Karen,Lee,IMI plc,Specialist,karen.lee.479@off-39.demo.com,Miami,FL,33101,USA
Michael,Perez,Imperial Tobacco Group,Specialist,michael.perez.480@off-40.demo.com,Portland,OR,97201,USA
Nancy,Thompson,Imperial Tobacco Group,Coordinator,nancy.thompson.481@off-40.demo.com,Atlanta,GA,30301,USA
David,White,Imperial Tobacco Group,Analyst,david.white.482@off-40.demo.com,Boston,MA,02101,USA
Margaret,Harris,Imperial Tobacco Group,Manager,margaret.harris.483@off-40.demo.com,Seattle,WA,98101,USA
Joseph,Sanchez,Imperial Tobacco Group,Director,joseph.sanchez.484@off-40.demo.com,Austin,TX,78701,USA
Mary,Clark,Imperial Tobacco Group,VP,mary.clark.485@off-40.demo.com,Chicago,IL,60601,USA
Charles,Ramirez,Imperial Tobacco Group,Engineer,charles.ramirez.486@off-40.demo.com,Denver,CO,80202,USA
Jennifer,Lewis,Imperial Tobacco Group,Consultant,jennifer.lewis.487@off-40.demo.com,Miami,FL,33101,USA
Daniel,Robinson,Imperial Tobacco Group,Specialist,daniel.robinson.488@off-40.demo.com,Portland,OR,97201,USA
Elizabeth,Smith,Imperial Tobacco Group,Coordinator,elizabeth.smith.489@off-40.demo.com,Atlanta,GA,30301,USA
Anthony,Johnson,InterContinental Hotels Group,Coordinator,anthony.johnson.490@off-41.demo.com,Boston,MA,02101,USA
Susan,Williams,InterContinental Hotels Group,Analyst,susan.williams.491@off-41.demo.com,Seattle,WA,98101,USA
James,Brown,InterContinental Hotels Group,Manager,james.brown.492@off-41.demo.com,Austin,TX,78701,USA
Sarah,Jones,InterContinental Hotels Group,Director,sarah.jones.493@off-41.demo.com,Chicago,IL,60601,USA
Robert,Garcia,InterContinental Hotels Group,VP,robert.garcia.494@off-41.demo.com,Denver,CO,80202,USA
Lisa,Miller,InterContinental Hotels Group,Engineer,lisa.miller.495@off-41.demo.com,Miami,FL,33101,USA
William,Davis,InterContinental Hotels Group,Consultant,william.davis.496@off-41.demo.com,Portland,OR,97201,USA
Betty,Rodriguez,InterContinental Hotels Group,Specialist,betty.rodriguez.497@off-41.demo.com,Atlanta,GA,30301,USA
Richard,Martinez,InterContinental Hotels Group,Coordinator,richard.martinez.498@off-41.demo.com,Boston,MA,02101,USA
Sandra,Hernandez,InterContinental Hotels Group,Analyst,sandra.hernandez.499@off-41.demo.com,Seattle,WA,98101,USA
Thomas,Lopez,International Consolidated Airlines Group SA,Analyst,thomas.lopez.500@off-42.demo.com,Austin,TX,78701,USA
Patricia,Gonzalez,International Consolidated Airlines Group SA,Manager,patricia.gonzalez.501@off-42.demo.com,Chicago,IL,60601,USA
Christopher,Wilson,International Consolidated Airlines Group SA,Director,christopher.wilson.502@off-42.demo.com,Denver,CO,80202,USA
Linda,Anderson,International Consolidated Airlines Group SA,VP,linda.anderson.503@off-42.demo.com,Miami,FL,33101,USA
Matthew,Thomas,International Consolidated Airlines Group SA,Engineer,matthew.thomas.504@off-42.demo.com,Portland,OR,97201,USA
Barbara,Taylor,International Consolidated Airlines Group SA,Consultant,barbara.taylor.505@off-42.demo.com,Atlanta,GA,30301,USA
Mark,Moore,International Consolidated Airlines Group SA,Specialist,mark.moore.506@off-42.demo.com,Boston,MA,02101,USA
Jessica,Jackson,International Consolidated Airlines Group SA,Coordinator,jessica.jackson.507@off-42.demo.com,Seattle,WA,98101,USA
John,Martin,International Consolidated Airlines Group SA,Analyst,john.martin.508@off-42.demo.com,Austin,TX,78701,USA
Karen,Lee,International Consolidated Airlines Group SA,Manager,karen.lee.509@off-42.demo.com,Chicago,IL,60601,USA
Michael,Perez,Intertek Group,Engineer,michael.perez.510@off-43.demo.com,Denver,CO,80202,USA
Nancy,Thompson,Intertek Group,Consultant,nancy.thompson.511@off-43.demo.com,Miami,FL,33101,USA
David,White,Intertek Group,Specialist,david.white.512@off-43.demo.com,Portland,OR,97201,USA
Margaret,Harris,Intertek Group,Coordinator,margaret.harris.513@off-43.demo.com,Atlanta,GA,30301,USA
Joseph,Sanchez,Intertek Group,Analyst,joseph.sanchez.514@off-43.demo.com,Boston,MA,02101,USA
Mary,Clark,Intertek Group,Manager,mary.clark.515@off-43.demo.com,Seattle,WA,98101,USA
Charles,Ramirez,Intertek Group,Director,charles.ramirez.516@off-43.demo.com,Austin,TX,78701,USA
Jennifer,Lewis,Intertek Group,VP,jennifer.lewis.517@off-43.demo.com,Chicago,IL,60601,USA
Daniel,Robinson,Intertek Group,Engineer,daniel.robinson.518@off-43.demo.com,Denver,CO,80202,USA
Elizabeth,Smith,Intertek Group,Consultant,elizabeth.smith.519@off-43.demo.com,Miami,FL,33101,USA
Anthony,Johnson,ITV plc,Coordinator,anthony.johnson.520@off-44.demo.com,Portland,OR,97201,USA
Susan,Williams,ITV plc,Analyst,susan.williams.521@off-44.demo.com,Atlanta,GA,30301,USA
James,Brown,ITV plc,Manager,james.brown.522@off-44.demo.com,Boston,MA,02101,USA
Sarah,Jones,ITV plc,Director,sarah.jones.523@off-44.demo.com,Seattle,WA,98101,USA
Robert,Garcia,ITV plc,VP,robert.garcia.524@off-44.demo.com,Austin,TX,78701,USA
Lisa,Miller,ITV plc,Engineer,lisa.miller.525@off-44.demo.com,Chicago,IL,60601,USA
William,Davis,ITV plc,Consultant,william.davis.526@off-44.demo.com,Denver,CO,80202,USA
Betty,Rodriguez,ITV plc,Specialist,betty.rodriguez.527@off-44.demo.com,Miami,FL,33101,USA
Richard,Martinez,ITV plc,Coordinator,richard.martinez.528@off-44.demo.com,Portland,OR,97201,USA
Sandra,Hernandez,ITV plc,Analyst,sandra.hernandez.529@off-44.demo.com,Atlanta,GA,30301,USA
Thomas,Lopez,J Sainsbury plc,Manager,thomas.lopez.530@off-45.demo.com,Boston,MA,02101,USA
Patricia,Gonzalez,J Sainsbury plc,Director,patricia.gonzalez.531@off-45.demo.com,Seattle,WA,98101,USA
Christopher,Wilson,J Sainsbury plc,VP,christopher.wilson.532@off-45.demo.com,Austin,TX,78701,USA
Linda,Anderson,J Sainsbury plc,Engineer,linda.anderson.533@off-45.demo.com,Chicago,IL,60601,USA
Matthew,Thomas,J Sainsbury plc,Consultant,matthew.thomas.534@off-45.demo.com,Denver,CO,80202,USA
Barbara,Taylor,J Sainsbury plc,Specialist,barbara.taylor.535@off-45.demo.com,Miami,FL,33101,USA
Mark,Moore,J Sainsbury plc,Coordinator,mark.moore.536@off-45.demo.com,Portland,OR,97201,USA
Jessica,Jackson,J Sainsbury plc,Analyst,jessica.jackson.537@off-45.demo.com,Atlanta,GA,30301,USA
John,Martin,J Sainsbury plc,Manager,john.martin.538@off-45.demo.com,Boston,MA,02101,USA
Karen,Lee,J Sainsbury plc,Director,karen.lee.539@off-45.demo.com,Seattle,WA,98101,USA
Michael,Perez,Johnson Matthey,VP,michael.perez.540@off-46.demo.com,Austin,TX,78701,USA
Nancy,Thompson,Johnson Matthey,Engineer,nancy.thompson.541@off-46.demo.com,Chicago,IL,60601,USA
David,White,Johnson Matthey,Consultant,david.white.542@off-46.demo.com,Denver,CO,80202,USA
Margaret,Harris,Johnson Matthey,Specialist,margaret.harris.543@off-46.demo.com,Miami,FL,33101,USA
Joseph,Sanchez,Johnson Matthey,Coordinator,joseph.sanchez.544@off-46.demo.com,Portland,OR,97201,USA
Mary,Clark,Johnson Matthey,Analyst,mary.clark.545@off-46.demo.com,Atlanta,GA,30301,USA
Charles,Ramirez,Johnson Matthey,Manager,charles.ramirez.546@off-46.demo.com,Boston,MA,02101,USA
Jennifer,Lewis,Johnson Matthey,Director,jennifer.lewis.547@off-46.demo.com,Seattle,WA,98101,USA
Daniel,Robinson,Johnson Matthey,VP,daniel.robinson.548@off-46.demo.com,Austin,TX,78701,USA
Elizabeth,Smith,Johnson Matthey,Engineer,elizabeth.smith.549@off-46.demo.com,Chicago,IL,60601,USA
Anthony,Johnson,Kingfisher plc,Engineer,anthony.johnson.550@off-47.demo.com,Denver,CO,80202,USA
Susan,Williams,Kingfisher plc,Consultant,susan.williams.551@off-47.demo.com,Miami,FL,33101,USA
James,Brown,Kingfisher plc,Specialist,james.brown.552@off-47.demo.com,Portland,OR,97201,USA
Sarah,Jones,Kingfisher plc,Coordinator,sarah.jones.553@off-47.demo.com,Atlanta,GA,30301,USA
Robert,Garcia,Kingfisher plc,Analyst,robert.garcia.554@off-47.demo.com,Boston,MA,02101,USA
Lisa,Miller,Kingfisher plc,Manager,lisa.miller.555@off-47.demo.com,Seattle,WA,98101,USA
William,Davis,Kingfisher plc,Director,william.davis.556@off-47.demo.com,Austin,TX,78701,USA
Betty,Rodriguez,Kingfisher plc,VP,betty.rodriguez.557@off-47.demo.com,Chicago,IL,60601,USA
Richard,Martinez,Kingfisher plc,Engineer,richard.martinez.558@off-47.demo.com,Denver,CO,80202,USA
Sandra,Hernandez,Kingfisher plc,Consultant,sandra.hernandez.559@off-47.demo.com,Miami,FL,33101,USA
Thomas,Lopez,Land Securities Group,Consultant,thomas.lopez.560@off-48.demo.com,Portland,OR,97201,USA
Patricia,Gonzalez,Land Securities Group,Specialist,patricia.gonzalez.561@off-48.demo.com,Atlanta,GA,30301,USA
Christopher,Wilson,Land Securities Group,Coordinator,christopher.wilson.562@off-48.demo.com,Boston,MA,02101,USA
Linda,Anderson,Land Securities Group,Analyst,linda.anderson.563@off-48.demo.com,Seattle,WA,98101,USA
Matthew,Thomas,Land Securities Group,Manager,matthew.thomas.564@off-48.demo.com,Austin,TX,78701,USA
Barbara,Taylor,Land Securities Group,Director,barbara.taylor.565@off-48.demo.com,Chicago,IL,60601,USA
Mark,Moore,Land Securities Group,VP,mark.moore.566@off-48.demo.com,Denver,CO,80202,USA
Jessica,Jackson,Land Securities Group,Engineer,jessica.jackson.567@off-48.demo.com,Miami,FL,33101,USA
John,Martin,Land Securities Group,Consultant,john.martin.568@off-48.demo.com,Portland,OR,97201,USA
Karen,Lee,Land Securities Group,Specialist,karen.lee.569@off-48.demo.com,Atlanta,GA,30301,USA
Michael,Perez,Legal & General,Manager,michael.perez.570@off-49.demo.com,Boston,MA,02101,USA
Nancy,Thompson,Legal & General,Director,nancy.thompson.571@off-49.demo.com,Seattle,WA,98101,USA
David,White,Legal & General,VP,david.white.572@off-49.demo.com,Austin,TX,78701,USA
Margaret,Harris,Legal & General,Engineer,margaret.harris.573@off-49.demo.com,Chicago,IL,60601,USA
Joseph,Sanchez,Legal & General,Consultant,joseph.sanchez.574@off-49.demo.com,Denver,CO,80202,USA
Mary,Clark,Legal & General,Specialist,mary.clark.575@off-49.demo.com,Miami,FL,33101,USA
Charles,Ramirez,Legal & General,Coordinator,charles.ramirez.576@off-49.demo.com,Portland,OR,97201,USA
Jennifer,Lewis,Legal & General,Analyst,jennifer.lewis.577@off-49.demo.com,Atlanta,GA,30301,USA
Daniel,Robinson,Legal & General,Manager,daniel.robinson.578@off-49.demo.com,Boston,MA,02101,USA
Elizabeth,Smith,Legal & General,Director,elizabeth.smith.579@off-49.demo.com,Seattle,WA,98101,USA
Anthony,Johnson,Lloyds Banking Group,Analyst,anthony.johnson.580@off-50.demo.com,Austin,TX,78701,USA
Susan,Williams,Lloyds Banking Group,Manager,susan.williams.581@off-50.demo.com,Chicago,IL,60601,USA
James,Brown,Lloyds Banking Group,Director,james.brown.582@off-50.demo.com,Denver,CO,80202,USA
Sarah,Jones,Lloyds Banking Group,VP,sarah.jones.583@off-50.demo.com,Miami,FL,33101,USA
Robert,Garcia,Lloyds Banking Group,Engineer,robert.garcia.584@off-50.demo.com,Portland,OR,97201,USA
Lisa,Miller,Lloyds Banking Group,Consultant,lisa.miller.585@off-50.demo.com,Atlanta,GA,30301,USA
William,Davis,Lloyds Banking Group,Specialist,william.davis.586@off-50.demo.com,Boston,MA,02101,USA
Betty,Rodriguez,Lloyds Banking Group,Coordinator,betty.rodriguez.587@off-50.demo.com,Seattle,WA,98101,USA
Richard,Martinez,Lloyds Banking Group,Analyst,richard.martinez.588@off-50.demo.com,Austin,TX,78701,USA
Sandra,Hernandez,Lloyds Banking Group,Manager,sandra.hernandez.589@off-50.demo.com,Chicago,IL,60601,USA
Thomas,Lopez,Marks & Spencer Group,VP,thomas.lopez.590@off-51.demo.com,Denver,CO,80202,USA
Patricia,Gonzalez,Marks & Spencer Group,Engineer,patricia.gonzalez.591@off-51.demo.com,Miami,FL,33101,USA
Christopher,Wilson,Marks & Spencer Group,Consultant,christopher.wilson.592@off-51.demo.com,Portland,OR,97201,USA
Linda,Anderson,Marks & Spencer Group,Specialist,linda.anderson.593@off-51.demo.com,Atlanta,GA,30301,USA
Matthew,Thomas,Marks & Spencer Group,Coordinator,matthew.thomas.594@off-51.demo.com,Boston,MA,02101,USA
Barbara,Taylor,Marks & Spencer Group,Analyst,barbara.taylor.595@off-51.demo.com,Seattle,WA,98101,USA
Mark,Moore,Marks & Spencer Group,Manager,mark.moore.596@off-51.demo.com,Austin,TX,78701,USA
Jessica,Jackson,Marks & Spencer Group,Director,jessica.jackson.597@off-51.demo.com,Chicago,IL,60601,USA
John,Martin,Marks & Spencer Group,VP,john.martin.598@off-51.demo.com,Denver,CO,80202,USA
Karen,Lee,Marks & Spencer Group,Engineer,karen.lee.599@off-51.demo.com,Miami,FL,33101,USA
Michael,Perez,Meggitt,Coordinator,michael.perez.600@off-52.demo.com,Portland,OR,97201,USA
Nancy,Thompson,Meggitt,Analyst,nancy.thompson.601@off-52.demo.com,Atlanta,GA,30301,USA
David,White,Meggitt,Manager,david.white.602@off-52.demo.com,Boston,MA,02101,USA
Margaret,Harris,Meggitt,Director,margaret.harris.603@off-52.demo.com,Seattle,WA,98101,USA
Joseph,Sanchez,Meggitt,VP,joseph.sanchez.604@off-52.demo.com,Austin,TX,78701,USA
Mary,Clark,Meggitt,Engineer,mary.clark.605@off-52.demo.com,Chicago,IL,60601,USA
Charles,Ramirez,Meggitt,Consultant,charles.ramirez.606@off-52.demo.com,Denver,CO,80202,USA
Jennifer,Lewis,Meggitt,Specialist,jennifer.lewis.607@off-52.demo.com,Miami,FL,33101,USA
Daniel,Robinson,Meggitt,Coordinator,daniel.robinson.608@off-52.demo.com,Portland,OR,97201,USA
Elizabeth,Smith,Meggitt,Analyst,elizabeth.smith.609@off-52.demo.com,Atlanta,GA,30301,USA
Anthony,Johnson,Melrose plc,Consultant,anthony.johnson.610@off-53.demo.com,Boston,MA,02101,USA
Susan,Williams,Melrose plc,Specialist,susan.williams.611@off-53.demo.com,Seattle,WA,98101,USA
James,Brown,Melrose plc,Coordinator,james.brown.612@off-53.demo.com,Austin,TX,78701,USA
Sarah,Jones,Melrose plc,Analyst,sarah.jones.613@off-53.demo.com,Chicago,IL,60601,USA
Robert,Garcia,Melrose plc,Manager,robert.garcia.614@off-53.demo.com,Denver,CO,80202,USA
Lisa,Miller,Melrose plc,Director,lisa.miller.615@off-53.demo.com,Miami,FL,33101,USA
William,Davis,Melrose plc,VP,william.davis.616@off-53.demo.com,Portland,OR,97201,USA
Betty,Rodriguez,Melrose plc,Engineer,betty.rodriguez.617@off-53.demo.com,Atlanta,GA,30301,USA
Richard,Martinez,Melrose plc,Consultant,richard.martinez.618@off-53.demo.com,Boston,MA,02101,USA
Sandra,Hernandez,Melrose plc,Specialist,sandra.hernandez.619@off-53.demo.com,Seattle,WA,98101,USA
Thomas,Lopez,Morrison Supermarkets,Manager,thomas.lopez.620@off-54.demo.com,Austin,TX,78701,USA
Patricia,Gonzalez,Morrison Supermarkets,Director,patricia.gonzalez.621@off-54.demo.com,Chicago,IL,60601,USA
Christopher,Wilson,Morrison Supermarkets,VP,christopher.wilson.622@off-54.demo.com,Denver,CO,80202,USA
Linda,Anderson,Morrison Supermarkets,Engineer,linda.anderson.623@off-54.demo.com,Miami,FL,33101,USA
Matthew,Thomas,Morrison Supermarkets,Consultant,matthew.thomas.624@off-54.demo.com,Portland,OR,97201,USA
Barbara,Taylor,Morrison Supermarkets,Specialist,barbara.taylor.625@off-54.demo.com,Atlanta,GA,30301,USA
Mark,Moore,Morrison Supermarkets,Coordinator,mark.moore.626@off-54.demo.com,Boston,MA,02101,USA
Jessica,Jackson,Morrison Supermarkets,Analyst,jessica.jackson.627@off-54.demo.com,Seattle,WA,98101,USA
John,Martin,Morrison Supermarkets,Manager,john.martin.628@off-54.demo.com,Austin,TX,78701,USA
Karen,Lee,Morrison Supermarkets,Director,karen.lee.629@off-54.demo.com,Chicago,IL,60601,USA
Michael,Perez,National Grid plc,Coordinator,michael.perez.630@off-55.demo.com,Denver,CO,80202,USA
Nancy,Thompson,National Grid plc,Analyst,nancy.thompson.631@off-55.demo.com,Miami,FL,33101,USA
David,White,National Grid plc,Manager,david.white.632@off-55.demo.com,Portland,OR,97201,USA
Margaret,Harris,National Grid plc,Director,margaret.harris.633@off-55.demo.com,Atlanta,GA,30301,USA
Joseph,Sanchez,National Grid plc,VP,joseph.sanchez.634@off-55.demo.com,Boston,MA,02101,USA
Mary,Clark,National Grid plc,Engineer,mary.clark.635@off-55.demo.com,Seattle,WA,98101,USA
Charles,Ramirez,National Grid plc,Consultant,charles.ramirez.636@off-55.demo.com,Austin,TX,78701,USA
Jennifer,Lewis,National Grid plc,Specialist,jennifer.lewis.637@off-55.demo.com,Chicago,IL,60601,USA
Daniel,Robinson,National Grid plc,Coordinator,daniel.robinson.638@off-55.demo.com,Denver,CO,80202,USA
Elizabeth,Smith,National Grid plc,Analyst,elizabeth.smith.639@off-55.demo.com,Miami,FL,33101,USA
Anthony,Johnson,Next plc,Analyst,anthony.johnson.640@off-56.demo.com,Portland,OR,97201,USA
Susan,Williams,Next plc,Manager,susan.williams.641@off-56.demo.com,Atlanta,GA,30301,USA
James,Brown,Next plc,Director,james.brown.642@off-56.demo.com,Boston,MA,02101,USA
Sarah,Jones,Next plc,VP,sarah.jones.643@off-56.demo.com,Seattle,WA,98101,USA
Robert,Garcia,Next plc,Engineer,robert.garcia.644@off-56.demo.com,Austin,TX,78701,USA
Lisa,Miller,Next plc,Consultant,lisa.miller.645@off-56.demo.com,Chicago,IL,60601,USA
William,Davis,Next plc,Specialist,william.davis.646@off-56.demo.com,Denver,CO,80202,USA
Betty,Rodriguez,Next plc,Coordinator,betty.rodriguez.647@off-56.demo.com,Miami,FL,33101,USA
Richard,Martinez,Next plc,Analyst,richard.martinez.648@off-56.demo.com,Portland,OR,97201,USA
Sandra,Hernandez,Next plc,Manager,sandra.hernandez.649@off-56.demo.com,Atlanta,GA,30301,USA
Thomas,Lopez,Old Mutual,Engineer,thomas.lopez.650@off-57.demo.com,Boston,MA,02101,USA
Patricia,Gonzalez,Old Mutual,Consultant,patricia.gonzalez.651@off-57.demo.com,Seattle,WA,98101,USA
Christopher,Wilson,Old Mutual,Specialist,christopher.wilson.652@off-57.demo.com,Austin,TX,78701,USA
Linda,Anderson,Old Mutual,Coordinator,linda.anderson.653@off-57.demo.com,Chicago,IL,60601,USA
Matthew,Thomas,Old Mutual,Analyst,matthew.thomas.654@off-57.demo.com,Denver,CO,80202,USA
Barbara,Taylor,Old Mutual,Manager,barbara.taylor.655@off-57.demo.com,Miami,FL,33101,USA
Mark,Moore,Old Mutual,Director,mark.moore.656@off-57.demo.com,Portland,OR,97201,USA
Jessica,Jackson,Old Mutual,VP,jessica.jackson.657@off-57.demo.com,Atlanta,GA,30301,USA
John,Martin,Old Mutual,Engineer,john.martin.658@off-57.demo.com,Boston,MA,02101,USA
Karen,Lee,Old Mutual,Consultant,karen.lee.659@off-57.demo.com,Seattle,WA,98101,USA
Michael,Perez,Pearson plc,Coordinator,michael.perez.660@off-58.demo.com,Austin,TX,78701,USA
Nancy,Thompson,Pearson plc,Analyst,nancy.thompson.661@off-58.demo.com,Chicago,IL,60601,USA
David,White,Pearson plc,Manager,david.white.662@off-58.demo.com,Denver,CO,80202,USA
Margaret,Harris,Pearson plc,Director,margaret.harris.663@off-58.demo.com,Miami,FL,33101,USA
Joseph,Sanchez,Pearson plc,VP,joseph.sanchez.664@off-58.demo.com,Portland,OR,97201,USA
Mary,Clark,Pearson plc,Engineer,mary.clark.665@off-58.demo.com,Atlanta,GA,30301,USA
Charles,Ramirez,Pearson plc,Consultant,charles.ramirez.666@off-58.demo.com,Boston,MA,02101,USA
Jennifer,Lewis,Pearson plc,Specialist,jennifer.lewis.667@off-58.demo.com,Seattle,WA,98101,USA
Daniel,Robinson,Pearson plc,Coordinator,daniel.robinson.668@off-58.demo.com,Austin,TX,78701,USA
Elizabeth,Smith,Pearson plc,Analyst,elizabeth.smith.669@off-58.demo.com,Chicago,IL,60601,USA
Anthony,Johnson,Petrofac,Specialist,anthony.johnson.670@off-59.demo.com,Denver,CO,80202,USA
Susan,Williams,Petrofac,Coordinator,susan.williams.671@off-59.demo.com,Miami,FL,33101,USA
James,Brown,Petrofac,Analyst,james.brown.672@off-59.demo.com,Portland,OR,97201,USA
Sarah,Jones,Petrofac,Manager,sarah.jones.673@off-59.demo.com,Atlanta,GA,30301,USA
Robert,Garcia,Petrofac,Director,robert.garcia.674@off-59.demo.com,Boston,MA,02101,USA
Lisa,Miller,Petrofac,VP,lisa.miller.675@off-59.demo.com,Seattle,WA,98101,USA
William,Davis,Petrofac,Engineer,william.davis.676@off-59.demo.com,Austin,TX,78701,USA
Betty,Rodriguez,Petrofac,Consultant,betty.rodriguez.677@off-59.demo.com,Chicago,IL,60601,USA
Richard,Martinez,Petrofac,Specialist,richard.martinez.678@off-59.demo.com,Denver,CO,80202,USA
Sandra,Hernandez,Petrofac,Coordinator,sandra.hernandez.679@off-59.demo.com,Miami,FL,33101,USA
Thomas,Lopez,Prudential plc,Specialist,thomas.lopez.680@off-60.demo.com,Portland,OR,97201,USA
Patricia,Gonzalez,Prudential plc,Coordinator,patricia.gonzalez.681@off-60.demo.com,Atlanta,GA,30301,USA
Christopher,Wilson,Prudential plc,Analyst,christopher.wilson.682@off-60.demo.com,Boston,MA,02101,USA
Linda,Anderson,Prudential plc,Manager,linda.anderson.683@off-60.demo.com,Seattle,WA,98101,USA
Matthew,Thomas,Prudential plc,Director,matthew.thomas.684@off-60.demo.com,Austin,TX,78701,USA
Barbara,Taylor,Prudential plc,VP,barbara.taylor.685@off-60.demo.com,Chicago,IL,60601,USA
Mark,Moore,Prudential plc,Engineer,mark.moore.686@off-60.demo.com,Denver,CO,80202,USA
Jessica,Jackson,Prudential plc,Consultant,jessica.jackson.687@off-60.demo.com,Miami,FL,33101,USA
John,Martin,Prudential plc,Specialist,john.martin.688@off-60.demo.com,Portland,OR,97201,USA
Karen,Lee,Prudential plc,Coordinator,karen.lee.689@off-60.demo.com,Atlanta,GA,30301,USA
Michael,Perez,Randgold Resources,Engineer,michael.perez.690@off-61.demo.com,Boston,MA,02101,USA
Nancy,Thompson,Randgold Resources,Consultant,nancy.thompson.691@off-61.demo.com,Seattle,WA,98101,USA
David,White,Randgold Resources,Specialist,david.white.692@off-61.demo.com,Austin,TX,78701,USA
Margaret,Harris,Randgold Resources,Coordinator,margaret.harris.693@off-61.demo.com,Chicago,IL,60601,USA
Joseph,Sanchez,Randgold Resources,Analyst,joseph.sanchez.694@off-61.demo.com,Denver,CO,80202,USA
Mary,Clark,Randgold Resources,Manager,mary.clark.695@off-61.demo.com,Miami,FL,33101,USA
Charles,Ramirez,Randgold Resources,Director,charles.ramirez.696@off-61.demo.com,Portland,OR,97201,USA
Jennifer,Lewis,Randgold Resources,VP,jennifer.lewis.697@off-61.demo.com,Atlanta,GA,30301,USA
Daniel,Robinson,Randgold Resources,Engineer,daniel.robinson.698@off-61.demo.com,Boston,MA,02101,USA
Elizabeth,Smith,Randgold Resources,Consultant,elizabeth.smith.699@off-61.demo.com,Seattle,WA,98101,USA
Anthony,Johnson,Reckitt Benckiser,Consultant,anthony.johnson.700@off-62.demo.com,Austin,TX,78701,USA
Susan,Williams,Reckitt Benckiser,Specialist,susan.williams.701@off-62.demo.com,Chicago,IL,60601,USA
James,Brown,Reckitt Benckiser,Coordinator,james.brown.702@off-62.demo.com,Denver,CO,80202,USA
Sarah,Jones,Reckitt Benckiser,Analyst,sarah.jones.703@off-62.demo.com,Miami,FL,33101,USA
Robert,Garcia,Reckitt Benckiser,Manager,robert.garcia.704@off-62.demo.com,Portland,OR,97201,USA
Lisa,Miller,Reckitt Benckiser,Director,lisa.miller.705@off-62.demo.com,Atlanta,GA,30301,USA
William,Davis,Reckitt Benckiser,VP,william.davis.706@off-62.demo.com,Boston,MA,02101,USA
Betty,Rodriguez,Reckitt Benckiser,Engineer,betty.rodriguez.707@off-62.demo.com,Seattle,WA,98101,USA
Richard,Martinez,Reckitt Benckiser,Consultant,richard.martinez.708@off-62.demo.com,Austin,TX,78701,USA
Sandra,Hernandez,Reckitt Benckiser,Specialist,sandra.hernandez.709@off-62.demo.com,Chicago,IL,60601,USA
Thomas,Lopez,Reed Elsevier,VP,thomas.lopez.710@off-63.demo.com,Denver,CO,80202,USA
Patricia,Gonzalez,Reed Elsevier,Engineer,patricia.gonzalez.711@off-63.demo.com,Miami,FL,33101,USA
Christopher,Wilson,Reed Elsevier,Consultant,christopher.wilson.712@off-63.demo.com,Portland,OR,97201,USA
Linda,Anderson,Reed Elsevier,Specialist,linda.anderson.713@off-63.demo.com,Atlanta,GA,30301,USA
Matthew,Thomas,Reed Elsevier,Coordinator,matthew.thomas.714@off-63.demo.com,Boston,MA,02101,USA
Barbara,Taylor,Reed Elsevier,Analyst,barbara.taylor.715@off-63.demo.com,Seattle,WA,98101,USA
Mark,Moore,Reed Elsevier,Manager,mark.moore.716@off-63.demo.com,Austin,TX,78701,USA
Jessica,Jackson,Reed Elsevier,Director,jessica.jackson.717@off-63.demo.com,Chicago,IL,60601,USA
John,Martin,Reed Elsevier,VP,john.martin.718@off-63.demo.com,Denver,CO,80202,USA
Karen,Lee,Reed Elsevier,Engineer,karen.lee.719@off-63.demo.com,Miami,FL,33101,USA
Michael,Perez,Friends Life Group,Director,michael.perez.720@off-64.demo.com,Portland,OR,97201,USA
Nancy,Thompson,Friends Life Group,VP,nancy.thompson.721@off-64.demo.com,Atlanta,GA,30301,USA
David,White,Friends Life Group,Engineer,david.white.722@off-64.demo.com,Boston,MA,02101,USA
Margaret,Harris,Friends Life Group,Consultant,margaret.harris.723@off-64.demo.com,Seattle,WA,98101,USA
Joseph,Sanchez,Friends Life Group,Specialist,joseph.sanchez.724@off-64.demo.com,Austin,TX,78701,USA
Mary,Clark,Friends Life Group,Coordinator,mary.clark.725@off-64.demo.com,Chicago,IL,60601,USA
Charles,Ramirez,Friends Life Group,Analyst,charles.ramirez.726@off-64.demo.com,Denver,CO,80202,USA
Jennifer,Lewis,Friends Life Group,Manager,jennifer.lewis.727@off-64.demo.com,Miami,FL,33101,USA
Daniel,Robinson,Friends Life Group,Director,daniel.robinson.728@off-64.demo.com,Portland,OR,97201,USA
Elizabeth,Smith,Friends Life Group,VP,elizabeth.smith.729@off-64.demo.com,Atlanta,GA,30301,USA
Anthony,Johnson,Rexam,Coordinator,anthony.johnson.730@off-65.demo.com,Boston,MA,02101,USA
Susan,Williams,Rexam,Analyst,susan.williams.731@off-65.demo.com,Seattle,WA,98101,USA
James,Brown,Rexam,Manager,james.brown.732@off-65.demo.com,Austin,TX,78701,USA
Sarah,Jones,Rexam,Director,sarah.jones.733@off-65.demo.com,Chicago,IL,60601,USA
Robert,Garcia,Rexam,VP,robert.garcia.734@off-65.demo.com,Denver,CO,80202,USA
Lisa,Miller,Rexam,Engineer,lisa.miller.735@off-65.demo.com,Miami,FL,33101,USA
William,Davis,Rexam,Consultant,william.davis.736@off-65.demo.com,Portland,OR,97201,USA
Betty,Rodriguez,Rexam,Specialist,betty.rodriguez.737@off-65.demo.com,Atlanta,GA,30301,USA
Richard,Martinez,Rexam,Coordinator,richard.martinez.738@off-65.demo.com,Boston,MA,02101,USA
Sandra,Hernandez,Rexam,Analyst,sandra.hernandez.739@off-65.demo.com,Seattle,WA,98101,USA
Thomas,Lopez,Rio Tinto Group,VP,thomas.lopez.740@off-66.demo.com,Austin,TX,78701,USA
Patricia,Gonzalez,Rio Tinto Group,Engineer,patricia.gonzalez.741@off-66.demo.com,Chicago,IL,60601,USA
Christopher,Wilson,Rio Tinto Group,Consultant,christopher.wilson.742@off-66.demo.com,Denver,CO,80202,USA
Linda,Anderson,Rio Tinto Group,Specialist,linda.anderson.743@off-66.demo.com,Miami,FL,33101,USA
Matthew,Thomas,Rio Tinto Group,Coordinator,matthew.thomas.744@off-66.demo.com,Portland,OR,97201,USA
Barbara,Taylor,Rio Tinto Group,Analyst,barbara.taylor.745@off-66.demo.com,Atlanta,GA,30301,USA
Mark,Moore,Rio Tinto Group,Manager,mark.moore.746@off-66.demo.com,Boston,MA,02101,USA
Jessica,Jackson,Rio Tinto Group,Director,jessica.jackson.747@off-66.demo.com,Seattle,WA,98101,USA
John,Martin,Rio Tinto Group,VP,john.martin.748@off-66.demo.com,Austin,TX,78701,USA
Karen,Lee,Rio Tinto Group,Engineer,karen.lee.749@off-66.demo.com,Chicago,IL,60601,USA
Michael,Perez,Rolls-Royce Group,Coordinator,michael.perez.750@off-67.demo.com,Denver,CO,80202,USA
Nancy,Thompson,Rolls-Royce Group,Analyst,nancy.thompson.751@off-67.demo.com,Miami,FL,33101,USA
David,White,Rolls-Royce Group,Manager,david.white.752@off-67.demo.com,Portland,OR,97201,USA
Margaret,Harris,Rolls-Royce Group,Director,margaret.harris.753@off-67.demo.com,Atlanta,GA,30301,USA
Joseph,Sanchez,Rolls-Royce Group,VP,joseph.sanchez.754@off-67.demo.com,Boston,MA,02101,USA
Mary,Clark,Rolls-Royce Group,Engineer,mary.clark.755@off-67.demo.com,Seattle,WA,98101,USA
Charles,Ramirez,Rolls-Royce Group,Consultant,charles.ramirez.756@off-67.demo.com,Austin,TX,78701,USA
Jennifer,Lewis,Rolls-Royce Group,Specialist,jennifer.lewis.757@off-67.demo.com,Chicago,IL,60601,USA
Daniel,Robinson,Rolls-Royce Group,Coordinator,daniel.robinson.758@off-67.demo.com,Denver,CO,80202,USA
Elizabeth,Smith,Rolls-Royce Group,Analyst,elizabeth.smith.759@off-67.demo.com,Miami,FL,33101,USA
Anthony,Johnson,Royal Bank of Scotland Group,Engineer,anthony.johnson.760@off-68.demo.com,Portland,OR,97201,USA
Susan,Williams,Royal Bank of Scotland Group,Consultant,susan.williams.761@off-68.demo.com,Atlanta,GA,30301,USA
James,Brown,Royal Bank of Scotland Group,Specialist,james.brown.762@off-68.demo.com,Boston,MA,02101,USA
Sarah,Jones,Royal Bank of Scotland Group,Coordinator,sarah.jones.763@off-68.demo.com,Seattle,WA,98101,USA
Robert,Garcia,Royal Bank of Scotland Group,Analyst,robert.garcia.764@off-68.demo.com,Austin,TX,78701,USA
Lisa,Miller,Royal Bank of Scotland Group,Manager,lisa.miller.765@off-68.demo.com,Chicago,IL,60601,USA
William,Davis,Royal Bank of Scotland Group,Director,william.davis.766@off-68.demo.com,Denver,CO,80202,USA
Betty,Rodriguez,Royal Bank of Scotland Group,VP,betty.rodriguez.767@off-68.demo.com,Miami,FL,33101,USA
Richard,Martinez,Royal Bank of Scotland Group,Engineer,richard.martinez.768@off-68.demo.com,Portland,OR,97201,USA
Sandra,Hernandez,Royal Bank of Scotland Group,Consultant,sandra.hernandez.769@off-68.demo.com,Atlanta,GA,30301,USA
Thomas,Lopez,Royal Dutch Shell,VP,thomas.lopez.770@off-69.demo.com,Boston,MA,02101,USA
Patricia,Gonzalez,Royal Dutch Shell,Engineer,patricia.gonzalez.771@off-69.demo.com,Seattle,WA,98101,USA
Christopher,Wilson,Royal Dutch Shell,Consultant,christopher.wilson.772@off-69.demo.com,Austin,TX,78701,USA
Linda,Anderson,Royal Dutch Shell,Specialist,linda.anderson.773@off-69.demo.com,Chicago,IL,60601,USA
Matthew,Thomas,Royal Dutch Shell,Coordinator,matthew.thomas.774@off-69.demo.com,Denver,CO,80202,USA
Barbara,Taylor,Royal Dutch Shell,Analyst,barbara.taylor.775@off-69.demo.com,Miami,FL,33101,USA
Mark,Moore,Royal Dutch Shell,Manager,mark.moore.776@off-69.demo.com,Portland,OR,97201,USA
Jessica,Jackson,Royal Dutch Shell,Director,jessica.jackson.777@off-69.demo.com,Atlanta,GA,30301,USA
John,Martin,Royal Dutch Shell,VP,john.martin.778@off-69.demo.com,Boston,MA,02101,USA
Karen,Lee,Royal Dutch Shell,Engineer,karen.lee.779@off-69.demo.com,Seattle,WA,98101,USA
Michael,Perez,RSA Insurance Group,Coordinator,michael.perez.780@off-70.demo.com,Austin,TX,78701,USA
Nancy,Thompson,RSA Insurance Group,Analyst,nancy.thompson.781@off-70.demo.com,Chicago,IL,60601,USA
David,White,RSA Insurance Group,Manager,david.white.782@off-70.demo.com,Denver,CO,80202,USA
Margaret,Harris,RSA Insurance Group,Director,margaret.harris.783@off-70.demo.com,Miami,FL,33101,USA
Joseph,Sanchez,RSA Insurance Group,VP,joseph.sanchez.784@off-70.demo.com,Portland,OR,97201,USA
Mary,Clark,RSA Insurance Group,Engineer,mary.clark.785@off-70.demo.com,Atlanta,GA,30301,USA
Charles,Ramirez,RSA Insurance Group,Consultant,charles.ramirez.786@off-70.demo.com,Boston,MA,02101,USA
Jennifer,Lewis,RSA Insurance Group,Specialist,jennifer.lewis.787@off-70.demo.com,Seattle,WA,98101,USA
Daniel,Robinson,RSA Insurance Group,Coordinator,daniel.robinson.788@off-70.demo.com,Austin,TX,78701,USA
Elizabeth,Smith,RSA Insurance Group,Analyst,elizabeth.smith.789@off-70.demo.com,Chicago,IL,60601,USA
Anthony,Johnson,SABMiller,Coordinator,anthony.johnson.790@off-71.demo.com,Denver,CO,80202,USA
Susan,Williams,SABMiller,Analyst,susan.williams.791@off-71.demo.com,Miami,FL,33101,USA
James,Brown,SABMiller,Manager,james.brown.792@off-71.demo.com,Portland,OR,97201,USA
Sarah,Jones,SABMiller,Director,sarah.jones.793@off-71.demo.com,Atlanta,GA,30301,USA
Robert,Garcia,SABMiller,VP,robert.garcia.794@off-71.demo.com,Boston,MA,02101,USA
Lisa,Miller,SABMiller,Engineer,lisa.miller.795@off-71.demo.com,Seattle,WA,98101,USA
William,Davis,SABMiller,Consultant,william.davis.796@off-71.demo.com,Austin,TX,78701,USA
Betty,Rodriguez,SABMiller,Specialist,betty.rodriguez.797@off-71.demo.com,Chicago,IL,60601,USA
Richard,Martinez,SABMiller,Coordinator,richard.martinez.798@off-71.demo.com,Denver,CO,80202,USA
Sandra,Hernandez,SABMiller,Analyst,sandra.hernandez.799@off-71.demo.com,Miami,FL,33101,USA
Thomas,Lopez,Sage Group,Director,thomas.lopez.800@off-72.demo.com,Portland,OR,97201,USA
Patricia,Gonzalez,Sage Group,VP,patricia.gonzalez.801@off-72.demo.com,Atlanta,GA,30301,USA
Christopher,Wilson,Sage Group,Engineer,christopher.wilson.802@off-72.demo.com,Boston,MA,02101,USA
Linda,Anderson,Sage Group,Consultant,linda.anderson.803@off-72.demo.com,Seattle,WA,98101,USA
Matthew,Thomas,Sage Group,Specialist,matthew.thomas.804@off-72.demo.com,Austin,TX,78701,USA
Barbara,Taylor,Sage Group,Coordinator,barbara.taylor.805@off-72.demo.com,Chicago,IL,60601,USA
Mark,Moore,Sage Group,Analyst,mark.moore.806@off-72.demo.com,Denver,CO,80202,USA
Jessica,Jackson,Sage Group,Manager,jessica.jackson.807@off-72.demo.com,Miami,FL,33101,USA
John,Martin,Sage Group,Director,john.martin.808@off-72.demo.com,Portland,OR,97201,USA
Karen,Lee,Sage Group,VP,karen.lee.809@off-72.demo.com,Atlanta,GA,30301,USA
Michael,Perez,Schroders,VP,michael.perez.810@off-73.demo.com,Boston,MA,02101,USA
Nancy,Thompson,Schroders,Engineer,nancy.thompson.811@off-73.demo.com,Seattle,WA,98101,USA
David,White,Schroders,Consultant,david.white.812@off-73.demo.com,Austin,TX,78701,USA
Margaret,Harris,Schroders,Specialist,margaret.harris.813@off-73.demo.com,Chicago,IL,60601,USA
Joseph,Sanchez,Schroders,Coordinator,joseph.sanchez.814@off-73.demo.com,Denver,CO,80202,USA
Mary,Clark,Schroders,Analyst,mary.clark.815@off-73.demo.com,Miami,FL,33101,USA
Charles,Ramirez,Schroders,Manager,charles.ramirez.816@off-73.demo.com,Portland,OR,97201,USA
Jennifer,Lewis,Schroders,Director,jennifer.lewis.817@off-73.demo.com,Atlanta,GA,30301,USA
Daniel,Robinson,Schroders,VP,daniel.robinson.818@off-73.demo.com,Boston,MA,02101,USA
Elizabeth,Smith,Schroders,Engineer,elizabeth.smith.819@off-73.demo.com,Seattle,WA,98101,USA
Anthony,Johnson,Serco,Manager,anthony.johnson.820@off-74.demo.com,Austin,TX,78701,USA
Susan,Williams,Serco,Director,susan.williams.821@off-74.demo.com,Chicago,IL,60601,USA
James,Brown,Serco,VP,james.brown.822@off-74.demo.com,Denver,CO,80202,USA
Sarah,Jones,Serco,Engineer,sarah.jones.823@off-74.demo.com,Miami,FL,33101,USA
Robert,Garcia,Serco,Consultant,robert.garcia.824@off-74.demo.com,Portland,OR,97201,USA
Lisa,Miller,Serco,Specialist,lisa.miller.825@off-74.demo.com,Atlanta,GA,30301,USA
William,Davis,Serco,Coordinator,william.davis.826@off-74.demo.com,Boston,MA,02101,USA
Betty,Rodriguez,Serco,Analyst,betty.rodriguez.827@off-74.demo.com,Seattle,WA,98101,USA
Richard,Martinez,Serco,Manager,richard.martinez.828@off-74.demo.com,Austin,TX,78701,USA
Sandra,Hernandez,Serco,Director,sandra.hernandez.829@off-74.demo.com,Chicago,IL,60601,USA
Thomas,Lopez,Severn Trent,Director,thomas.lopez.830@off-75.demo.com,Denver,CO,80202,USA
Patricia,Gonzalez,Severn Trent,VP,patricia.gonzalez.831@off-75.demo.com,Miami,FL,33101,USA
Christopher,Wilson,Severn Trent,Engineer,christopher.wilson.832@off-75.demo.com,Portland,OR,97201,USA
Linda,Anderson,Severn Trent,Consultant,linda.anderson.833@off-75.demo.com,Atlanta,GA,30301,USA
Matthew,Thomas,Severn Trent,Specialist,matthew.thomas.834@off-75.demo.com,Boston,MA,02101,USA
Barbara,Taylor,Severn Trent,Coordinator,barbara.taylor.835@off-75.demo.com,Seattle,WA,98101,USA
Mark,Moore,Severn Trent,Analyst,mark.moore.836@off-75.demo.com,Austin,TX,78701,USA
Jessica,Jackson,Severn Trent,Manager,jessica.jackson.837@off-75.demo.com,Chicago,IL,60601,USA
John,Martin,Severn Trent,Director,john.martin.838@off-75.demo.com,Denver,CO,80202,USA
Karen,Lee,Severn Trent,VP,karen.lee.839@off-75.demo.com,Miami,FL,33101,USA
Michael,Perez,Shire plc,Manager,michael.perez.840@off-76.demo.com,Portland,OR,97201,USA
Nancy,Thompson,Shire plc,Director,nancy.thompson.841@off-76.demo.com,Atlanta,GA,30301,USA
David,White,Shire plc,VP,david.white.842@off-76.demo.com,Boston,MA,02101,USA
Margaret,Harris,Shire plc,Engineer,margaret.harris.843@off-76.demo.com,Seattle,WA,98101,USA
Joseph,Sanchez,Shire plc,Consultant,joseph.sanchez.844@off-76.demo.com,Austin,TX,78701,USA
Mary,Clark,Shire plc,Specialist,mary.clark.845@off-76.demo.com,Chicago,IL,60601,USA
Charles,Ramirez,Shire plc,Coordinator,charles.ramirez.846@off-76.demo.com,Denver,CO,80202,USA
Jennifer,Lewis,Shire plc,Analyst,jennifer.lewis.847@off-76.demo.com,Miami,FL,33101,USA
Daniel,Robinson,Shire plc,Manager,daniel.robinson.848@off-76.demo.com,Portland,OR,97201,USA
Elizabeth,Smith,Shire plc,Director,elizabeth.smith.849@off-76.demo.com,Atlanta,GA,30301,USA
Anthony,Johnson,Smith & Nephew,Analyst,anthony.johnson.850@off-77.demo.com,Boston,MA,02101,USA
Susan,Williams,Smith & Nephew,Manager,susan.williams.851@off-77.demo.com,Seattle,WA,98101,USA
James,Brown,Smith & Nephew,Director,james.brown.852@off-77.demo.com,Austin,TX,78701,USA
Sarah,Jones,Smith & Nephew,VP,sarah.jones.853@off-77.demo.com,Chicago,IL,60601,USA
Robert,Garcia,Smith & Nephew,Engineer,robert.garcia.854@off-77.demo.com,Denver,CO,80202,USA
Lisa,Miller,Smith & Nephew,Consultant,lisa.miller.855@off-77.demo.com,Miami,FL,33101,USA
William,Davis,Smith & Nephew,Specialist,william.davis.856@off-77.demo.com,Portland,OR,97201,USA
Betty,Rodriguez,Smith & Nephew,Coordinator,betty.rodriguez.857@off-77.demo.com,Atlanta,GA,30301,USA
Richard,Martinez,Smith & Nephew,Analyst,richard.martinez.858@off-77.demo.com,Boston,MA,02101,USA
Sandra,Hernandez,Smith & Nephew,Manager,sandra.hernandez.859@off-77.demo.com,Seattle,WA,98101,USA
Thomas,Lopez,Smiths Group,Analyst,thomas.lopez.860@off-78.demo.com,Austin,TX,78701,USA
Patricia,Gonzalez,Smiths Group,Manager,patricia.gonzalez.861@off-78.demo.com,Chicago,IL,60601,USA
Christopher,Wilson,Smiths Group,Director,christopher.wilson.862@off-78.demo.com,Denver,CO,80202,USA
Linda,Anderson,Smiths Group,VP,linda.anderson.863@off-78.demo.com,Miami,FL,33101,USA
Matthew,Thomas,Smiths Group,Engineer,matthew.thomas.864@off-78.demo.com,Portland,OR,97201,USA
Barbara,Taylor,Smiths Group,Consultant,barbara.taylor.865@off-78.demo.com,Atlanta,GA,30301,USA
Mark,Moore,Smiths Group,Specialist,mark.moore.866@off-78.demo.com,Boston,MA,02101,USA
Jessica,Jackson,Smiths Group,Coordinator,jessica.jackson.867@off-78.demo.com,Seattle,WA,98101,USA
John,Martin,Smiths Group,Analyst,john.martin.868@off-78.demo.com,Austin,TX,78701,USA
Karen,Lee,Smiths Group,Manager,karen.lee.869@off-78.demo.com,Chicago,IL,60601,USA
Michael,Perez,SSE plc,Consultant,michael.perez.870@off-79.demo.com,Denver,CO,80202,USA
Nancy,Thompson,SSE plc,Specialist,nancy.thompson.871@off-79.demo.com,Miami,FL,33101,USA
David,White,SSE plc,Coordinator,david.white.872@off-79.demo.com,Portland,OR,97201,USA
Margaret,Harris,SSE plc,Analyst,margaret.harris.873@off-79.demo.com,Atlanta,GA,30301,USA
Joseph,Sanchez,SSE plc,Manager,joseph.sanchez.874@off-79.demo.com,Boston,MA,02101,USA
Mary,Clark,SSE plc,Director,mary.clark.875@off-79.demo.com,Seattle,WA,98101,USA
Charles,Ramirez,SSE plc,VP,charles.ramirez.876@off-79.demo.com,Austin,TX,78701,USA
Jennifer,Lewis,SSE plc,Engineer,jennifer.lewis.877@off-79.demo.com,Chicago,IL,60601,USA
Daniel,Robinson,SSE plc,Consultant,daniel.robinson.878@off-79.demo.com,Denver,CO,80202,USA
Elizabeth,Smith,SSE plc,Specialist,elizabeth.smith.879@off-79.demo.com,Miami,FL,33101,USA
Anthony,Johnson,Standard Chartered,Director,anthony.johnson.880@off-80.demo.com,Portland,OR,97201,USA
Susan,Williams,Standard Chartered,VP,susan.williams.881@off-80.demo.com,Atlanta,GA,30301,USA
James,Brown,Standard Chartered,Engineer,james.brown.882@off-80.demo.com,Boston,MA,02101,USA
Sarah,Jones,Standard Chartered,Consultant,sarah.jones.883@off-80.demo.com,Seattle,WA,98101,USA
Robert,Garcia,Standard Chartered,Specialist,robert.garcia.884@off-80.demo.com,Austin,TX,78701,USA
Lisa,Miller,Standard Chartered,Coordinator,lisa.miller.885@off-80.demo.com,Chicago,IL,60601,USA
William,Davis,Standard Chartered,Analyst,william.davis.886@off-80.demo.com,Denver,CO,80202,USA
Betty,Rodriguez,Standard Chartered,Manager,betty.rodriguez.887@off-80.demo.com,Miami,FL,33101,USA
Richard,Martinez,Standard Chartered,Director,richard.martinez.888@off-80.demo.com,Portland,OR,97201,USA
Sandra,Hernandez,Standard Chartered,VP,sandra.hernandez.889@off-80.demo.com,Atlanta,GA,30301,USA
Thomas,Lopez,Standard Life,Coordinator,thomas.lopez.890@off-81.demo.com,Boston,MA,02101,USA
Patricia,Gonzalez,Standard Life,Analyst,patricia.gonzalez.891@off-81.demo.com,Seattle,WA,98101,USA
Christopher,Wilson,Standard Life,Manager,christopher.wilson.892@off-81.demo.com,Austin,TX,78701,USA
Linda,Anderson,Standard Life,Director,linda.anderson.893@off-81.demo.com,Chicago,IL,60601,USA
Matthew,Thomas,Standard Life,VP,matthew.thomas.894@off-81.demo.com,Denver,CO,80202,USA
Barbara,Taylor,Standard Life,Engineer,barbara.taylor.895@off-81.demo.com,Miami,FL,33101,USA
Mark,Moore,Standard Life,Consultant,mark.moore.896@off-81.demo.com,Portland,OR,97201,USA
Jessica,Jackson,Standard Life,Specialist,jessica.jackson.897@off-81.demo.com,Atlanta,GA,30301,USA
John,Martin,Standard Life,Coordinator,john.martin.898@off-81.demo.com,Boston,MA,02101,USA
Karen,Lee,Standard Life,Analyst,karen.lee.899@off-81.demo.com,Seattle,WA,98101,USA
Michael,Perez,Tate & Lyle,Coordinator,michael.perez.900@off-82.demo.com,Austin,TX,78701,USA
Nancy,Thompson,Tate & Lyle,Analyst,nancy.thompson.901@off-82.demo.com,Chicago,IL,60601,USA
David,White,Tate & Lyle,Manager,david.white.902@off-82.demo.com,Denver,CO,80202,USA
Margaret,Harris,Tate & Lyle,Director,margaret.harris.903@off-82.demo.com,Miami,FL,33101,USA
Joseph,Sanchez,Tate & Lyle,VP,joseph.sanchez.904@off-82.demo.com,Portland,OR,97201,USA
Mary,Clark,Tate & Lyle,Engineer,mary.clark.905@off-82.demo.com,Atlanta,GA,30301,USA
Charles,Ramirez,Tate & Lyle,Consultant,charles.ramirez.906@off-82.demo.com,Boston,MA,02101,USA
Jennifer,Lewis,Tate & Lyle,Specialist,jennifer.lewis.907@off-82.demo.com,Seattle,WA,98101,USA
Daniel,Robinson,Tate & Lyle,Coordinator,daniel.robinson.908@off-82.demo.com,Austin,TX,78701,USA
Elizabeth,Smith,Tate & Lyle,Analyst,elizabeth.smith.909@off-82.demo.com,Chicago,IL,60601,USA
Anthony,Johnson,Tesco,VP,anthony.johnson.910@off-83.demo.com,Denver,CO,80202,USA
Susan,Williams,Tesco,Engineer,susan.williams.911@off-83.demo.com,Miami,FL,33101,USA
James,Brown,Tesco,Consultant,james.brown.912@off-83.demo.com,Portland,OR,97201,USA
Sarah,Jones,Tesco,Specialist,sarah.jones.913@off-83.demo.com,Atlanta,GA,30301,USA
Robert,Garcia,Tesco,Coordinator,robert.garcia.914@off-83.demo.com,Boston,MA,02101,USA
Lisa,Miller,Tesco,Analyst,lisa.miller.915@off-83.demo.com,Seattle,WA,98101,USA
William,Davis,Tesco,Manager,william.davis.916@off-83.demo.com,Austin,TX,78701,USA
Betty,Rodriguez,Tesco,Director,betty.rodriguez.917@off-83.demo.com,Chicago,IL,60601,USA
Richard,Martinez,Tesco,VP,richard.martinez.918@off-83.demo.com,Denver,CO,80202,USA
Sandra,Hernandez,Tesco,Engineer,sandra.hernandez.919@off-83.demo.com,Miami,FL,33101,USA
Thomas,Lopez,TUI Travel,Director,thomas.lopez.920@off-84.demo.com,Portland,OR,97201,USA
Patricia,Gonzalez,TUI Travel,VP,patricia.gonzalez.921@off-84.demo.com,Atlanta,GA,30301,USA
Christopher,Wilson,TUI Travel,Engineer,christopher.wilson.922@off-84.demo.com,Boston,MA,02101,USA
Linda,Anderson,TUI Travel,Consultant,linda.anderson.923@off-84.demo.com,Seattle,WA,98101,USA
Matthew,Thomas,TUI Travel,Specialist,matthew.thomas.924@off-84.demo.com,Austin,TX,78701,USA
Barbara,Taylor,TUI Travel,Coordinator,barbara.taylor.925@off-84.demo.com,Chicago,IL,60601,USA
Mark,Moore,TUI Travel,Analyst,mark.moore.926@off-84.demo.com,Denver,CO,80202,USA
Jessica,Jackson,TUI Travel,Manager,jessica.jackson.927@off-84.demo.com,Miami,FL,33101,USA
John,Martin,TUI Travel,Director,john.martin.928@off-84.demo.com,Portland,OR,97201,USA
Karen,Lee,TUI Travel,VP,karen.lee.929@off-84.demo.com,Atlanta,GA,30301,USA
Michael,Perez,Tullow Oil,Engineer,michael.perez.930@off-85.demo.com,Boston,MA,02101,USA
Nancy,Thompson,Tullow Oil,Consultant,nancy.thompson.931@off-85.demo.com,Seattle,WA,98101,USA
David,White,Tullow Oil,Specialist,david.white.932@off-85.demo.com,Austin,TX,78701,USA
Margaret,Harris,Tullow Oil,Coordinator,margaret.harris.933@off-85.demo.com,Chicago,IL,60601,USA
Joseph,Sanchez,Tullow Oil,Analyst,joseph.sanchez.934@off-85.demo.com,Denver,CO,80202,USA
Mary,Clark,Tullow Oil,Manager,mary.clark.935@off-85.demo.com,Miami,FL,33101,USA
Charles,Ramirez,Tullow Oil,Director,charles.ramirez.936@off-85.demo.com,Portland,OR,97201,USA
Jennifer,Lewis,Tullow Oil,VP,jennifer.lewis.937@off-85.demo.com,Atlanta,GA,30301,USA
Daniel,Robinson,Tullow Oil,Engineer,daniel.robinson.938@off-85.demo.com,Boston,MA,02101,USA
Elizabeth,Smith,Tullow Oil,Consultant,elizabeth.smith.939@off-85.demo.com,Seattle,WA,98101,USA
Anthony,Johnson,United Utilities,Engineer,anthony.johnson.940@off-86.demo.com,Austin,TX,78701,USA
Susan,Williams,United Utilities,Consultant,susan.williams.941@off-86.demo.com,Chicago,IL,60601,USA
James,Brown,United Utilities,Specialist,james.brown.942@off-86.demo.com,Denver,CO,80202,USA
Sarah,Jones,United Utilities,Coordinator,sarah.jones.943@off-86.demo.com,Miami,FL,33101,USA
Robert,Garcia,United Utilities,Analyst,robert.garcia.944@off-86.demo.com,Portland,OR,97201,USA
Lisa,Miller,United Utilities,Manager,lisa.miller.945@off-86.demo.com,Atlanta,GA,30301,USA
William,Davis,United Utilities,Director,william.davis.946@off-86.demo.com,Boston,MA,02101,USA
Betty,Rodriguez,United Utilities,VP,betty.rodriguez.947@off-86.demo.com,Seattle,WA,98101,USA
Richard,Martinez,United Utilities,Engineer,richard.martinez.948@off-86.demo.com,Austin,TX,78701,USA
Sandra,Hernandez,United Utilities,Consultant,sandra.hernandez.949@off-86.demo.com,Chicago,IL,60601,USA
Thomas,Lopez,Vedanta Resources,Coordinator,thomas.lopez.950@off-87.demo.com,Denver,CO,80202,USA
Patricia,Gonzalez,Vedanta Resources,Analyst,patricia.gonzalez.951@off-87.demo.com,Miami,FL,33101,USA
Christopher,Wilson,Vedanta Resources,Manager,christopher.wilson.952@off-87.demo.com,Portland,OR,97201,USA
Linda,Anderson,Vedanta Resources,Director,linda.anderson.953@off-87.demo.com,Atlanta,GA,30301,USA
Matthew,Thomas,Vedanta Resources,VP,matthew.thomas.954@off-87.demo.com,Boston,MA,02101,USA
Barbara,Taylor,Vedanta Resources,Engineer,barbara.taylor.955@off-87.demo.com,Seattle,WA,98101,USA
Mark,Moore,Vedanta Resources,Consultant,mark.moore.956@off-87.demo.com,Austin,TX,78701,USA
Jessica,Jackson,Vedanta Resources,Specialist,jessica.jackson.957@off-87.demo.com,Chicago,IL,60601,USA
John,Martin,Vedanta Resources,Coordinator,john.martin.958@off-87.demo.com,Denver,CO,80202,USA
Karen,Lee,Vedanta Resources,Analyst,karen.lee.959@off-87.demo.com,Miami,FL,33101,USA
Michael,Perez,Vodafone Group,Specialist,michael.perez.960@off-88.demo.com,Portland,OR,97201,USA
Nancy,Thompson,Vodafone Group,Coordinator,nancy.thompson.961@off-88.demo.com,Atlanta,GA,30301,USA
David,White,Vodafone Group,Analyst,david.white.962@off-88.demo.com,Boston,MA,02101,USA
Margaret,Harris,Vodafone Group,Manager,margaret.harris.963@off-88.demo.com,Seattle,WA,98101,USA
Joseph,Sanchez,Vodafone Group,Director,joseph.sanchez.964@off-88.demo.com,Austin,TX,78701,USA
Mary,Clark,Vodafone Group,VP,mary.clark.965@off-88.demo.com,Chicago,IL,60601,USA
Charles,Ramirez,Vodafone Group,Engineer,charles.ramirez.966@off-88.demo.com,Denver,CO,80202,USA
Jennifer,Lewis,Vodafone Group,Consultant,jennifer.lewis.967@off-88.demo.com,Miami,FL,33101,USA
Daniel,Robinson,Vodafone Group,Specialist,daniel.robinson.968@off-88.demo.com,Portland,OR,97201,USA
Elizabeth,Smith,Vodafone Group,Coordinator,elizabeth.smith.969@off-88.demo.com,Atlanta,GA,30301,USA
Anthony,Johnson,Weir Group,Engineer,anthony.johnson.970@off-89.demo.com,Boston,MA,02101,USA
Susan,Williams,Weir Group,Consultant,susan.williams.971@off-89.demo.com,Seattle,WA,98101,USA
James,Brown,Weir Group,Specialist,james.brown.972@off-89.demo.com,Austin,TX,78701,USA
Sarah,Jones,Weir Group,Coordinator,sarah.jones.973@off-89.demo.com,Chicago,IL,60601,USA
Robert,Garcia,Weir Group,Analyst,robert.garcia.974@off-89.demo.com,Denver,CO,80202,USA
Lisa,Miller,Weir Group,Manager,lisa.miller.975@off-89.demo.com,Miami,FL,33101,USA
William,Davis,Weir Group,Director,william.davis.976@off-89.demo.com,Portland,OR,97201,USA
Betty,Rodriguez,Weir Group,VP,betty.rodriguez.977@off-89.demo.com,Atlanta,GA,30301,USA
Richard,Martinez,Weir Group,Engineer,richard.martinez.978@off-89.demo.com,Boston,MA,02101,USA
Sandra,Hernandez,Weir Group,Consultant,sandra.hernandez.979@off-89.demo.com,Seattle,WA,98101,USA
Thomas,Lopez,Whitbread,Consultant,thomas.lopez.980@off-90.demo.com,Austin,TX,78701,USA
Patricia,Gonzalez,Whitbread,Specialist,patricia.gonzalez.981@off-90.demo.com,Chicago,IL,60601,USA
Christopher,Wilson,Whitbread,Coordinator,christopher.wilson.982@off-90.demo.com,Denver,CO,80202,USA
Linda,Anderson,Whitbread,Analyst,linda.anderson.983@off-90.demo.com,Miami,FL,33101,USA
Matthew,Thomas,Whitbread,Manager,matthew.thomas.984@off-90.demo.com,Portland,OR,97201,USA
Barbara,Taylor,Whitbread,Director,barbara.taylor.985@off-90.demo.com,Atlanta,GA,30301,USA
Mark,Moore,Whitbread,VP,mark.moore.986@off-90.demo.com,Boston,MA,02101,USA
Jessica,Jackson,Whitbread,Engineer,jessica.jackson.987@off-90.demo.com,Seattle,WA,98101,USA
John,Martin,Whitbread,Consultant,john.martin.988@off-90.demo.com,Austin,TX,78701,USA
Karen,Lee,Whitbread,Specialist,karen.lee.989@off-90.demo.com,Chicago,IL,60601,USA
Michael,Perez,Wolseley plc,Director,michael.perez.990@off-91.demo.com,Denver,CO,80202,USA
Nancy,Thompson,Wolseley plc,VP,nancy.thompson.991@off-91.demo.com,Miami,FL,33101,USA
David,White,Wolseley plc,Engineer,david.white.992@off-91.demo.com,Portland,OR,97201,USA
Margaret,Harris,Wolseley plc,Consultant,margaret.harris.993@off-91.demo.com,Atlanta,GA,30301,USA
Joseph,Sanchez,Wolseley plc,Specialist,joseph.sanchez.994@off-91.demo.com,Boston,MA,02101,USA
Mary,Clark,Wolseley plc,Coordinator,mary.clark.995@off-91.demo.com,Seattle,WA,98101,USA
Charles,Ramirez,Wolseley plc,Analyst,charles.ramirez.996@off-91.demo.com,Austin,TX,78701,USA
Jennifer,Lewis,Wolseley plc,Manager,jennifer.lewis.997@off-91.demo.com,Chicago,IL,60601,USA
Daniel,Robinson,Wolseley plc,Director,daniel.robinson.998@off-91.demo.com,Denver,CO,80202,USA
Elizabeth,Smith,Wolseley plc,VP,elizabeth.smith.999@off-91.demo.com,Miami,FL,33101,USA
Anthony,Johnson,Wood Group,Director,anthony.johnson.1000@off-92.demo.com,Portland,OR,97201,USA
Susan,Williams,Wood Group,VP,susan.williams.1001@off-92.demo.com,Atlanta,GA,30301,USA
James,Brown,Wood Group,Engineer,james.brown.1002@off-92.demo.com,Boston,MA,02101,USA
Sarah,Jones,Wood Group,Consultant,sarah.jones.1003@off-92.demo.com,Seattle,WA,98101,USA
Robert,Garcia,Wood Group,Specialist,robert.garcia.1004@off-92.demo.com,Austin,TX,78701,USA
Lisa,Miller,Wood Group,Coordinator,lisa.miller.1005@off-92.demo.com,Chicago,IL,60601,USA
William,Davis,Wood Group,Analyst,william.davis.1006@off-92.demo.com,Denver,CO,80202,USA
Betty,Rodriguez,Wood Group,Manager,betty.rodriguez.1007@off-92.demo.com,Miami,FL,33101,USA
Richard,Martinez,Wood Group,Director,richard.martinez.1008@off-92.demo.com,Portland,OR,97201,USA
Sandra,Hernandez,Wood Group,VP,sandra.hernandez.1009@off-92.demo.com,Atlanta,GA,30301,USA
Thomas,Lopez,WPP plc,Manager,thomas.lopez.1010@off-93.demo.com,Boston,MA,02101,USA
Patricia,Gonzalez,WPP plc,Director,patricia.gonzalez.1011@off-93.demo.com,Seattle,WA,98101,USA
Christopher,Wilson,WPP plc,VP,christopher.wilson.1012@off-93.demo.com,Austin,TX,78701,USA
Linda,Anderson,WPP plc,Engineer,linda.anderson.1013@off-93.demo.com,Chicago,IL,60601,USA
Matthew,Thomas,WPP plc,Consultant,matthew.thomas.1014@off-93.demo.com,Denver,CO,80202,USA
Barbara,Taylor,WPP plc,Specialist,barbara.taylor.1015@off-93.demo.com,Miami,FL,33101,USA
Mark,Moore,WPP plc,Coordinator,mark.moore.1016@off-93.demo.com,Portland,OR,97201,USA
Jessica,Jackson,WPP plc,Analyst,jessica.jackson.1017@off-93.demo.com,Atlanta,GA,30301,USA
John,Martin,WPP plc,Manager,john.martin.1018@off-93.demo.com,Boston,MA,02101,USA
Karen,Lee,WPP plc,Director,karen.lee.1019@off-93.demo.com,Seattle,WA,98101,USA
Michael,Perez,Xstrata,VP,michael.perez.1020@off-94.demo.com,Austin,TX,78701,USA
Nancy,Thompson,Xstrata,Engineer,nancy.thompson.1021@off-94.demo.com,Chicago,IL,60601,USA
David,White,Xstrata,Consultant,david.white.1022@off-94.demo.com,Denver,CO,80202,USA
Margaret,Harris,Xstrata,Specialist,margaret.harris.1023@off-94.demo.com,Miami,FL,33101,USA
Joseph,Sanchez,Xstrata,Coordinator,joseph.sanchez.1024@off-94.demo.com,Portland,OR,97201,USA
Mary,Clark,Xstrata,Analyst,mary.clark.1025@off-94.demo.com,Atlanta,GA,30301,USA
Charles,Ramirez,Xstrata,Manager,charles.ramirez.1026@off-94.demo.com,Boston,MA,02101,USA
Jennifer,Lewis,Xstrata,Director,jennifer.lewis.1027@off-94.demo.com,Seattle,WA,98101,USA
Daniel,Robinson,Xstrata,VP,daniel.robinson.1028@off-94.demo.com,Austin,TX,78701,USA
Elizabeth,Smith,Xstrata,Engineer,elizabeth.smith.1029@off-94.demo.com,Chicago,IL,60601,USA
Anthony,Johnson,Aac Holdings Inc,Specialist,anthony.johnson.1030@off-95.demo.com,Denver,CO,80202,USA
Susan,Williams,Aac Holdings Inc,Coordinator,susan.williams.1031@off-95.demo.com,Miami,FL,33101,USA
James,Brown,Aac Holdings Inc,Analyst,james.brown.1032@off-95.demo.com,Portland,OR,97201,USA
Sarah,Jones,Aac Holdings Inc,Manager,sarah.jones.1033@off-95.demo.com,Atlanta,GA,30301,USA
Robert,Garcia,Aac Holdings Inc,Director,robert.garcia.1034@off-95.demo.com,Boston,MA,02101,USA
Lisa,Miller,Aac Holdings Inc,VP,lisa.miller.1035@off-95.demo.com,Seattle,WA,98101,USA
William,Davis,Aac Holdings Inc,Engineer,william.davis.1036@off-95.demo.com,Austin,TX,78701,USA
Betty,Rodriguez,Aac Holdings Inc,Consultant,betty.rodriguez.1037@off-95.demo.com,Chicago,IL,60601,USA
Richard,Martinez,Aac Holdings Inc,Specialist,richard.martinez.1038@off-95.demo.com,Denver,CO,80202,USA
Sandra,Hernandez,Aac Holdings Inc,Coordinator,sandra.hernandez.1039@off-95.demo.com,Miami,FL,33101,USA
Thomas,Lopez,Altisource Asset,Analyst,thomas.lopez.1040@off-96.demo.com,Portland,OR,97201,USA
Patricia,Gonzalez,Altisource Asset,Manager,patricia.gonzalez.1041@off-96.demo.com,Atlanta,GA,30301,USA
Christopher,Wilson,Altisource Asset,Director,christopher.wilson.1042@off-96.demo.com,Boston,MA,02101,USA
Linda,Anderson,Altisource Asset,VP,linda.anderson.1043@off-96.demo.com,Seattle,WA,98101,USA
Matthew,Thomas,Altisource Asset,Engineer,matthew.thomas.1044@off-96.demo.com,Austin,TX,78701,USA
Barbara,Taylor,Altisource Asset,Consultant,barbara.taylor.1045@off-96.demo.com,Chicago,IL,60601,USA
Mark,Moore,Altisource Asset,Specialist,mark.moore.1046@off-96.demo.com,Denver,CO,80202,USA
Jessica,Jackson,Altisource Asset,Coordinator,jessica.jackson.1047@off-96.demo.com,Miami,FL,33101,USA
John,Martin,Altisource Asset,Analyst,john.martin.1048@off-96.demo.com,Portland,OR,97201,USA
Karen,Lee,Altisource Asset,Manager,karen.lee.1049@off-96.demo.com,Atlanta,GA,30301,USA
Michael,Perez,Applied Optoelectronics Inc,Consultant,michael.perez.1050@off-97.demo.com,Boston,MA,02101,USA
Nancy,Thompson,Applied Optoelectronics Inc,Specialist,nancy.thompson.1051@off-97.demo.com,Seattle,WA,98101,USA
David,White,Applied Optoelectronics Inc,Coordinator,david.white.1052@off-97.demo.com,Austin,TX,78701,USA
Margaret,Harris,Applied Optoelectronics Inc,Analyst,margaret.harris.1053@off-97.demo.com,Chicago,IL,60601,USA
Joseph,Sanchez,Applied Optoelectronics Inc,Manager,joseph.sanchez.1054@off-97.demo.com,Denver,CO,80202,USA
Mary,Clark,Applied Optoelectronics Inc,Director,mary.clark.1055@off-97.demo.com,Miami,FL,33101,USA
Charles,Ramirez,Applied Optoelectronics Inc,VP,charles.ramirez.1056@off-97.demo.com,Portland,OR,97201,USA
Jennifer,Lewis,Applied Optoelectronics Inc,Engineer,jennifer.lewis.1057@off-97.demo.com,Atlanta,GA,30301,USA
Daniel,Robinson,Applied Optoelectronics Inc,Consultant,daniel.robinson.1058@off-97.demo.com,Boston,MA,02101,USA
Elizabeth,Smith,Applied Optoelectronics Inc,Specialist,elizabeth.smith.1059@off-97.demo.com,Seattle,WA,98101,USA
Anthony,Johnson,Aaon Inc,Engineer,anthony.johnson.1060@off-98.demo.com,Austin,TX,78701,USA
Susan,Williams,Aaon Inc,Consultant,susan.williams.1061@off-98.demo.com,Chicago,IL,60601,USA
James,Brown,Aaon Inc,Specialist,james.brown.1062@off-98.demo.com,Denver,CO,80202,USA
Sarah,Jones,Aaon Inc,Coordinator,sarah.jones.1063@off-98.demo.com,Miami,FL,33101,USA
Robert,Garcia,Aaon Inc,Analyst,robert.garcia.1064@off-98.demo.com,Portland,OR,97201,USA
Lisa,Miller,Aaon Inc,Manager,lisa.miller.1065@off-98.demo.com,Atlanta,GA,30301,USA
William,Davis,Aaon Inc,Director,william.davis.1066@off-98.demo.com,Boston,MA,02101,USA
Betty,Rodriguez,Aaon Inc,VP,betty.rodriguez.1067@off-98.demo.com,Seattle,WA,98101,USA
Richard,Martinez,Aaon Inc,Engineer,richard.martinez.1068@off-98.demo.com,Austin,TX,78701,USA
Sandra,Hernandez,Aaon Inc,Consultant,sandra.hernandez.1069@off-98.demo.com,Chicago,IL,60601,USA
Thomas,Lopez,American Assets Trust,VP,thomas.lopez.1070@off-99.demo.com,Denver,CO,80202,USA
Patricia,Gonzalez,American Assets Trust,Engineer,patricia.gonzalez.1071@off-99.demo.com,Miami,FL,33101,USA
Christopher,Wilson,American Assets Trust,Consultant,christopher.wilson.1072@off-99.demo.com,Portland,OR,97201,USA
Linda,Anderson,American Assets Trust,Specialist,linda.anderson.1073@off-99.demo.com,Atlanta,GA,30301,USA
Matthew,Thomas,American Assets Trust,Coordinator,matthew.thomas.1074@off-99.demo.com,Boston,MA,02101,USA
Barbara,Taylor,American Assets Trust,Analyst,barbara.taylor.1075@off-99.demo.com,Seattle,WA,98101,USA
Mark,Moore,American Assets Trust,Manager,mark.moore.1076@off-99.demo.com,Austin,TX,78701,USA
Jessica,Jackson,American Assets Trust,Director,jessica.jackson.1077@off-99.demo.com,Chicago,IL,60601,USA
John,Martin,American Assets Trust,VP,john.martin.1078@off-99.demo.com,Denver,CO,80202,USA
Karen,Lee,American Assets Trust,Engineer,karen.lee.1079@off-99.demo.com,Miami,FL,33101,USA
Linda,Perez,Avalanche Biotechnologies Inc,Consultant,linda.perez.1080@off-100.demo.com,Portland,OR,97201,USA
Matthew,Thompson,Avalanche Biotechnologies Inc,Specialist,matthew.thompson.1081@off-100.demo.com,Atlanta,GA,30301,USA
Barbara,White,Avalanche Biotechnologies Inc,Coordinator,barbara.white.1082@off-100.demo.com,Boston,MA,02101,USA
Mark,Harris,Avalanche Biotechnologies Inc,Analyst,mark.harris.1083@off-100.demo.com,Seattle,WA,98101,USA
Jessica,Sanchez,Avalanche Biotechnologies Inc,Manager,jessica.sanchez.1084@off-100.demo.com,Austin,TX,78701,USA
John,Clark,Avalanche Biotechnologies Inc,Director,john.clark.1085@off-100.demo.com,Chicago,IL,60601,USA
Karen,Ramirez,Avalanche Biotechnologies Inc,VP,karen.ramirez.1086@off-100.demo.com,Denver,CO,80202,USA
Michael,Lewis,Avalanche Biotechnologies Inc,Engineer,michael.lewis.1087@off-100.demo.com,Miami,FL,33101,USA
Nancy,Robinson,Avalanche Biotechnologies Inc,Consultant,nancy.robinson.1088@off-100.demo.com,Portland,OR,97201,USA
David,Smith,Avalanche Biotechnologies Inc,Specialist,david.smith.1089@off-100.demo.com,Atlanta,GA,30301,USA
Margaret,Johnson,Atlas Air Worldwide Holdings,Specialist,margaret.johnson.1090@off-101.demo.com,Boston,MA,02101,USA
Joseph,Williams,Atlas Air Worldwide Holdings,Coordinator,joseph.williams.1091@off-101.demo.com,Seattle,WA,98101,USA
Mary,Brown,Atlas Air Worldwide Holdings,Analyst,mary.brown.1092@off-101.demo.com,Austin,TX,78701,USA
Charles,Jones,Atlas Air Worldwide Holdings,Manager,charles.jones.1093@off-101.demo.com,Chicago,IL,60601,USA
Jennifer,Garcia,Atlas Air Worldwide Holdings,Director,jennifer.garcia.1094@off-101.demo.com,Denver,CO,80202,USA
Daniel,Miller,Atlas Air Worldwide Holdings,VP,daniel.miller.1095@off-101.demo.com,Miami,FL,33101,USA
Elizabeth,Davis,Atlas Air Worldwide Holdings,Engineer,elizabeth.davis.1096@off-101.demo.com,Portland,OR,97201,USA
Anthony,Rodriguez,Atlas Air Worldwide Holdings,Consultant,anthony.rodriguez.1097@off-101.demo.com,Atlanta,GA,30301,USA
Susan,Martinez,Atlas Air Worldwide Holdings,Specialist,susan.martinez.1098@off-101.demo.com,Boston,MA,02101,USA
James,Hernandez,Atlas Air Worldwide Holdings,Coordinator,james.hernandez.1099@off-101.demo.com,Seattle,WA,98101,USA
Sarah,Lopez,Abaxis Inc,Specialist,sarah.lopez.1100@off-102.demo.com,Austin,TX,78701,USA
Robert,Gonzalez,Abaxis Inc,Coordinator,robert.gonzalez.1101@off-102.demo.com,Chicago,IL,60601,USA
Lisa,Wilson,Abaxis Inc,Analyst,lisa.wilson.1102@off-102.demo.com,Denver,CO,80202,USA
William,Anderson,Abaxis Inc,Manager,william.anderson.1103@off-102.demo.com,Miami,FL,33101,USA
Betty,Thomas,Abaxis Inc,Director,betty.thomas.1104@off-102.demo.com,Portland,OR,97201,USA
Richard,Taylor,Abaxis Inc,VP,richard.taylor.1105@off-102.demo.com,Atlanta,GA,30301,USA
Sandra,Moore,Abaxis Inc,Engineer,sandra.moore.1106@off-102.demo.com,Boston,MA,02101,USA
Thomas,Jackson,Abaxis Inc,Consultant,thomas.jackson.1107@off-102.demo.com,Seattle,WA,98101,USA
Patricia,Martin,Abaxis Inc,Specialist,patricia.martin.1108@off-102.demo.com,Austin,TX,78701,USA
Christopher,Lee,Abaxis Inc,Coordinator,christopher.lee.1109@off-102.demo.com,Chicago,IL,60601,USA
Linda,Perez,Ameris Bancorp,Engineer,linda.perez.1110@off-103.demo.com,Denver,CO,80202,USA
Matthew,Thompson,Ameris Bancorp,Consultant,matthew.thompson.1111@off-103.demo.com,Miami,FL,33101,USA
Barbara,White,Ameris Bancorp,Specialist,barbara.white.1112@off-103.demo.com,Portland,OR,97201,USA
Mark,Harris,Ameris Bancorp,Coordinator,mark.harris.1113@off-103.demo.com,Atlanta,GA,30301,USA
Jessica,Sanchez,Ameris Bancorp,Analyst,jessica.sanchez.1114@off-103.demo.com,Boston,MA,02101,USA
John,Clark,Ameris Bancorp,Manager,john.clark.1115@off-103.demo.com,Seattle,WA,98101,USA
Karen,Ramirez,Ameris Bancorp,Director,karen.ramirez.1116@off-103.demo.com,Austin,TX,78701,USA
Michael,Lewis,Ameris Bancorp,VP,michael.lewis.1117@off-103.demo.com,Chicago,IL,60601,USA
Nancy,Robinson,Ameris Bancorp,Engineer,nancy.robinson.1118@off-103.demo.com,Denver,CO,80202,USA
David,Smith,Ameris Bancorp,Consultant,david.smith.1119@off-103.demo.com,Miami,FL,33101,USA
Margaret,Johnson,Cambium Learning Group,Specialist,margaret.johnson.1120@off-104.demo.com,Portland,OR,97201,USA
Joseph,Williams,Cambium Learning Group,Coordinator,joseph.williams.1121@off-104.demo.com,Atlanta,GA,30301,USA
Mary,Brown,Cambium Learning Group,Analyst,mary.brown.1122@off-104.demo.com,Boston,MA,02101,USA
Charles,Jones,Cambium Learning Group,Manager,charles.jones.1123@off-104.demo.com,Seattle,WA,98101,USA
Jennifer,Garcia,Cambium Learning Group,Director,jennifer.garcia.1124@off-104.demo.com,Austin,TX,78701,USA
Daniel,Miller,Cambium Learning Group,VP,daniel.miller.1125@off-104.demo.com,Chicago,IL,60601,USA
Elizabeth,Davis,Cambium Learning Group,Engineer,elizabeth.davis.1126@off-104.demo.com,Denver,CO,80202,USA
Anthony,Rodriguez,Cambium Learning Group,Consultant,anthony.rodriguez.1127@off-104.demo.com,Miami,FL,33101,USA
Susan,Martinez,Cambium Learning Group,Specialist,susan.martinez.1128@off-104.demo.com,Portland,OR,97201,USA
James,Hernandez,Cambium Learning Group,Coordinator,james.hernandez.1129@off-104.demo.com,Atlanta,GA,30301,USA
Sarah,Lopez,The Advisory Board Company,Engineer,sarah.lopez.1130@off-105.demo.com,Boston,MA,02101,USA
Robert,Gonzalez,The Advisory Board Company,Consultant,robert.gonzalez.1131@off-105.demo.com,Seattle,WA,98101,USA
Lisa,Wilson,The Advisory Board Company,Specialist,lisa.wilson.1132@off-105.demo.com,Austin,TX,78701,USA
William,Anderson,The Advisory Board Company,Coordinator,william.anderson.1133@off-105.demo.com,Chicago,IL,60601,USA
Betty,Thomas,The Advisory Board Company,Analyst,betty.thomas.1134@off-105.demo.com,Denver,CO,80202,USA
Richard,Taylor,The Advisory Board Company,Manager,richard.taylor.1135@off-105.demo.com,Miami,FL,33101,USA
Sandra,Moore,The Advisory Board Company,Director,sandra.moore.1136@off-105.demo.com,Portland,OR,97201,USA
Thomas,Jackson,The Advisory Board Company,VP,thomas.jackson.1137@off-105.demo.com,Atlanta,GA,30301,USA
Patricia,Martin,The Advisory Board Company,Engineer,patricia.martin.1138@off-105.demo.com,Boston,MA,02101,USA
Christopher,Lee,The Advisory Board Company,Consultant,christopher.lee.1139@off-105.demo.com,Seattle,WA,98101,USA
Linda,Perez,Anchor Bancorp Wisconsin Inc,Analyst,linda.perez.1140@off-106.demo.com,Austin,TX,78701,USA
Matthew,Thompson,Anchor Bancorp Wisconsin Inc,Manager,matthew.thompson.1141@off-106.demo.com,Chicago,IL,60601,USA
Barbara,White,Anchor Bancorp Wisconsin Inc,Director,barbara.white.1142@off-106.demo.com,Denver,CO,80202,USA
Mark,Harris,Anchor Bancorp Wisconsin Inc,VP,mark.harris.1143@off-106.demo.com,Miami,FL,33101,USA
Jessica,Sanchez,Anchor Bancorp Wisconsin Inc,Engineer,jessica.sanchez.1144@off-106.demo.com,Portland,OR,97201,USA
John,Clark,Anchor Bancorp Wisconsin Inc,Consultant,john.clark.1145@off-106.demo.com,Atlanta,GA,30301,USA
Karen,Ramirez,Anchor Bancorp Wisconsin Inc,Specialist,karen.ramirez.1146@off-106.demo.com,Boston,MA,02101,USA
Michael,Lewis,Anchor Bancorp Wisconsin Inc,Coordinator,michael.lewis.1147@off-106.demo.com,Seattle,WA,98101,USA
Nancy,Robinson,Anchor Bancorp Wisconsin Inc,Analyst,nancy.robinson.1148@off-106.demo.com,Austin,TX,78701,USA
David,Smith,Anchor Bancorp Wisconsin Inc,Manager,david.smith.1149@off-106.demo.com,Chicago,IL,60601,USA
Margaret,Johnson,Abeona Therapeutics Inc,Consultant,margaret.johnson.1150@off-107.demo.com,Denver,CO,80202,USA
Joseph,Williams,Abeona Therapeutics Inc,Specialist,joseph.williams.1151@off-107.demo.com,Miami,FL,33101,USA
Mary,Brown,Abeona Therapeutics Inc,Coordinator,mary.brown.1152@off-107.demo.com,Portland,OR,97201,USA
Charles,Jones,Abeona Therapeutics Inc,Analyst,charles.jones.1153@off-107.demo.com,Atlanta,GA,30301,USA
Jennifer,Garcia,Abeona Therapeutics Inc,Manager,jennifer.garcia.1154@off-107.demo.com,Boston,MA,02101,USA
Daniel,Miller,Abeona Therapeutics Inc,Director,daniel.miller.1155@off-107.demo.com,Seattle,WA,98101,USA
Elizabeth,Davis,Abeona Therapeutics Inc,VP,elizabeth.davis.1156@off-107.demo.com,Austin,TX,78701,USA
Anthony,Rodriguez,Abeona Therapeutics Inc,Engineer,anthony.rodriguez.1157@off-107.demo.com,Chicago,IL,60601,USA
Susan,Martinez,Abeona Therapeutics Inc,Consultant,susan.martinez.1158@off-107.demo.com,Denver,CO,80202,USA
James,Hernandez,Abeona Therapeutics Inc,Specialist,james.hernandez.1159@off-107.demo.com,Miami,FL,33101,USA
Sarah,Lopez,Asbury Automotive Group Inc,VP,sarah.lopez.1160@off-108.demo.com,Portland,OR,97201,USA
Robert,Gonzalez,Asbury Automotive Group Inc,Engineer,robert.gonzalez.1161@off-108.demo.com,Atlanta,GA,30301,USA
Lisa,Wilson,Asbury Automotive Group Inc,Consultant,lisa.wilson.1162@off-108.demo.com,Boston,MA,02101,USA
William,Anderson,Asbury Automotive Group Inc,Specialist,william.anderson.1163@off-108.demo.com,Seattle,WA,98101,USA
Betty,Thomas,Asbury Automotive Group Inc,Coordinator,betty.thomas.1164@off-108.demo.com,Austin,TX,78701,USA
Richard,Taylor,Asbury Automotive Group Inc,Analyst,richard.taylor.1165@off-108.demo.com,Chicago,IL,60601,USA
Sandra,Moore,Asbury Automotive Group Inc,Manager,sandra.moore.1166@off-108.demo.com,Denver,CO,80202,USA
Thomas,Jackson,Asbury Automotive Group Inc,Director,thomas.jackson.1167@off-108.demo.com,Miami,FL,33101,USA
Patricia,Martin,Asbury Automotive Group Inc,VP,patricia.martin.1168@off-108.demo.com,Portland,OR,97201,USA
Christopher,Lee,Asbury Automotive Group Inc,Engineer,christopher.lee.1169@off-108.demo.com,Atlanta,GA,30301,USA
Linda,Perez,ABM Industries Incorporated,Consultant,linda.perez.1170@off-109.demo.com,Boston,MA,02101,USA
Matthew,Thompson,ABM Industries Incorporated,Specialist,matthew.thompson.1171@off-109.demo.com,Seattle,WA,98101,USA
Barbara,White,ABM Industries Incorporated,Coordinator,barbara.white.1172@off-109.demo.com,Austin,TX,78701,USA
Mark,Harris,ABM Industries Incorporated,Analyst,mark.harris.1173@off-109.demo.com,Chicago,IL,60601,USA
Jessica,Sanchez,ABM Industries Incorporated,Manager,jessica.sanchez.1174@off-109.demo.com,Denver,CO,80202,USA
John,Clark,ABM Industries Incorporated,Director,john.clark.1175@off-109.demo.com,Miami,FL,33101,USA
Karen,Ramirez,ABM Industries Incorporated,VP,karen.ramirez.1176@off-109.demo.com,Portland,OR,97201,USA
Michael,Lewis,ABM Industries Incorporated,Engineer,michael.lewis.1177@off-109.demo.com,Atlanta,GA,30301,USA
Nancy,Robinson,ABM Industries Incorporated,Consultant,nancy.robinson.1178@off-109.demo.com,Boston,MA,02101,USA
David,Smith,ABM Industries Incorporated,Specialist,david.smith.1179@off-109.demo.com,Seattle,WA,98101,USA
Margaret,Johnson,Abiomed,VP,margaret.johnson.1180@off-110.demo.com,Austin,TX,78701,USA
Joseph,Williams,Abiomed,Engineer,joseph.williams.1181@off-110.demo.com,Chicago,IL,60601,USA
Mary,Brown,Abiomed,Consultant,mary.brown.1182@off-110.demo.com,Denver,CO,80202,USA
Charles,Jones,Abiomed,Specialist,charles.jones.1183@off-110.demo.com,Miami,FL,33101,USA
Jennifer,Garcia,Abiomed,Coordinator,jennifer.garcia.1184@off-110.demo.com,Portland,OR,97201,USA
Daniel,Miller,Abiomed,Analyst,daniel.miller.1185@off-110.demo.com,Atlanta,GA,30301,USA
Elizabeth,Davis,Abiomed,Manager,elizabeth.davis.1186@off-110.demo.com,Boston,MA,02101,USA
Anthony,Rodriguez,Abiomed,Director,anthony.rodriguez.1187@off-110.demo.com,Seattle,WA,98101,USA
Susan,Martinez,Abiomed,VP,susan.martinez.1188@off-110.demo.com,Austin,TX,78701,USA
James,Hernandez,Abiomed,Engineer,james.hernandez.1189@off-110.demo.com,Chicago,IL,60601,USA
Sarah,Lopez,Abengoa Yield Plc,Coordinator,sarah.lopez.1190@off-111.demo.com,Denver,CO,80202,USA
Robert,Gonzalez,Abengoa Yield Plc,Analyst,robert.gonzalez.1191@off-111.demo.com,Miami,FL,33101,USA
Lisa,Wilson,Abengoa Yield Plc,Manager,lisa.wilson.1192@off-111.demo.com,Portland,OR,97201,USA
William,Anderson,Abengoa Yield Plc,Director,william.anderson.1193@off-111.demo.com,Atlanta,GA,30301,USA
Betty,Thomas,Abengoa Yield Plc,VP,betty.thomas.1194@off-111.demo.com,Boston,MA,02101,USA
Richard,Taylor,Abengoa Yield Plc,Engineer,richard.taylor.1195@off-111.demo.com,Seattle,WA,98101,USA
Sandra,Moore,Abengoa Yield Plc,Consultant,sandra.moore.1196@off-111.demo.com,Austin,TX,78701,USA
Thomas,Jackson,Abengoa Yield Plc,Specialist,thomas.jackson.1197@off-111.demo.com,Chicago,IL,60601,USA
Patricia,Martin,Abengoa Yield Plc,Coordinator,patricia.martin.1198@off-111.demo.com,Denver,CO,80202,USA
Christopher,Lee,Abengoa Yield Plc,Analyst,christopher.lee.1199@off-111.demo.com,Miami,FL,33101,USA
Linda,Perez,Acadia Pharmaceuticals Inc,Director,linda.perez.1200@off-112.demo.com,Portland,OR,97201,USA
Matthew,Thompson,Acadia Pharmaceuticals Inc,VP,matthew.thompson.1201@off-112.demo.com,Atlanta,GA,30301,USA
Barbara,White,Acadia Pharmaceuticals Inc,Engineer,barbara.white.1202@off-112.demo.com,Boston,MA,02101,USA
Mark,Harris,Acadia Pharmaceuticals Inc,Consultant,mark.harris.1203@off-112.demo.com,Seattle,WA,98101,USA
Jessica,Sanchez,Acadia Pharmaceuticals Inc,Specialist,jessica.sanchez.1204@off-112.demo.com,Austin,TX,78701,USA
John,Clark,Acadia Pharmaceuticals Inc,Coordinator,john.clark.1205@off-112.demo.com,Chicago,IL,60601,USA
Karen,Ramirez,Acadia Pharmaceuticals Inc,Analyst,karen.ramirez.1206@off-112.demo.com,Denver,CO,80202,USA
Michael,Lewis,Acadia Pharmaceuticals Inc,Manager,michael.lewis.1207@off-112.demo.com,Miami,FL,33101,USA
Nancy,Robinson,Acadia Pharmaceuticals Inc,Director,nancy.robinson.1208@off-112.demo.com,Portland,OR,97201,USA
David,Smith,Acadia Pharmaceuticals Inc,VP,david.smith.1209@off-112.demo.com,Atlanta,GA,30301,USA
Margaret,Johnson,Arctic Cat Inc,Analyst,margaret.johnson.1210@off-113.demo.com,Boston,MA,02101,USA
Joseph,Williams,Arctic Cat Inc,Manager,joseph.williams.1211@off-113.demo.com,Seattle,WA,98101,USA
Mary,Brown,Arctic Cat Inc,Director,mary.brown.1212@off-113.demo.com,Austin,TX,78701,USA
Charles,Jones,Arctic Cat Inc,VP,charles.jones.1213@off-113.demo.com,Chicago,IL,60601,USA
Jennifer,Garcia,Arctic Cat Inc,Engineer,jennifer.garcia.1214@off-113.demo.com,Denver,CO,80202,USA
Daniel,Miller,Arctic Cat Inc,Consultant,daniel.miller.1215@off-113.demo.com,Miami,FL,33101,USA
Elizabeth,Davis,Arctic Cat Inc,Specialist,elizabeth.davis.1216@off-113.demo.com,Portland,OR,97201,USA
Anthony,Rodriguez,Arctic Cat Inc,Coordinator,anthony.rodriguez.1217@off-113.demo.com,Atlanta,GA,30301,USA
Susan,Martinez,Arctic Cat Inc,Analyst,susan.martinez.1218@off-113.demo.com,Boston,MA,02101,USA
James,Hernandez,Arctic Cat Inc,Manager,james.hernandez.1219@off-113.demo.com,Seattle,WA,98101,USA
Sarah,Lopez,Acco Brands Corp,Engineer,sarah.lopez.1220@off-114.demo.com,Austin,TX,78701,USA
Robert,Gonzalez,Acco Brands Corp,Consultant,robert.gonzalez.1221@off-114.demo.com,Chicago,IL,60601,USA
Lisa,Wilson,Acco Brands Corp,Specialist,lisa.wilson.1222@off-114.demo.com,Denver,CO,80202,USA
William,Anderson,Acco Brands Corp,Coordinator,william.anderson.1223@off-114.demo.com,Miami,FL,33101,USA
Betty,Thomas,Acco Brands Corp,Analyst,betty.thomas.1224@off-114.demo.com,Portland,OR,97201,USA
Richard,Taylor,Acco Brands Corp,Manager,richard.taylor.1225@off-114.demo.com,Atlanta,GA,30301,USA
Sandra,Moore,Acco Brands Corp,Director,sandra.moore.1226@off-114.demo.com,Boston,MA,02101,USA
Thomas,Jackson,Acco Brands Corp,VP,thomas.jackson.1227@off-114.demo.com,Seattle,WA,98101,USA
Patricia,Martin,Acco Brands Corp,Engineer,patricia.martin.1228@off-114.demo.com,Austin,TX,78701,USA
Christopher,Lee,Acco Brands Corp,Consultant,christopher.lee.1229@off-114.demo.com,Chicago,IL,60601,USA
Linda,Perez,Aceto Corp,Analyst,linda.perez.1230@off-115.demo.com,Denver,CO,80202,USA
Matthew,Thompson,Aceto Corp,Manager,matthew.thompson.1231@off-115.demo.com,Miami,FL,33101,USA
Barbara,White,Aceto Corp,Director,barbara.white.1232@off-115.demo.com,Portland,OR,97201,USA
Mark,Harris,Aceto Corp,VP,mark.harris.1233@off-115.demo.com,Atlanta,GA,30301,USA
Jessica,Sanchez,Aceto Corp,Engineer,jessica.sanchez.1234@off-115.demo.com,Boston,MA,02101,USA
John,Clark,Aceto Corp,Consultant,john.clark.1235@off-115.demo.com,Seattle,WA,98101,USA
Karen,Ramirez,Aceto Corp,Specialist,karen.ramirez.1236@off-115.demo.com,Austin,TX,78701,USA
Michael,Lewis,Aceto Corp,Coordinator,michael.lewis.1237@off-115.demo.com,Chicago,IL,60601,USA
Nancy,Robinson,Aceto Corp,Analyst,nancy.robinson.1238@off-115.demo.com,Denver,CO,80202,USA
David,Smith,Aceto Corp,Manager,david.smith.1239@off-115.demo.com,Miami,FL,33101,USA
Margaret,Johnson,Achillion Pharmaceuticals,Manager,margaret.johnson.1240@off-116.demo.com,Portland,OR,97201,USA
Joseph,Williams,Achillion Pharmaceuticals,Director,joseph.williams.1241@off-116.demo.com,Atlanta,GA,30301,USA
Mary,Brown,Achillion Pharmaceuticals,VP,mary.brown.1242@off-116.demo.com,Boston,MA,02101,USA
Charles,Jones,Achillion Pharmaceuticals,Engineer,charles.jones.1243@off-116.demo.com,Seattle,WA,98101,USA
Jennifer,Garcia,Achillion Pharmaceuticals,Consultant,jennifer.garcia.1244@off-116.demo.com,Austin,TX,78701,USA
Daniel,Miller,Achillion Pharmaceuticals,Specialist,daniel.miller.1245@off-116.demo.com,Chicago,IL,60601,USA
Elizabeth,Davis,Achillion Pharmaceuticals,Coordinator,elizabeth.davis.1246@off-116.demo.com,Denver,CO,80202,USA
Anthony,Rodriguez,Achillion Pharmaceuticals,Analyst,anthony.rodriguez.1247@off-116.demo.com,Miami,FL,33101,USA
Susan,Martinez,Achillion Pharmaceuticals,Manager,susan.martinez.1248@off-116.demo.com,Portland,OR,97201,USA
James,Hernandez,Achillion Pharmaceuticals,Director,james.hernandez.1249@off-116.demo.com,Atlanta,GA,30301,USA
Sarah,Lopez,Aci Worldwide,Coordinator,sarah.lopez.1250@off-117.demo.com,Boston,MA,02101,USA
Robert,Gonzalez,Aci Worldwide,Analyst,robert.gonzalez.1251@off-117.demo.com,Seattle,WA,98101,USA
Lisa,Wilson,Aci Worldwide,Manager,lisa.wilson.1252@off-117.demo.com,Austin,TX,78701,USA
William,Anderson,Aci Worldwide,Director,william.anderson.1253@off-117.demo.com,Chicago,IL,60601,USA
Betty,Thomas,Aci Worldwide,VP,betty.thomas.1254@off-117.demo.com,Denver,CO,80202,USA
Richard,Taylor,Aci Worldwide,Engineer,richard.taylor.1255@off-117.demo.com,Miami,FL,33101,USA
Sandra,Moore,Aci Worldwide,Consultant,sandra.moore.1256@off-117.demo.com,Portland,OR,97201,USA
Thomas,Jackson,Aci Worldwide,Specialist,thomas.jackson.1257@off-117.demo.com,Atlanta,GA,30301,USA
Patricia,Martin,Aci Worldwide,Coordinator,patricia.martin.1258@off-117.demo.com,Boston,MA,02101,USA
Christopher,Lee,Aci Worldwide,Analyst,christopher.lee.1259@off-117.demo.com,Seattle,WA,98101,USA
Linda,Perez,Axcelis Technologies,Analyst,linda.perez.1260@off-118.demo.com,Austin,TX,78701,USA
Matthew,Thompson,Axcelis Technologies,Manager,matthew.thompson.1261@off-118.demo.com,Chicago,IL,60601,USA
Barbara,White,Axcelis Technologies,Director,barbara.white.1262@off-118.demo.com,Denver,CO,80202,USA
Mark,Harris,Axcelis Technologies,VP,mark.harris.1263@off-118.demo.com,Miami,FL,33101,USA
Jessica,Sanchez,Axcelis Technologies,Engineer,jessica.sanchez.1264@off-118.demo.com,Portland,OR,97201,USA
John,Clark,Axcelis Technologies,Consultant,john.clark.1265@off-118.demo.com,Atlanta,GA,30301,USA
Karen,Ramirez,Axcelis Technologies,Specialist,karen.ramirez.1266@off-118.demo.com,Boston,MA,02101,USA
Michael,Lewis,Axcelis Technologies,Coordinator,michael.lewis.1267@off-118.demo.com,Seattle,WA,98101,USA
Nancy,Robinson,Axcelis Technologies,Analyst,nancy.robinson.1268@off-118.demo.com,Austin,TX,78701,USA
David,Smith,Axcelis Technologies,Manager,david.smith.1269@off-118.demo.com,Chicago,IL,60601,USA
Margaret,Johnson,Acorda Therapeutics,Manager,margaret.johnson.1270@off-119.demo.com,Denver,CO,80202,USA
Joseph,Williams,Acorda Therapeutics,Director,joseph.williams.1271@off-119.demo.com,Miami,FL,33101,USA
Mary,Brown,Acorda Therapeutics,VP,mary.brown.1272@off-119.demo.com,Portland,OR,97201,USA
Charles,Jones,Acorda Therapeutics,Engineer,charles.jones.1273@off-119.demo.com,Atlanta,GA,30301,USA
Jennifer,Garcia,Acorda Therapeutics,Consultant,jennifer.garcia.1274@off-119.demo.com,Boston,MA,02101,USA
Daniel,Miller,Acorda Therapeutics,Specialist,daniel.miller.1275@off-119.demo.com,Seattle,WA,98101,USA
Elizabeth,Davis,Acorda Therapeutics,Coordinator,elizabeth.davis.1276@off-119.demo.com,Austin,TX,78701,USA
Anthony,Rodriguez,Acorda Therapeutics,Analyst,anthony.rodriguez.1277@off-119.demo.com,Chicago,IL,60601,USA
Susan,Martinez,Acorda Therapeutics,Manager,susan.martinez.1278@off-119.demo.com,Denver,CO,80202,USA
James,Hernandez,Acorda Therapeutics,Director,james.hernandez.1279@off-119.demo.com,Miami,FL,33101,USA
Sarah,Lopez,Ares Commercial Real Estate Cor,Coordinator,sarah.lopez.1280@off-120.demo.com,Portland,OR,97201,USA
Robert,Gonzalez,Ares Commercial Real Estate Cor,Analyst,robert.gonzalez.1281@off-120.demo.com,Atlanta,GA,30301,USA
Lisa,Wilson,Ares Commercial Real Estate Cor,Manager,lisa.wilson.1282@off-120.demo.com,Boston,MA,02101,USA
William,Anderson,Ares Commercial Real Estate Cor,Director,william.anderson.1283@off-120.demo.com,Seattle,WA,98101,USA
Betty,Thomas,Ares Commercial Real Estate Cor,VP,betty.thomas.1284@off-120.demo.com,Austin,TX,78701,USA
Richard,Taylor,Ares Commercial Real Estate Cor,Engineer,richard.taylor.1285@off-120.demo.com,Chicago,IL,60601,USA
Sandra,Moore,Ares Commercial Real Estate Cor,Consultant,sandra.moore.1286@off-120.demo.com,Denver,CO,80202,USA
Thomas,Jackson,Ares Commercial Real Estate Cor,Specialist,thomas.jackson.1287@off-120.demo.com,Miami,FL,33101,USA
Patricia,Martin,Ares Commercial Real Estate Cor,Coordinator,patricia.martin.1288@off-120.demo.com,Portland,OR,97201,USA
Christopher,Lee,Ares Commercial Real Estate Cor,Analyst,christopher.lee.1289@off-120.demo.com,Atlanta,GA,30301,USA
Linda,Perez,Actua Corporation,VP,linda.perez.1290@off-121.demo.com,Boston,MA,02101,USA
Matthew,Thompson,Actua Corporation,Engineer,matthew.thompson.1291@off-121.demo.com,Seattle,WA,98101,USA
Barbara,White,Actua Corporation,Consultant,barbara.white.1292@off-121.demo.com,Austin,TX,78701,USA
Mark,Harris,Actua Corporation,Specialist,mark.harris.1293@off-121.demo.com,Chicago,IL,60601,USA
Jessica,Sanchez,Actua Corporation,Coordinator,jessica.sanchez.1294@off-121.demo.com,Denver,CO,80202,USA
John,Clark,Actua Corporation,Analyst,john.clark.1295@off-121.demo.com,Miami,FL,33101,USA
Karen,Ramirez,Actua Corporation,Manager,karen.ramirez.1296@off-121.demo.com,Portland,OR,97201,USA
Michael,Lewis,Actua Corporation,Director,michael.lewis.1297@off-121.demo.com,Atlanta,GA,30301,USA
Nancy,Robinson,Actua Corporation,VP,nancy.robinson.1298@off-121.demo.com,Boston,MA,02101,USA
David,Smith,Actua Corporation,Engineer,david.smith.1299@off-121.demo.com,Seattle,WA,98101,USA
Margaret,Johnson,Acacia Research Corp,Analyst,margaret.johnson.1300@off-122.demo.com,Austin,TX,78701,USA
Joseph,Williams,Acacia Research Corp,Manager,joseph.williams.1301@off-122.demo.com,Chicago,IL,60601,USA
Mary,Brown,Acacia Research Corp,Director,mary.brown.1302@off-122.demo.com,Denver,CO,80202,USA
Charles,Jones,Acacia Research Corp,VP,charles.jones.1303@off-122.demo.com,Miami,FL,33101,USA
Jennifer,Garcia,Acacia Research Corp,Engineer,jennifer.garcia.1304@off-122.demo.com,Portland,OR,97201,USA
Daniel,Miller,Acacia Research Corp,Consultant,daniel.miller.1305@off-122.demo.com,Atlanta,GA,30301,USA
Elizabeth,Davis,Acacia Research Corp,Specialist,elizabeth.davis.1306@off-122.demo.com,Boston,MA,02101,USA
Anthony,Rodriguez,Acacia Research Corp,Coordinator,anthony.rodriguez.1307@off-122.demo.com,Seattle,WA,98101,USA
Susan,Martinez,Acacia Research Corp,Analyst,susan.martinez.1308@off-122.demo.com,Austin,TX,78701,USA
James,Hernandez,Acacia Research Corp,Manager,james.hernandez.1309@off-122.demo.com,Chicago,IL,60601,USA
Sarah,Lopez,Accuride Corporation,Director,sarah.lopez.1310@off-123.demo.com,Denver,CO,80202,USA
Robert,Gonzalez,Accuride Corporation,VP,robert.gonzalez.1311@off-123.demo.com,Miami,FL,33101,USA
Lisa,Wilson,Accuride Corporation,Engineer,lisa.wilson.1312@off-123.demo.com,Portland,OR,97201,USA
William,Anderson,Accuride Corporation,Consultant,william.anderson.1313@off-123.demo.com,Atlanta,GA,30301,USA
Betty,Thomas,Accuride Corporation,Specialist,betty.thomas.1314@off-123.demo.com,Boston,MA,02101,USA
Richard,Taylor,Accuride Corporation,Coordinator,richard.taylor.1315@off-123.demo.com,Seattle,WA,98101,USA
Sandra,Moore,Accuride Corporation,Analyst,sandra.moore.1316@off-123.demo.com,Austin,TX,78701,USA
Thomas,Jackson,Accuride Corporation,Manager,thomas.jackson.1317@off-123.demo.com,Chicago,IL,60601,USA
Patricia,Martin,Accuride Corporation,Director,patricia.martin.1318@off-123.demo.com,Denver,CO,80202,USA
Christopher,Lee,Accuride Corporation,VP,christopher.lee.1319@off-123.demo.com,Miami,FL,33101,USA
Linda,Perez,Acxiom Corp,VP,linda.perez.1320@off-124.demo.com,Portland,OR,97201,USA
Matthew,Thompson,Acxiom Corp,Engineer,matthew.thompson.1321@off-124.demo.com,Atlanta,GA,30301,USA
Barbara,White,Acxiom Corp,Consultant,barbara.white.1322@off-124.demo.com,Boston,MA,02101,USA
Mark,Harris,Acxiom Corp,Specialist,mark.harris.1323@off-124.demo.com,Seattle,WA,98101,USA
Jessica,Sanchez,Acxiom Corp,Coordinator,jessica.sanchez.1324@off-124.demo.com,Austin,TX,78701,USA
John,Clark,Acxiom Corp,Analyst,john.clark.1325@off-124.demo.com,Chicago,IL,60601,USA
Karen,Ramirez,Acxiom Corp,Manager,karen.ramirez.1326@off-124.demo.com,Denver,CO,80202,USA
Michael,Lewis,Acxiom Corp,Director,michael.lewis.1327@off-124.demo.com,Miami,FL,33101,USA
Nancy,Robinson,Acxiom Corp,VP,nancy.robinson.1328@off-124.demo.com,Portland,OR,97201,USA
David,Smith,Acxiom Corp,Engineer,david.smith.1329@off-124.demo.com,Atlanta,GA,30301,USA
Margaret,Johnson,Agree Realty Corp,VP,margaret.johnson.1330@off-125.demo.com,Boston,MA,02101,USA
Joseph,Williams,Agree Realty Corp,Engineer,joseph.williams.1331@off-125.demo.com,Seattle,WA,98101,USA
Mary,Brown,Agree Realty Corp,Consultant,mary.brown.1332@off-125.demo.com,Austin,TX,78701,USA
Charles,Jones,Agree Realty Corp,Specialist,charles.jones.1333@off-125.demo.com,Chicago,IL,60601,USA
Jennifer,Garcia,Agree Realty Corp,Coordinator,jennifer.garcia.1334@off-125.demo.com,Denver,CO,80202,USA
Daniel,Miller,Agree Realty Corp,Analyst,daniel.miller.1335@off-125.demo.com,Miami,FL,33101,USA
Elizabeth,Davis,Agree Realty Corp,Manager,elizabeth.davis.1336@off-125.demo.com,Portland,OR,97201,USA
Anthony,Rodriguez,Agree Realty Corp,Director,anthony.rodriguez.1337@off-125.demo.com,Atlanta,GA,30301,USA
Susan,Martinez,Agree Realty Corp,VP,susan.martinez.1338@off-125.demo.com,Boston,MA,02101,USA
James,Hernandez,Agree Realty Corp,Engineer,james.hernandez.1339@off-125.demo.com,Seattle,WA,98101,USA
Sarah,Lopez,Adamas Pharmaceuticals Inc,Specialist,sarah.lopez.1340@off-126.demo.com,Austin,TX,78701,USA
Robert,Gonzalez,Adamas Pharmaceuticals Inc,Coordinator,robert.gonzalez.1341@off-126.demo.com,Chicago,IL,60601,USA
Lisa,Wilson,Adamas Pharmaceuticals Inc,Analyst,lisa.wilson.1342@off-126.demo.com,Denver,CO,80202,USA
William,Anderson,Adamas Pharmaceuticals Inc,Manager,william.anderson.1343@off-126.demo.com,Miami,FL,33101,USA
Betty,Thomas,Adamas Pharmaceuticals Inc,Director,betty.thomas.1344@off-126.demo.com,Portland,OR,97201,USA
Richard,Taylor,Adamas Pharmaceuticals Inc,VP,richard.taylor.1345@off-126.demo.com,Atlanta,GA,30301,USA
Sandra,Moore,Adamas Pharmaceuticals Inc,Engineer,sandra.moore.1346@off-126.demo.com,Boston,MA,02101,USA
Thomas,Jackson,Adamas Pharmaceuticals Inc,Consultant,thomas.jackson.1347@off-126.demo.com,Seattle,WA,98101,USA
Patricia,Martin,Adamas Pharmaceuticals Inc,Specialist,patricia.martin.1348@off-126.demo.com,Austin,TX,78701,USA
Christopher,Lee,Adamas Pharmaceuticals Inc,Coordinator,christopher.lee.1349@off-126.demo.com,Chicago,IL,60601,USA
Linda,Perez,Adeptus Health Inc,Analyst,linda.perez.1350@off-127.demo.com,Denver,CO,80202,USA
Matthew,Thompson,Adeptus Health Inc,Manager,matthew.thompson.1351@off-127.demo.com,Miami,FL,33101,USA
Barbara,White,Adeptus Health Inc,Director,barbara.white.1352@off-127.demo.com,Portland,OR,97201,USA
Mark,Harris,Adeptus Health Inc,VP,mark.harris.1353@off-127.demo.com,Atlanta,GA,30301,USA
Jessica,Sanchez,Adeptus Health Inc,Engineer,jessica.sanchez.1354@off-127.demo.com,Boston,MA,02101,USA
John,Clark,Adeptus Health Inc,Consultant,john.clark.1355@off-127.demo.com,Seattle,WA,98101,USA
Karen,Ramirez,Adeptus Health Inc,Specialist,karen.ramirez.1356@off-127.demo.com,Austin,TX,78701,USA
Michael,Lewis,Adeptus Health Inc,Coordinator,michael.lewis.1357@off-127.demo.com,Chicago,IL,60601,USA
Nancy,Robinson,Adeptus Health Inc,Analyst,nancy.robinson.1358@off-127.demo.com,Denver,CO,80202,USA
David,Smith,Adeptus Health Inc,Manager,david.smith.1359@off-127.demo.com,Miami,FL,33101,USA
Margaret,Johnson,Aduro Biotech Inc,Manager,margaret.johnson.1360@off-128.demo.com,Portland,OR,97201,USA
Joseph,Williams,Aduro Biotech Inc,Director,joseph.williams.1361@off-128.demo.com,Atlanta,GA,30301,USA
Mary,Brown,Aduro Biotech Inc,VP,mary.brown.1362@off-128.demo.com,Boston,MA,02101,USA
Charles,Jones,Aduro Biotech Inc,Engineer,charles.jones.1363@off-128.demo.com,Seattle,WA,98101,USA
Jennifer,Garcia,Aduro Biotech Inc,Consultant,jennifer.garcia.1364@off-128.demo.com,Austin,TX,78701,USA
Daniel,Miller,Aduro Biotech Inc,Specialist,daniel.miller.1365@off-128.demo.com,Chicago,IL,60601,USA
Elizabeth,Davis,Aduro Biotech Inc,Coordinator,elizabeth.davis.1366@off-128.demo.com,Denver,CO,80202,USA
Anthony,Rodriguez,Aduro Biotech Inc,Analyst,anthony.rodriguez.1367@off-128.demo.com,Miami,FL,33101,USA
Susan,Martinez,Aduro Biotech Inc,Manager,susan.martinez.1368@off-128.demo.com,Portland,OR,97201,USA
James,Hernandez,Aduro Biotech Inc,Director,james.hernandez.1369@off-128.demo.com,Atlanta,GA,30301,USA
Sarah,Lopez,Adtran Inc,Engineer,sarah.lopez.1370@off-129.demo.com,Boston,MA,02101,USA
Robert,Gonzalez,Adtran Inc,Consultant,robert.gonzalez.1371@off-129.demo.com,Seattle,WA,98101,USA
Lisa,Wilson,Adtran Inc,Specialist,lisa.wilson.1372@off-129.demo.com,Austin,TX,78701,USA
William,Anderson,Adtran Inc,Coordinator,william.anderson.1373@off-129.demo.com,Chicago,IL,60601,USA
Betty,Thomas,Adtran Inc,Analyst,betty.thomas.1374@off-129.demo.com,Denver,CO,80202,USA
Richard,Taylor,Adtran Inc,Manager,richard.taylor.1375@off-129.demo.com,Miami,FL,33101,USA
Sandra,Moore,Adtran Inc,Director,sandra.moore.1376@off-129.demo.com,Portland,OR,97201,USA
Thomas,Jackson,Adtran Inc,VP,thomas.jackson.1377@off-129.demo.com,Atlanta,GA,30301,USA
Patricia,Martin,Adtran Inc,Engineer,patricia.martin.1378@off-129.demo.com,Boston,MA,02101,USA
Christopher,Lee,Adtran Inc,Consultant,christopher.lee.1379@off-129.demo.com,Seattle,WA,98101,USA
Linda,Perez,Addus Homecare Corp,Coordinator,linda.perez.1380@off-130.demo.com,Austin,TX,78701,USA
Matthew,Thompson,Addus Homecare Corp,Analyst,matthew.thompson.1381@off-130.demo.com,Chicago,IL,60601,USA
Barbara,White,Addus Homecare Corp,Manager,barbara.white.1382@off-130.demo.com,Denver,CO,80202,USA
Mark,Harris,Addus Homecare Corp,Director,mark.harris.1383@off-130.demo.com,Miami,FL,33101,USA
Jessica,Sanchez,Addus Homecare Corp,VP,jessica.sanchez.1384@off-130.demo.com,Portland,OR,97201,USA
John,Clark,Addus Homecare Corp,Engineer,john.clark.1385@off-130.demo.com,Atlanta,GA,30301,USA
Karen,Ramirez,Addus Homecare Corp,Consultant,karen.ramirez.1386@off-130.demo.com,Boston,MA,02101,USA
Michael,Lewis,Addus Homecare Corp,Specialist,michael.lewis.1387@off-130.demo.com,Seattle,WA,98101,USA
Nancy,Robinson,Addus Homecare Corp,Coordinator,nancy.robinson.1388@off-130.demo.com,Austin,TX,78701,USA
David,Smith,Addus Homecare Corp,Analyst,david.smith.1389@off-130.demo.com,Chicago,IL,60601,USA
Margaret,Johnson,Advaxis Inc,Manager,margaret.johnson.1390@off-131.demo.com,Denver,CO,80202,USA
Joseph,Williams,Advaxis Inc,Director,joseph.williams.1391@off-131.demo.com,Miami,FL,33101,USA
Mary,Brown,Advaxis Inc,VP,mary.brown.1392@off-131.demo.com,Portland,OR,97201,USA
Charles,Jones,Advaxis Inc,Engineer,charles.jones.1393@off-131.demo.com,Atlanta,GA,30301,USA
Jennifer,Garcia,Advaxis Inc,Consultant,jennifer.garcia.1394@off-131.demo.com,Boston,MA,02101,USA
Daniel,Miller,Advaxis Inc,Specialist,daniel.miller.1395@off-131.demo.com,Seattle,WA,98101,USA
Elizabeth,Davis,Advaxis Inc,Coordinator,elizabeth.davis.1396@off-131.demo.com,Austin,TX,78701,USA
Anthony,Rodriguez,Advaxis Inc,Analyst,anthony.rodriguez.1397@off-131.demo.com,Chicago,IL,60601,USA
Susan,Martinez,Advaxis Inc,Manager,susan.martinez.1398@off-131.demo.com,Denver,CO,80202,USA
James,Hernandez,Advaxis Inc,Director,james.hernandez.1399@off-131.demo.com,Miami,FL,33101,USA
Sarah,Lopez,Adams Resources & Energy,Analyst,sarah.lopez.1400@off-132.demo.com,Portland,OR,97201,USA
Robert,Gonzalez,Adams Resources & Energy,Manager,robert.gonzalez.1401@off-132.demo.com,Atlanta,GA,30301,USA
Lisa,Wilson,Adams Resources & Energy,Director,lisa.wilson.1402@off-132.demo.com,Boston,MA,02101,USA
William,Anderson,Adams Resources & Energy,VP,william.anderson.1403@off-132.demo.com,Seattle,WA,98101,USA
Betty,Thomas,Adams Resources & Energy,Engineer,betty.thomas.1404@off-132.demo.com,Austin,TX,78701,USA
Richard,Taylor,Adams Resources & Energy,Consultant,richard.taylor.1405@off-132.demo.com,Chicago,IL,60601,USA
Sandra,Moore,Adams Resources & Energy,Specialist,sandra.moore.1406@off-132.demo.com,Denver,CO,80202,USA
Thomas,Jackson,Adams Resources & Energy,Coordinator,thomas.jackson.1407@off-132.demo.com,Miami,FL,33101,USA
Patricia,Martin,Adams Resources & Energy,Analyst,patricia.martin.1408@off-132.demo.com,Portland,OR,97201,USA
Christopher,Lee,Adams Resources & Energy,Manager,christopher.lee.1409@off-132.demo.com,Atlanta,GA,30301,USA
Linda,Perez,Aegoin Corp,Consultant,linda.perez.1410@off-133.demo.com,Boston,MA,02101,USA
Matthew,Thompson,Aegoin Corp,Specialist,matthew.thompson.1411@off-133.demo.com,Seattle,WA,98101,USA
Barbara,White,Aegoin Corp,Coordinator,barbara.white.1412@off-133.demo.com,Austin,TX,78701,USA
Mark,Harris,Aegoin Corp,Analyst,mark.harris.1413@off-133.demo.com,Chicago,IL,60601,USA
Jessica,Sanchez,Aegoin Corp,Manager,jessica.sanchez.1414@off-133.demo.com,Denver,CO,80202,USA
John,Clark,Aegoin Corp,Director,john.clark.1415@off-133.demo.com,Miami,FL,33101,USA
Karen,Ramirez,Aegoin Corp,VP,karen.ramirez.1416@off-133.demo.com,Portland,OR,97201,USA
Michael,Lewis,Aegoin Corp,Engineer,michael.lewis.1417@off-133.demo.com,Atlanta,GA,30301,USA
Nancy,Robinson,Aegoin Corp,Consultant,nancy.robinson.1418@off-133.demo.com,Boston,MA,02101,USA
David,Smith,Aegoin Corp,Specialist,david.smith.1419@off-133.demo.com,Seattle,WA,98101,USA
Margaret,Johnson,Aegerion Pharmaceuticals,Engineer,margaret.johnson.1420@off-134.demo.com,Austin,TX,78701,USA
Joseph,Williams,Aegerion Pharmaceuticals,Consultant,joseph.williams.1421@off-134.demo.com,Chicago,IL,60601,USA
Mary,Brown,Aegerion Pharmaceuticals,Specialist,mary.brown.1422@off-134.demo.com,Denver,CO,80202,USA
Charles,Jones,Aegerion Pharmaceuticals,Coordinator,charles.jones.1423@off-134.demo.com,Miami,FL,33101,USA
Jennifer,Garcia,Aegerion Pharmaceuticals,Analyst,jennifer.garcia.1424@off-134.demo.com,Portland,OR,97201,USA
Daniel,Miller,Aegerion Pharmaceuticals,Manager,daniel.miller.1425@off-134.demo.com,Atlanta,GA,30301,USA
Elizabeth,Davis,Aegerion Pharmaceuticals,Director,elizabeth.davis.1426@off-134.demo.com,Boston,MA,02101,USA
Anthony,Rodriguez,Aegerion Pharmaceuticals,VP,anthony.rodriguez.1427@off-134.demo.com,Seattle,WA,98101,USA
Susan,Martinez,Aegerion Pharmaceuticals,Engineer,susan.martinez.1428@off-134.demo.com,Austin,TX,78701,USA
James,Hernandez,Aegerion Pharmaceuticals,Consultant,james.hernandez.1429@off-134.demo.com,Chicago,IL,60601,USA
Sarah,Lopez,Advanced Energy Industries,Analyst,sarah.lopez.1430@off-135.demo.com,Denver,CO,80202,USA
Robert,Gonzalez,Advanced Energy Industries,Manager,robert.gonzalez.1431@off-135.demo.com,Miami,FL,33101,USA
Lisa,Wilson,Advanced Energy Industries,Director,lisa.wilson.1432@off-135.demo.com,Portland,OR,97201,USA
William,Anderson,Advanced Energy Industries,VP,william.anderson.1433@off-135.demo.com,Atlanta,GA,30301,USA
Betty,Thomas,Advanced Energy Industries,Engineer,betty.thomas.1434@off-135.demo.com,Boston,MA,02101,USA
Richard,Taylor,Advanced Energy Industries,Consultant,richard.taylor.1435@off-135.demo.com,Seattle,WA,98101,USA
Sandra,Moore,Advanced Energy Industries,Specialist,sandra.moore.1436@off-135.demo.com,Austin,TX,78701,USA
Thomas,Jackson,Advanced Energy Industries,Coordinator,thomas.jackson.1437@off-135.demo.com,Chicago,IL,60601,USA
Patricia,Martin,Advanced Energy Industries,Analyst,patricia.martin.1438@off-135.demo.com,Denver,CO,80202,USA
Christopher,Lee,Advanced Energy Industries,Manager,christopher.lee.1439@off-135.demo.com,Miami,FL,33101,USA
Linda,Perez,American Equity Investment Life,Coordinator,linda.perez.1440@off-136.demo.com,Portland,OR,97201,USA
Matthew,Thompson,American Equity Investment Life,Analyst,matthew.thompson.1441@off-136.demo.com,Atlanta,GA,30301,USA
Barbara,White,American Equity Investment Life,Manager,barbara.white.1442@off-136.demo.com,Boston,MA,02101,USA
Mark,Harris,American Equity Investment Life,Director,mark.harris.1443@off-136.demo.com,Seattle,WA,98101,USA
Jessica,Sanchez,American Equity Investment Life,VP,jessica.sanchez.1444@off-136.demo.com,Austin,TX,78701,USA
John,Clark,American Equity Investment Life,Engineer,john.clark.1445@off-136.demo.com,Chicago,IL,60601,USA
Karen,Ramirez,American Equity Investment Life,Consultant,karen.ramirez.1446@off-136.demo.com,Denver,CO,80202,USA
Michael,Lewis,American Equity Investment Life,Specialist,michael.lewis.1447@off-136.demo.com,Miami,FL,33101,USA
Nancy,Robinson,American Equity Investment Life,Coordinator,nancy.robinson.1448@off-136.demo.com,Portland,OR,97201,USA
David,Smith,American Equity Investment Life,Analyst,david.smith.1449@off-136.demo.com,Atlanta,GA,30301,USA
Margaret,Johnson,American Eagle Outfitters,VP,margaret.johnson.1450@off-137.demo.com,Boston,MA,02101,USA
Joseph,Williams,American Eagle Outfitters,Engineer,joseph.williams.1451@off-137.demo.com,Seattle,WA,98101,USA
Mary,Brown,American Eagle Outfitters,Consultant,mary.brown.1452@off-137.demo.com,Austin,TX,78701,USA
Charles,Jones,American Eagle Outfitters,Specialist,charles.jones.1453@off-137.demo.com,Chicago,IL,60601,USA
Jennifer,Garcia,American Eagle Outfitters,Coordinator,jennifer.garcia.1454@off-137.demo.com,Denver,CO,80202,USA
Daniel,Miller,American Eagle Outfitters,Analyst,daniel.miller.1455@off-137.demo.com,Miami,FL,33101,USA
Elizabeth,Davis,American Eagle Outfitters,Manager,elizabeth.davis.1456@off-137.demo.com,Portland,OR,97201,USA
Anthony,Rodriguez,American Eagle Outfitters,Director,anthony.rodriguez.1457@off-137.demo.com,Atlanta,GA,30301,USA
Susan,Martinez,American Eagle Outfitters,VP,susan.martinez.1458@off-137.demo.com,Boston,MA,02101,USA
James,Hernandez,American Eagle Outfitters,Engineer,james.hernandez.1459@off-137.demo.com,Seattle,WA,98101,USA
Sarah,Lopez,AEP Industries Inc,Specialist,sarah.lopez.1460@off-138.demo.com,Austin,TX,78701,USA
Robert,Gonzalez,AEP Industries Inc,Coordinator,robert.gonzalez.1461@off-138.demo.com,Chicago,IL,60601,USA
Lisa,Wilson,AEP Industries Inc,Analyst,lisa.wilson.1462@off-138.demo.com,Denver,CO,80202,USA
William,Anderson,AEP Industries Inc,Manager,william.anderson.1463@off-138.demo.com,Miami,FL,33101,USA
Betty,Thomas,AEP Industries Inc,Director,betty.thomas.1464@off-138.demo.com,Portland,OR,97201,USA
Richard,Taylor,AEP Industries Inc,VP,richard.taylor.1465@off-138.demo.com,Atlanta,GA,30301,USA
Sandra,Moore,AEP Industries Inc,Engineer,sandra.moore.1466@off-138.demo.com,Boston,MA,02101,USA
Thomas,Jackson,AEP Industries Inc,Consultant,thomas.jackson.1467@off-138.demo.com,Seattle,WA,98101,USA
Patricia,Martin,AEP Industries Inc,Specialist,patricia.martin.1468@off-138.demo.com,Austin,TX,78701,USA
Christopher,Lee,AEP Industries Inc,Coordinator,christopher.lee.1469@off-138.demo.com,Chicago,IL,60601,USA
Linda,Perez,Aerie Pharmaceuticals Inc,Coordinator,linda.perez.1470@off-139.demo.com,Denver,CO,80202,USA
Matthew,Thompson,Aerie Pharmaceuticals Inc,Analyst,matthew.thompson.1471@off-139.demo.com,Miami,FL,33101,USA
Barbara,White,Aerie Pharmaceuticals Inc,Manager,barbara.white.1472@off-139.demo.com,Portland,OR,97201,USA
Mark,Harris,Aerie Pharmaceuticals Inc,Director,mark.harris.1473@off-139.demo.com,Atlanta,GA,30301,USA
Jessica,Sanchez,Aerie Pharmaceuticals Inc,VP,jessica.sanchez.1474@off-139.demo.com,Boston,MA,02101,USA
John,Clark,Aerie Pharmaceuticals Inc,Engineer,john.clark.1475@off-139.demo.com,Seattle,WA,98101,USA
Karen,Ramirez,Aerie Pharmaceuticals Inc,Consultant,karen.ramirez.1476@off-139.demo.com,Austin,TX,78701,USA
Michael,Lewis,Aerie Pharmaceuticals Inc,Specialist,michael.lewis.1477@off-139.demo.com,Chicago,IL,60601,USA
Nancy,Robinson,Aerie Pharmaceuticals Inc,Coordinator,nancy.robinson.1478@off-139.demo.com,Denver,CO,80202,USA
David,Smith,Aerie Pharmaceuticals Inc,Analyst,david.smith.1479@off-139.demo.com,Miami,FL,33101,USA
Margaret,Johnson,Astoria Financial Corp,Specialist,margaret.johnson.1480@off-140.demo.com,Portland,OR,97201,USA
Joseph,Williams,Astoria Financial Corp,Coordinator,joseph.williams.1481@off-140.demo.com,Atlanta,GA,30301,USA
Mary,Brown,Astoria Financial Corp,Analyst,mary.brown.1482@off-140.demo.com,Boston,MA,02101,USA
Charles,Jones,Astoria Financial Corp,Manager,charles.jones.1483@off-140.demo.com,Seattle,WA,98101,USA
Jennifer,Garcia,Astoria Financial Corp,Director,jennifer.garcia.1484@off-140.demo.com,Austin,TX,78701,USA
Daniel,Miller,Astoria Financial Corp,VP,daniel.miller.1485@off-140.demo.com,Chicago,IL,60601,USA
Elizabeth,Davis,Astoria Financial Corp,Engineer,elizabeth.davis.1486@off-140.demo.com,Denver,CO,80202,USA
Anthony,Rodriguez,Astoria Financial Corp,Consultant,anthony.rodriguez.1487@off-140.demo.com,Miami,FL,33101,USA
Susan,Martinez,Astoria Financial Corp,Specialist,susan.martinez.1488@off-140.demo.com,Portland,OR,97201,USA
James,Hernandez,Astoria Financial Corp,Coordinator,james.hernandez.1489@off-140.demo.com,Atlanta,GA,30301,USA
Sarah,Lopez,Almost Family Inc,VP,sarah.lopez.1490@off-141.demo.com,Boston,MA,02101,USA
Robert,Gonzalez,Almost Family Inc,Engineer,robert.gonzalez.1491@off-141.demo.com,Seattle,WA,98101,USA
Lisa,Wilson,Almost Family Inc,Consultant,lisa.wilson.1492@off-141.demo.com,Austin,TX,78701,USA
William,Anderson,Almost Family Inc,Specialist,william.anderson.1493@off-141.demo.com,Chicago,IL,60601,USA
Betty,Thomas,Almost Family Inc,Coordinator,betty.thomas.1494@off-141.demo.com,Denver,CO,80202,USA
Richard,Taylor,Almost Family Inc,Analyst,richard.taylor.1495@off-141.demo.com,Miami,FL,33101,USA
Sandra,Moore,Almost Family Inc,Manager,sandra.moore.1496@off-141.demo.com,Portland,OR,97201,USA
Thomas,Jackson,Almost Family Inc,Director,thomas.jackson.1497@off-141.demo.com,Atlanta,GA,30301,USA
Patricia,Martin,Almost Family Inc,VP,patricia.martin.1498@off-141.demo.com,Boston,MA,02101,USA
Christopher,Lee,Almost Family Inc,Engineer,christopher.lee.1499@off-141.demo.com,Seattle,WA,98101,USA
Linda,Perez,Affymetrix,Specialist,linda.perez.1500@off-142.demo.com,Austin,TX,78701,USA
Matthew,Thompson,Affymetrix,Coordinator,matthew.thompson.1501@off-142.demo.com,Chicago,IL,60601,USA
Barbara,White,Affymetrix,Analyst,barbara.white.1502@off-142.demo.com,Denver,CO,80202,USA
Mark,Harris,Affymetrix,Manager,mark.harris.1503@off-142.demo.com,Miami,FL,33101,USA
Jessica,Sanchez,Affymetrix,Director,jessica.sanchez.1504@off-142.demo.com,Portland,OR,97201,USA
John,Clark,Affymetrix,VP,john.clark.1505@off-142.demo.com,Atlanta,GA,30301,USA
Karen,Ramirez,Affymetrix,Engineer,karen.ramirez.1506@off-142.demo.com,Boston,MA,02101,USA
Michael,Lewis,Affymetrix,Consultant,michael.lewis.1507@off-142.demo.com,Seattle,WA,98101,USA
Nancy,Robinson,Affymetrix,Specialist,nancy.robinson.1508@off-142.demo.com,Austin,TX,78701,USA
David,Smith,Affymetrix,Coordinator,david.smith.1509@off-142.demo.com,Chicago,IL,60601,USA
Margaret,Johnson,Atlas Financial Holdings Inc,Director,margaret.johnson.1510@off-143.demo.com,Denver,CO,80202,USA
Joseph,Williams,Atlas Financial Holdings Inc,VP,joseph.williams.1511@off-143.demo.com,Miami,FL,33101,USA
Mary,Brown,Atlas Financial Holdings Inc,Engineer,mary.brown.1512@off-143.demo.com,Portland,OR,97201,USA
Charles,Jones,Atlas Financial Holdings Inc,Consultant,charles.jones.1513@off-143.demo.com,Atlanta,GA,30301,USA
Jennifer,Garcia,Atlas Financial Holdings Inc,Specialist,jennifer.garcia.1514@off-143.demo.com,Boston,MA,02101,USA
Daniel,Miller,Atlas Financial Holdings Inc,Coordinator,daniel.miller.1515@off-143.demo.com,Seattle,WA,98101,USA
Elizabeth,Davis,Atlas Financial Holdings Inc,Analyst,elizabeth.davis.1516@off-143.demo.com,Austin,TX,78701,USA
Anthony,Rodriguez,Atlas Financial Holdings Inc,Manager,anthony.rodriguez.1517@off-143.demo.com,Chicago,IL,60601,USA
Susan,Martinez,Atlas Financial Holdings Inc,Director,susan.martinez.1518@off-143.demo.com,Denver,CO,80202,USA
James,Hernandez,Atlas Financial Holdings Inc,VP,james.hernandez.1519@off-143.demo.com,Miami,FL,33101,USA
Sarah,Lopez,Affimed Therapeutics B.V,Analyst,sarah.lopez.1520@off-144.demo.com,Portland,OR,97201,USA
Robert,Gonzalez,Affimed Therapeutics B.V,Manager,robert.gonzalez.1521@off-144.demo.com,Atlanta,GA,30301,USA
Lisa,Wilson,Affimed Therapeutics B.V,Director,lisa.wilson.1522@off-144.demo.com,Boston,MA,02101,USA
William,Anderson,Affimed Therapeutics B.V,VP,william.anderson.1523@off-144.demo.com,Seattle,WA,98101,USA
Betty,Thomas,Affimed Therapeutics B.V,Engineer,betty.thomas.1524@off-144.demo.com,Austin,TX,78701,USA
Richard,Taylor,Affimed Therapeutics B.V,Consultant,richard.taylor.1525@off-144.demo.com,Chicago,IL,60601,USA
Sandra,Moore,Affimed Therapeutics B.V,Specialist,sandra.moore.1526@off-144.demo.com,Denver,CO,80202,USA
Thomas,Jackson,Affimed Therapeutics B.V,Coordinator,thomas.jackson.1527@off-144.demo.com,Miami,FL,33101,USA
Patricia,Martin,Affimed Therapeutics B.V,Analyst,patricia.martin.1528@off-144.demo.com,Portland,OR,97201,USA
Christopher,Lee,Affimed Therapeutics B.V,Manager,christopher.lee.1529@off-144.demo.com,Atlanta,GA,30301,USA
Linda,Perez,Alliance Fiber Optic Products,Coordinator,linda.perez.1530@off-145.demo.com,Boston,MA,02101,USA
Matthew,Thompson,Alliance Fiber Optic Products,Analyst,matthew.thompson.1531@off-145.demo.com,Seattle,WA,98101,USA
Barbara,White,Alliance Fiber Optic Products,Manager,barbara.white.1532@off-145.demo.com,Austin,TX,78701,USA
Mark,Harris,Alliance Fiber Optic Products,Director,mark.harris.1533@off-145.demo.com,Chicago,IL,60601,USA
Jessica,Sanchez,Alliance Fiber Optic Products,VP,jessica.sanchez.1534@off-145.demo.com,Denver,CO,80202,USA
John,Clark,Alliance Fiber Optic Products,Engineer,john.clark.1535@off-145.demo.com,Miami,FL,33101,USA
Karen,Ramirez,Alliance Fiber Optic Products,Consultant,karen.ramirez.1536@off-145.demo.com,Portland,OR,97201,USA
Michael,Lewis,Alliance Fiber Optic Products,Specialist,michael.lewis.1537@off-145.demo.com,Atlanta,GA,30301,USA
Nancy,Robinson,Alliance Fiber Optic Products,Coordinator,nancy.robinson.1538@off-145.demo.com,Boston,MA,02101,USA
David,Smith,Alliance Fiber Optic Products,Analyst,david.smith.1539@off-145.demo.com,Seattle,WA,98101,USA
Margaret,Johnson,Agenus Inc,Specialist,margaret.johnson.1540@off-146.demo.com,Austin,TX,78701,USA
Joseph,Williams,Agenus Inc,Coordinator,joseph.williams.1541@off-146.demo.com,Chicago,IL,60601,USA
Mary,Brown,Agenus Inc,Analyst,mary.brown.1542@off-146.demo.com,Denver,CO,80202,USA
Charles,Jones,Agenus Inc,Manager,charles.jones.1543@off-146.demo.com,Miami,FL,33101,USA
Jennifer,Garcia,Agenus Inc,Director,jennifer.garcia.1544@off-146.demo.com,Portland,OR,97201,USA
Daniel,Miller,Agenus Inc,VP,daniel.miller.1545@off-146.demo.com,Atlanta,GA,30301,USA
Elizabeth,Davis,Agenus Inc,Engineer,elizabeth.davis.1546@off-146.demo.com,Boston,MA,02101,USA
Anthony,Rodriguez,Agenus Inc,Consultant,anthony.rodriguez.1547@off-146.demo.com,Seattle,WA,98101,USA
Susan,Martinez,Agenus Inc,Specialist,susan.martinez.1548@off-146.demo.com,Austin,TX,78701,USA
James,Hernandez,Agenus Inc,Coordinator,james.hernandez.1549@off-146.demo.com,Chicago,IL,60601,USA
Sarah,Lopez,Argo Group International Holdings Ltd,VP,sarah.lopez.1550@off-147.demo.com,Denver,CO,80202,USA
Robert,Gonzalez,Argo Group International Holdings Ltd,Engineer,robert.gonzalez.1551@off-147.demo.com,Miami,FL,33101,USA
Lisa,Wilson,Argo Group International Holdings Ltd,Consultant,lisa.wilson.1552@off-147.demo.com,Portland,OR,97201,USA
William,Anderson,Argo Group International Holdings Ltd,Specialist,william.anderson.1553@off-147.demo.com,Atlanta,GA,30301,USA
Betty,Thomas,Argo Group International Holdings Ltd,Coordinator,betty.thomas.1554@off-147.demo.com,Boston,MA,02101,USA
Richard,Taylor,Argo Group International Holdings Ltd,Analyst,richard.taylor.1555@off-147.demo.com,Seattle,WA,98101,USA
Sandra,Moore,Argo Group International Holdings Ltd,Manager,sandra.moore.1556@off-147.demo.com,Austin,TX,78701,USA
Thomas,Jackson,Argo Group International Holdings Ltd,Director,thomas.jackson.1557@off-147.demo.com,Chicago,IL,60601,USA
Patricia,Martin,Argo Group International Holdings Ltd,VP,patricia.martin.1558@off-147.demo.com,Denver,CO,80202,USA
Christopher,Lee,Argo Group International Holdings Ltd,Engineer,christopher.lee.1559@off-147.demo.com,Miami,FL,33101,USA
Linda,Perez,Federal Agricultural Mortgage Corp,Director,linda.perez.1560@off-148.demo.com,Portland,OR,97201,USA
Matthew,Thompson,Federal Agricultural Mortgage Corp,VP,matthew.thompson.1561@off-148.demo.com,Atlanta,GA,30301,USA
Barbara,White,Federal Agricultural Mortgage Corp,Engineer,barbara.white.1562@off-148.demo.com,Boston,MA,02101,USA
Mark,Harris,Federal Agricultural Mortgage Corp,Consultant,mark.harris.1563@off-148.demo.com,Seattle,WA,98101,USA
Jessica,Sanchez,Federal Agricultural Mortgage Corp,Specialist,jessica.sanchez.1564@off-148.demo.com,Austin,TX,78701,USA
John,Clark,Federal Agricultural Mortgage Corp,Coordinator,john.clark.1565@off-148.demo.com,Chicago,IL,60601,USA
Karen,Ramirez,Federal Agricultural Mortgage Corp,Analyst,karen.ramirez.1566@off-148.demo.com,Denver,CO,80202,USA
Michael,Lewis,Federal Agricultural Mortgage Corp,Manager,michael.lewis.1567@off-148.demo.com,Miami,FL,33101,USA
Nancy,Robinson,Federal Agricultural Mortgage Corp,Director,nancy.robinson.1568@off-148.demo.com,Portland,OR,97201,USA
David,Smith,Federal Agricultural Mortgage Corp,VP,david.smith.1569@off-148.demo.com,Atlanta,GA,30301,USA
Margaret,Johnson,Agile Therapeutics Inc,Analyst,margaret.johnson.1570@off-149.demo.com,Boston,MA,02101,USA
Joseph,Williams,Agile Therapeutics Inc,Manager,joseph.williams.1571@off-149.demo.com,Seattle,WA,98101,USA
Mary,Brown,Agile Therapeutics Inc,Director,mary.brown.1572@off-149.demo.com,Austin,TX,78701,USA
Charles,Jones,Agile Therapeutics Inc,VP,charles.jones.1573@off-149.demo.com,Chicago,IL,60601,USA
Jennifer,Garcia,Agile Therapeutics Inc,Engineer,jennifer.garcia.1574@off-149.demo.com,Denver,CO,80202,USA
Daniel,Miller,Agile Therapeutics Inc,Consultant,daniel.miller.1575@off-149.demo.com,Miami,FL,33101,USA
Elizabeth,Davis,Agile Therapeutics Inc,Specialist,elizabeth.davis.1576@off-149.demo.com,Portland,OR,97201,USA
Anthony,Rodriguez,Agile Therapeutics Inc,Coordinator,anthony.rodriguez.1577@off-149.demo.com,Atlanta,GA,30301,USA
Susan,Martinez,Agile Therapeutics Inc,Analyst,susan.martinez.1578@off-149.demo.com,Boston,MA,02101,USA
James,Hernandez,Agile Therapeutics Inc,Manager,james.hernandez.1579@off-149.demo.com,Seattle,WA,98101,USA
Sarah,Lopez,Applied Genetic Technologies Co,VP,sarah.lopez.1580@off-150.demo.com,Austin,TX,78701,USA
Robert,Gonzalez,Applied Genetic Technologies Co,Engineer,robert.gonzalez.1581@off-150.demo.com,Chicago,IL,60601,USA
Lisa,Wilson,Applied Genetic Technologies Co,Consultant,lisa.wilson.1582@off-150.demo.com,Denver,CO,80202,USA
William,Anderson,Applied Genetic Technologies Co,Specialist,william.anderson.1583@off-150.demo.com,Miami,FL,33101,USA
Betty,Thomas,Applied Genetic Technologies Co,Coordinator,betty.thomas.1584@off-150.demo.com,Portland,OR,97201,USA
Richard,Taylor,Applied Genetic Technologies Co,Analyst,richard.taylor.1585@off-150.demo.com,Atlanta,GA,30301,USA
Sandra,Moore,Applied Genetic Technologies Co,Manager,sandra.moore.1586@off-150.demo.com,Boston,MA,02101,USA
Thomas,Jackson,Applied Genetic Technologies Co,Director,thomas.jackson.1587@off-150.demo.com,Seattle,WA,98101,USA
Patricia,Martin,Applied Genetic Technologies Co,VP,patricia.martin.1588@off-150.demo.com,Austin,TX,78701,USA
Christopher,Lee,Applied Genetic Technologies Co,Engineer,christopher.lee.1589@off-150.demo.com,Chicago,IL,60601,USA
Linda,Perez,Argan Inc,Coordinator,linda.perez.1590@off-151.demo.com,Denver,CO,80202,USA
Matthew,Thompson,Argan Inc,Analyst,matthew.thompson.1591@off-151.demo.com,Miami,FL,33101,USA
Barbara,White,Argan Inc,Manager,barbara.white.1592@off-151.demo.com,Portland,OR,97201,USA
Mark,Harris,Argan Inc,Director,mark.harris.1593@off-151.demo.com,Atlanta,GA,30301,USA
Jessica,Sanchez,Argan Inc,VP,jessica.sanchez.1594@off-151.demo.com,Boston,MA,02101,USA
John,Clark,Argan Inc,Engineer,john.clark.1595@off-151.demo.com,Seattle,WA,98101,USA
Karen,Ramirez,Argan Inc,Consultant,karen.ramirez.1596@off-151.demo.com,Austin,TX,78701,USA
Michael,Lewis,Argan Inc,Specialist,michael.lewis.1597@off-151.demo.com,Chicago,IL,60601,USA
Nancy,Robinson,Argan Inc,Coordinator,nancy.robinson.1598@off-151.demo.com,Denver,CO,80202,USA
David,Smith,Argan Inc,Analyst,david.smith.1599@off-151.demo.com,Miami,FL,33101,USA
Margaret,Johnson,Agilysys Inc,Engineer,margaret.johnson.1600@off-152.demo.com,Portland,OR,97201,USA
Joseph,Williams,Agilysys Inc,Consultant,joseph.williams.1601@off-152.demo.com,Atlanta,GA,30301,USA
Mary,Brown,Agilysys Inc,Specialist,mary.brown.1602@off-152.demo.com,Boston,MA,02101,USA
Charles,Jones,Agilysys Inc,Coordinator,charles.jones.1603@off-152.demo.com,Seattle,WA,98101,USA
Jennifer,Garcia,Agilysys Inc,Analyst,jennifer.garcia.1604@off-152.demo.com,Austin,TX,78701,USA
Daniel,Miller,Agilysys Inc,Manager,daniel.miller.1605@off-152.demo.com,Chicago,IL,60601,USA
Elizabeth,Davis,Agilysys Inc,Director,elizabeth.davis.1606@off-152.demo.com,Denver,CO,80202,USA
Anthony,Rodriguez,Agilysys Inc,VP,anthony.rodriguez.1607@off-152.demo.com,Miami,FL,33101,USA
Susan,Martinez,Agilysys Inc,Engineer,susan.martinez.1608@off-152.demo.com,Portland,OR,97201,USA
James,Hernandez,Agilysys Inc,Consultant,james.hernandez.1609@off-152.demo.com,Atlanta,GA,30301,USA
Sarah,Lopez,Armada Hoffler Properties Inc,Coordinator,sarah.lopez.1610@off-153.demo.com,Boston,MA,02101,USA
Robert,Gonzalez,Armada Hoffler Properties Inc,Analyst,robert.gonzalez.1611@off-153.demo.com,Seattle,WA,98101,USA
Lisa,Wilson,Armada Hoffler Properties Inc,Manager,lisa.wilson.1612@off-153.demo.com,Austin,TX,78701,USA
William,Anderson,Armada Hoffler Properties Inc,Director,william.anderson.1613@off-153.demo.com,Chicago,IL,60601,USA
Betty,Thomas,Armada Hoffler Properties Inc,VP,betty.thomas.1614@off-153.demo.com,Denver,CO,80202,USA
Richard,Taylor,Armada Hoffler Properties Inc,Engineer,richard.taylor.1615@off-153.demo.com,Miami,FL,33101,USA
Sandra,Moore,Armada Hoffler Properties Inc,Consultant,sandra.moore.1616@off-153.demo.com,Portland,OR,97201,USA
Thomas,Jackson,Armada Hoffler Properties Inc,Specialist,thomas.jackson.1617@off-153.demo.com,Atlanta,GA,30301,USA
Patricia,Martin,Armada Hoffler Properties Inc,Coordinator,patricia.martin.1618@off-153.demo.com,Boston,MA,02101,USA
Christopher,Lee,Armada Hoffler Properties Inc,Analyst,christopher.lee.1619@off-153.demo.com,Seattle,WA,98101,USA
Linda,Perez,Ashford Hospitality Prime Inc,Manager,linda.perez.1620@off-154.demo.com,Austin,TX,78701,USA
Matthew,Thompson,Ashford Hospitality Prime Inc,Director,matthew.thompson.1621@off-154.demo.com,Chicago,IL,60601,USA
Barbara,White,Ashford Hospitality Prime Inc,VP,barbara.white.1622@off-154.demo.com,Denver,CO,80202,USA
Mark,Harris,Ashford Hospitality Prime Inc,Engineer,mark.harris.1623@off-154.demo.com,Miami,FL,33101,USA
Jessica,Sanchez,Ashford Hospitality Prime Inc,Consultant,jessica.sanchez.1624@off-154.demo.com,Portland,OR,97201,USA
John,Clark,Ashford Hospitality Prime Inc,Specialist,john.clark.1625@off-154.demo.com,Atlanta,GA,30301,USA
Karen,Ramirez,Ashford Hospitality Prime Inc,Coordinator,karen.ramirez.1626@off-154.demo.com,Boston,MA,02101,USA
Michael,Lewis,Ashford Hospitality Prime Inc,Analyst,michael.lewis.1627@off-154.demo.com,Seattle,WA,98101,USA
Nancy,Robinson,Ashford Hospitality Prime Inc,Manager,nancy.robinson.1628@off-154.demo.com,Austin,TX,78701,USA
David,Smith,Ashford Hospitality Prime Inc,Director,david.smith.1629@off-154.demo.com,Chicago,IL,60601,USA
Margaret,Johnson,Amn Healthcare Services Inc,Manager,margaret.johnson.1630@off-155.demo.com,Denver,CO,80202,USA
Joseph,Williams,Amn Healthcare Services Inc,Director,joseph.williams.1631@off-155.demo.com,Miami,FL,33101,USA
Mary,Brown,Amn Healthcare Services Inc,VP,mary.brown.1632@off-155.demo.com,Portland,OR,97201,USA
Charles,Jones,Amn Healthcare Services Inc,Engineer,charles.jones.1633@off-155.demo.com,Atlanta,GA,30301,USA
Jennifer,Garcia,Amn Healthcare Services Inc,Consultant,jennifer.garcia.1634@off-155.demo.com,Boston,MA,02101,USA
Daniel,Miller,Amn Healthcare Services Inc,Specialist,daniel.miller.1635@off-155.demo.com,Seattle,WA,98101,USA
Elizabeth,Davis,Amn Healthcare Services Inc,Coordinator,elizabeth.davis.1636@off-155.demo.com,Austin,TX,78701,USA
Anthony,Rodriguez,Amn Healthcare Services Inc,Analyst,anthony.rodriguez.1637@off-155.demo.com,Chicago,IL,60601,USA
Susan,Martinez,Amn Healthcare Services Inc,Manager,susan.martinez.1638@off-155.demo.com,Denver,CO,80202,USA
James,Hernandez,Amn Healthcare Services Inc,Director,james.hernandez.1639@off-155.demo.com,Miami,FL,33101,USA
Sarah,Lopez,Ashford Hospitality Trust Inc,Consultant,sarah.lopez.1640@off-156.demo.com,Portland,OR,97201,USA
Robert,Gonzalez,Ashford Hospitality Trust Inc,Specialist,robert.gonzalez.1641@off-156.demo.com,Atlanta,GA,30301,USA
Lisa,Wilson,Ashford Hospitality Trust Inc,Coordinator,lisa.wilson.1642@off-156.demo.com,Boston,MA,02101,USA
William,Anderson,Ashford Hospitality Trust Inc,Analyst,william.anderson.1643@off-156.demo.com,Seattle,WA,98101,USA
Betty,Thomas,Ashford Hospitality Trust Inc,Manager,betty.thomas.1644@off-156.demo.com,Austin,TX,78701,USA
Richard,Taylor,Ashford Hospitality Trust Inc,Director,richard.taylor.1645@off-156.demo.com,Chicago,IL,60601,USA
Sandra,Moore,Ashford Hospitality Trust Inc,VP,sandra.moore.1646@off-156.demo.com,Denver,CO,80202,USA
Thomas,Jackson,Ashford Hospitality Trust Inc,Engineer,thomas.jackson.1647@off-156.demo.com,Miami,FL,33101,USA
Patricia,Martin,Ashford Hospitality Trust Inc,Consultant,patricia.martin.1648@off-156.demo.com,Portland,OR,97201,USA
Christopher,Lee,Ashford Hospitality Trust Inc,Specialist,christopher.lee.1649@off-156.demo.com,Atlanta,GA,30301,USA
Linda,Perez,Arlington Asset Investment Corp,Manager,linda.perez.1650@off-157.demo.com,Boston,MA,02101,USA
Matthew,Thompson,Arlington Asset Investment Corp,Director,matthew.thompson.1651@off-157.demo.com,Seattle,WA,98101,USA
Barbara,White,Arlington Asset Investment Corp,VP,barbara.white.1652@off-157.demo.com,Austin,TX,78701,USA
Mark,Harris,Arlington Asset Investment Corp,Engineer,mark.harris.1653@off-157.demo.com,Chicago,IL,60601,USA
Jessica,Sanchez,Arlington Asset Investment Corp,Consultant,jessica.sanchez.1654@off-157.demo.com,Denver,CO,80202,USA
John,Clark,Arlington Asset Investment Corp,Specialist,john.clark.1655@off-157.demo.com,Miami,FL,33101,USA
Karen,Ramirez,Arlington Asset Investment Corp,Coordinator,karen.ramirez.1656@off-157.demo.com,Portland,OR,97201,USA
Michael,Lewis,Arlington Asset Investment Corp,Analyst,michael.lewis.1657@off-157.demo.com,Atlanta,GA,30301,USA
Nancy,Robinson,Arlington Asset Investment Corp,Manager,nancy.robinson.1658@off-157.demo.com,Boston,MA,02101,USA
David,Smith,Arlington Asset Investment Corp,Director,david.smith.1659@off-157.demo.com,Seattle,WA,98101,USA
Margaret,Johnson,Altra Holdings,Director,margaret.johnson.1660@off-158.demo.com,Austin,TX,78701,USA
Joseph,Williams,Altra Holdings,VP,joseph.williams.1661@off-158.demo.com,Chicago,IL,60601,USA
Mary,Brown,Altra Holdings,Engineer,mary.brown.1662@off-158.demo.com,Denver,CO,80202,USA
Charles,Jones,Altra Holdings,Consultant,charles.jones.1663@off-158.demo.com,Miami,FL,33101,USA
Jennifer,Garcia,Altra Holdings,Specialist,jennifer.garcia.1664@off-158.demo.com,Portland,OR,97201,USA
Daniel,Miller,Altra Holdings,Coordinator,daniel.miller.1665@off-158.demo.com,Atlanta,GA,30301,USA
Elizabeth,Davis,Altra Holdings,Analyst,elizabeth.davis.1666@off-158.demo.com,Boston,MA,02101,USA
Anthony,Rodriguez,Altra Holdings,Manager,anthony.rodriguez.1667@off-158.demo.com,Seattle,WA,98101,USA
Susan,Martinez,Altra Holdings,Director,susan.martinez.1668@off-158.demo.com,Austin,TX,78701,USA
James,Hernandez,Altra Holdings,VP,james.hernandez.1669@off-158.demo.com,Chicago,IL,60601,USA
Sarah,Lopez,Albany International Corp,Coordinator,sarah.lopez.1670@off-159.demo.com,Denver,CO,80202,USA
Robert,Gonzalez,Albany International Corp,Analyst,robert.gonzalez.1671@off-159.demo.com,Miami,FL,33101,USA
Lisa,Wilson,Albany International Corp,Manager,lisa.wilson.1672@off-159.demo.com,Portland,OR,97201,USA
William,Anderson,Albany International Corp,Director,william.anderson.1673@off-159.demo.com,Atlanta,GA,30301,USA
Betty,Thomas,Albany International Corp,VP,betty.thomas.1674@off-159.demo.com,Boston,MA,02101,USA
Richard,Taylor,Albany International Corp,Engineer,richard.taylor.1675@off-159.demo.com,Seattle,WA,98101,USA
Sandra,Moore,Albany International Corp,Consultant,sandra.moore.1676@off-159.demo.com,Austin,TX,78701,USA
Thomas,Jackson,Albany International Corp,Specialist,thomas.jackson.1677@off-159.demo.com,Chicago,IL,60601,USA
Patricia,Martin,Albany International Corp,Coordinator,patricia.martin.1678@off-159.demo.com,Denver,CO,80202,USA
Christopher,Lee,Albany International Corp,Analyst,christopher.lee.1679@off-159.demo.com,Miami,FL,33101,USA
Linda,Perez,Ashford Inc. Common Stock,Manager,linda.perez.1680@off-160.demo.com,Portland,OR,97201,USA
Matthew,Thompson,Ashford Inc. Common Stock,Director,matthew.thompson.1681@off-160.demo.com,Atlanta,GA,30301,USA
Barbara,White,Ashford Inc. Common Stock,VP,barbara.white.1682@off-160.demo.com,Boston,MA,02101,USA
Mark,Harris,Ashford Inc. Common Stock,Engineer,mark.harris.1683@off-160.demo.com,Seattle,WA,98101,USA
Jessica,Sanchez,Ashford Inc. Common Stock,Consultant,jessica.sanchez.1684@off-160.demo.com,Austin,TX,78701,USA
John,Clark,Ashford Inc. Common Stock,Specialist,john.clark.1685@off-160.demo.com,Chicago,IL,60601,USA
Karen,Ramirez,Ashford Inc. Common Stock,Coordinator,karen.ramirez.1686@off-160.demo.com,Denver,CO,80202,USA
Michael,Lewis,Ashford Inc. Common Stock,Analyst,michael.lewis.1687@off-160.demo.com,Miami,FL,33101,USA
Nancy,Robinson,Ashford Inc. Common Stock,Manager,nancy.robinson.1688@off-160.demo.com,Portland,OR,97201,USA
David,Smith,Ashford Inc. Common Stock,Director,david.smith.1689@off-160.demo.com,Atlanta,GA,30301,USA
Margaret,Johnson,Alliance Healthcare Services,Specialist,margaret.johnson.1690@off-161.demo.com,Boston,MA,02101,USA
Joseph,Williams,Alliance Healthcare Services,Coordinator,joseph.williams.1691@off-161.demo.com,Seattle,WA,98101,USA
Mary,Brown,Alliance Healthcare Services,Analyst,mary.brown.1692@off-161.demo.com,Austin,TX,78701,USA
Charles,Jones,Alliance Healthcare Services,Manager,charles.jones.1693@off-161.demo.com,Chicago,IL,60601,USA
Jennifer,Garcia,Alliance Healthcare Services,Director,jennifer.garcia.1694@off-161.demo.com,Denver,CO,80202,USA
Daniel,Miller,Alliance Healthcare Services,VP,daniel.miller.1695@off-161.demo.com,Miami,FL,33101,USA
Elizabeth,Davis,Alliance Healthcare Services,Engineer,elizabeth.davis.1696@off-161.demo.com,Portland,OR,97201,USA
Anthony,Rodriguez,Alliance Healthcare Services,Consultant,anthony.rodriguez.1697@off-161.demo.com,Atlanta,GA,30301,USA
Susan,Martinez,Alliance Healthcare Services,Specialist,susan.martinez.1698@off-161.demo.com,Boston,MA,02101,USA
James,Hernandez,Alliance Healthcare Services,Coordinator,james.hernandez.1699@off-161.demo.com,Seattle,WA,98101,USA
Sarah,Lopez,AAR Corp,Engineer,sarah.lopez.1700@off-162.demo.com,Austin,TX,78701,USA
Robert,Gonzalez,AAR Corp,Consultant,robert.gonzalez.1701@off-162.demo.com,Chicago,IL,60601,USA
Lisa,Wilson,AAR Corp,Specialist,lisa.wilson.1702@off-162.demo.com,Denver,CO,80202,USA
William,Anderson,AAR Corp,Coordinator,william.anderson.1703@off-162.demo.com,Miami,FL,33101,USA
Betty,Thomas,AAR Corp,Analyst,betty.thomas.1704@off-162.demo.com,Portland,OR,97201,USA
Richard,Taylor,AAR Corp,Manager,richard.taylor.1705@off-162.demo.com,Atlanta,GA,30301,USA
Sandra,Moore,AAR Corp,Director,sandra.moore.1706@off-162.demo.com,Boston,MA,02101,USA
Thomas,Jackson,AAR Corp,VP,thomas.jackson.1707@off-162.demo.com,Seattle,WA,98101,USA
Patricia,Martin,AAR Corp,Engineer,patricia.martin.1708@off-162.demo.com,Austin,TX,78701,USA
Christopher,Lee,AAR Corp,Consultant,christopher.lee.1709@off-162.demo.com,Chicago,IL,60601,USA
Linda,Perez,Air Methods Corp,Specialist,linda.perez.1710@off-163.demo.com,Denver,CO,80202,USA
Matthew,Thompson,Air Methods Corp,Coordinator,matthew.thompson.1711@off-163.demo.com,Miami,FL,33101,USA
Barbara,White,Air Methods Corp,Analyst,barbara.white.1712@off-163.demo.com,Portland,OR,97201,USA
Mark,Harris,Air Methods Corp,Manager,mark.harris.1713@off-163.demo.com,Atlanta,GA,30301,USA
Jessica,Sanchez,Air Methods Corp,Director,jessica.sanchez.1714@off-163.demo.com,Boston,MA,02101,USA
John,Clark,Air Methods Corp,VP,john.clark.1715@off-163.demo.com,Seattle,WA,98101,USA
Karen,Ramirez,Air Methods Corp,Engineer,karen.ramirez.1716@off-163.demo.com,Austin,TX,78701,USA
Michael,Lewis,Air Methods Corp,Consultant,michael.lewis.1717@off-163.demo.com,Chicago,IL,60601,USA
Nancy,Robinson,Air Methods Corp,Specialist,nancy.robinson.1718@off-163.demo.com,Denver,CO,80202,USA
David,Smith,Air Methods Corp,Coordinator,david.smith.1719@off-163.demo.com,Miami,FL,33101,USA
Margaret,Johnson,Applied Industrial Technologies,Coordinator,margaret.johnson.1720@off-164.demo.com,Portland,OR,97201,USA
Joseph,Williams,Applied Industrial Technologies,Analyst,joseph.williams.1721@off-164.demo.com,Atlanta,GA,30301,USA
Mary,Brown,Applied Industrial Technologies,Manager,mary.brown.1722@off-164.demo.com,Boston,MA,02101,USA
Charles,Jones,Applied Industrial Technologies,Director,charles.jones.1723@off-164.demo.com,Seattle,WA,98101,USA
Jennifer,Garcia,Applied Industrial Technologies,VP,jennifer.garcia.1724@off-164.demo.com,Austin,TX,78701,USA
Daniel,Miller,Applied Industrial Technologies,Engineer,daniel.miller.1725@off-164.demo.com,Chicago,IL,60601,USA
Elizabeth,Davis,Applied Industrial Technologies,Consultant,elizabeth.davis.1726@off-164.demo.com,Denver,CO,80202,USA
Anthony,Rodriguez,Applied Industrial Technologies,Specialist,anthony.rodriguez.1727@off-164.demo.com,Miami,FL,33101,USA
Susan,Martinez,Applied Industrial Technologies,Coordinator,susan.martinez.1728@off-164.demo.com,Portland,OR,97201,USA
James,Hernandez,Applied Industrial Technologies,Analyst,james.hernandez.1729@off-164.demo.com,Atlanta,GA,30301,USA
Sarah,Lopez,Gencorp Inc,Consultant,sarah.lopez.1730@off-165.demo.com,Boston,MA,02101,USA
Robert,Gonzalez,Gencorp Inc,Specialist,robert.gonzalez.1731@off-165.demo.com,Seattle,WA,98101,USA
Lisa,Wilson,Gencorp Inc,Coordinator,lisa.wilson.1732@off-165.demo.com,Austin,TX,78701,USA
William,Anderson,Gencorp Inc,Analyst,william.anderson.1733@off-165.demo.com,Chicago,IL,60601,USA
Betty,Thomas,Gencorp Inc,Manager,betty.thomas.1734@off-165.demo.com,Denver,CO,80202,USA
Richard,Taylor,Gencorp Inc,Director,richard.taylor.1735@off-165.demo.com,Miami,FL,33101,USA
Sandra,Moore,Gencorp Inc,VP,sandra.moore.1736@off-165.demo.com,Portland,OR,97201,USA
Thomas,Jackson,Gencorp Inc,Engineer,thomas.jackson.1737@off-165.demo.com,Atlanta,GA,30301,USA
Patricia,Martin,Gencorp Inc,Consultant,patricia.martin.1738@off-165.demo.com,Boston,MA,02101,USA
Christopher,Lee,Gencorp Inc,Specialist,christopher.lee.1739@off-165.demo.com,Seattle,WA,98101,USA
Linda,Perez,Great Ajax Corp,VP,linda.perez.1740@off-166.demo.com,Austin,TX,78701,USA
Matthew,Thompson,Great Ajax Corp,Engineer,matthew.thompson.1741@off-166.demo.com,Chicago,IL,60601,USA
Barbara,White,Great Ajax Corp,Consultant,barbara.white.1742@off-166.demo.com,Denver,CO,80202,USA
Mark,Harris,Great Ajax Corp,Specialist,mark.harris.1743@off-166.demo.com,Miami,FL,33101,USA
Jessica,Sanchez,Great Ajax Corp,Coordinator,jessica.sanchez.1744@off-166.demo.com,Portland,OR,97201,USA
John,Clark,Great Ajax Corp,Analyst,john.clark.1745@off-166.demo.com,Atlanta,GA,30301,USA
Karen,Ramirez,Great Ajax Corp,Manager,karen.ramirez.1746@off-166.demo.com,Boston,MA,02101,USA
Michael,Lewis,Great Ajax Corp,Director,michael.lewis.1747@off-166.demo.com,Seattle,WA,98101,USA
Nancy,Robinson,Great Ajax Corp,VP,nancy.robinson.1748@off-166.demo.com,Austin,TX,78701,USA
David,Smith,Great Ajax Corp,Engineer,david.smith.1749@off-166.demo.com,Chicago,IL,60601,USA
Margaret,Johnson,Akebia Therapeutics Inc,Consultant,margaret.johnson.1750@off-167.demo.com,Denver,CO,80202,USA
Joseph,Williams,Akebia Therapeutics Inc,Specialist,joseph.williams.1751@off-167.demo.com,Miami,FL,33101,USA
Mary,Brown,Akebia Therapeutics Inc,Coordinator,mary.brown.1752@off-167.demo.com,Portland,OR,97201,USA
Charles,Jones,Akebia Therapeutics Inc,Analyst,charles.jones.1753@off-167.demo.com,Atlanta,GA,30301,USA
Jennifer,Garcia,Akebia Therapeutics Inc,Manager,jennifer.garcia.1754@off-167.demo.com,Boston,MA,02101,USA
Daniel,Miller,Akebia Therapeutics Inc,Director,daniel.miller.1755@off-167.demo.com,Seattle,WA,98101,USA
Elizabeth,Davis,Akebia Therapeutics Inc,VP,elizabeth.davis.1756@off-167.demo.com,Austin,TX,78701,USA
Anthony,Rodriguez,Akebia Therapeutics Inc,Engineer,anthony.rodriguez.1757@off-167.demo.com,Chicago,IL,60601,USA
Susan,Martinez,Akebia Therapeutics Inc,Consultant,susan.martinez.1758@off-167.demo.com,Denver,CO,80202,USA
James,Hernandez,Akebia Therapeutics Inc,Specialist,james.hernandez.1759@off-167.demo.com,Miami,FL,33101,USA
Sarah,Lopez,Acadia Realty Trust,VP,sarah.lopez.1760@off-168.demo.com,Portland,OR,97201,USA
Robert,Gonzalez,Acadia Realty Trust,Engineer,robert.gonzalez.1761@off-168.demo.com,Atlanta,GA,30301,USA
Lisa,Wilson,Acadia Realty Trust,Consultant,lisa.wilson.1762@off-168.demo.com,Boston,MA,02101,USA
William,Anderson,Acadia Realty Trust,Specialist,william.anderson.1763@off-168.demo.com,Seattle,WA,98101,USA
Betty,Thomas,Acadia Realty Trust,Coordinator,betty.thomas.1764@off-168.demo.com,Austin,TX,78701,USA
Richard,Taylor,Acadia Realty Trust,Analyst,richard.taylor.1765@off-168.demo.com,Chicago,IL,60601,USA
Sandra,Moore,Acadia Realty Trust,Manager,sandra.moore.1766@off-168.demo.com,Denver,CO,80202,USA
Thomas,Jackson,Acadia Realty Trust,Director,thomas.jackson.1767@off-168.demo.com,Miami,FL,33101,USA
Patricia,Martin,Acadia Realty Trust,VP,patricia.martin.1768@off-168.demo.com,Portland,OR,97201,USA
Christopher,Lee,Acadia Realty Trust,Engineer,christopher.lee.1769@off-168.demo.com,Atlanta,GA,30301,USA
Linda,Perez,AK Steel Holding Corp,Coordinator,linda.perez.1770@off-169.demo.com,Boston,MA,02101,USA
Matthew,Thompson,AK Steel Holding Corp,Analyst,matthew.thompson.1771@off-169.demo.com,Seattle,WA,98101,USA
Barbara,White,AK Steel Holding Corp,Manager,barbara.white.1772@off-169.demo.com,Austin,TX,78701,USA
Mark,Harris,AK Steel Holding Corp,Director,mark.harris.1773@off-169.demo.com,Chicago,IL,60601,USA
Jessica,Sanchez,AK Steel Holding Corp,VP,jessica.sanchez.1774@off-169.demo.com,Denver,CO,80202,USA
John,Clark,AK Steel Holding Corp,Engineer,john.clark.1775@off-169.demo.com,Miami,FL,33101,USA
Karen,Ramirez,AK Steel Holding Corp,Consultant,karen.ramirez.1776@off-169.demo.com,Portland,OR,97201,USA
Michael,Lewis,AK Steel Holding Corp,Specialist,michael.lewis.1777@off-169.demo.com,Atlanta,GA,30301,USA
Nancy,Robinson,AK Steel Holding Corp,Coordinator,nancy.robinson.1778@off-169.demo.com,Boston,MA,02101,USA
David,Smith,AK Steel Holding Corp,Analyst,david.smith.1779@off-169.demo.com,Seattle,WA,98101,USA
Margaret,Johnson,Alico Inc,Consultant,margaret.johnson.1780@off-170.demo.com,Austin,TX,78701,USA
Joseph,Williams,Alico Inc,Specialist,joseph.williams.1781@off-170.demo.com,Chicago,IL,60601,USA
Mary,Brown,Alico Inc,Coordinator,mary.brown.1782@off-170.demo.com,Denver,CO,80202,USA
Charles,Jones,Alico Inc,Analyst,charles.jones.1783@off-170.demo.com,Miami,FL,33101,USA
Jennifer,Garcia,Alico Inc,Manager,jennifer.garcia.1784@off-170.demo.com,Portland,OR,97201,USA
Daniel,Miller,Alico Inc,Director,daniel.miller.1785@off-170.demo.com,Atlanta,GA,30301,USA
Elizabeth,Davis,Alico Inc,VP,elizabeth.davis.1786@off-170.demo.com,Boston,MA,02101,USA
Anthony,Rodriguez,Alico Inc,Engineer,anthony.rodriguez.1787@off-170.demo.com,Seattle,WA,98101,USA
Susan,Martinez,Alico Inc,Consultant,susan.martinez.1788@off-170.demo.com,Austin,TX,78701,USA
James,Hernandez,Alico Inc,Specialist,james.hernandez.1789@off-170.demo.com,Chicago,IL,60601,USA
Sarah,Lopez,Alder Biopharmaceuticals Inc,Director,sarah.lopez.1790@off-171.demo.com,Denver,CO,80202,USA
Robert,Gonzalez,Alder Biopharmaceuticals Inc,VP,robert.gonzalez.1791@off-171.demo.com,Miami,FL,33101,USA
Lisa,Wilson,Alder Biopharmaceuticals Inc,Engineer,lisa.wilson.1792@off-171.demo.com,Portland,OR,97201,USA
William,Anderson,Alder Biopharmaceuticals Inc,Consultant,william.anderson.1793@off-171.demo.com,Atlanta,GA,30301,USA
Betty,Thomas,Alder Biopharmaceuticals Inc,Specialist,betty.thomas.1794@off-171.demo.com,Boston,MA,02101,USA
Richard,Taylor,Alder Biopharmaceuticals Inc,Coordinator,richard.taylor.1795@off-171.demo.com,Seattle,WA,98101,USA
Sandra,Moore,Alder Biopharmaceuticals Inc,Analyst,sandra.moore.1796@off-171.demo.com,Austin,TX,78701,USA
Thomas,Jackson,Alder Biopharmaceuticals Inc,Manager,thomas.jackson.1797@off-171.demo.com,Chicago,IL,60601,USA
Patricia,Martin,Alder Biopharmaceuticals Inc,Director,patricia.martin.1798@off-171.demo.com,Denver,CO,80202,USA
Christopher,Lee,Alder Biopharmaceuticals Inc,VP,christopher.lee.1799@off-171.demo.com,Miami,FL,33101,USA
Linda,Perez,Allete Inc,Director,linda.perez.1800@off-172.demo.com,Portland,OR,97201,USA
Matthew,Thompson,Allete Inc,VP,matthew.thompson.1801@off-172.demo.com,Atlanta,GA,30301,USA
Barbara,White,Allete Inc,Engineer,barbara.white.1802@off-172.demo.com,Boston,MA,02101,USA
Mark,Harris,Allete Inc,Consultant,mark.harris.1803@off-172.demo.com,Seattle,WA,98101,USA
Jessica,Sanchez,Allete Inc,Specialist,jessica.sanchez.1804@off-172.demo.com,Austin,TX,78701,USA
John,Clark,Allete Inc,Coordinator,john.clark.1805@off-172.demo.com,Chicago,IL,60601,USA
Karen,Ramirez,Allete Inc,Analyst,karen.ramirez.1806@off-172.demo.com,Denver,CO,80202,USA
Michael,Lewis,Allete Inc,Manager,michael.lewis.1807@off-172.demo.com,Miami,FL,33101,USA
Nancy,Robinson,Allete Inc,Director,nancy.robinson.1808@off-172.demo.com,Portland,OR,97201,USA
David,Smith,Allete Inc,VP,david.smith.1809@off-172.demo.com,Atlanta,GA,30301,USA
Margaret,Johnson,Alexander and Baldwin Inc,VP,margaret.johnson.1810@off-173.demo.com,Boston,MA,02101,USA
Joseph,Williams,Alexander and Baldwin Inc,Engineer,joseph.williams.1811@off-173.demo.com,Seattle,WA,98101,USA
Mary,Brown,Alexander and Baldwin Inc,Consultant,mary.brown.1812@off-173.demo.com,Austin,TX,78701,USA
Charles,Jones,Alexander and Baldwin Inc,Specialist,charles.jones.1813@off-173.demo.com,Chicago,IL,60601,USA
Jennifer,Garcia,Alexander and Baldwin Inc,Coordinator,jennifer.garcia.1814@off-173.demo.com,Denver,CO,80202,USA
Daniel,Miller,Alexander and Baldwin Inc,Analyst,daniel.miller.1815@off-173.demo.com,Miami,FL,33101,USA
Elizabeth,Davis,Alexander and Baldwin Inc,Manager,elizabeth.davis.1816@off-173.demo.com,Portland,OR,97201,USA
Anthony,Rodriguez,Alexander and Baldwin Inc,Director,anthony.rodriguez.1817@off-173.demo.com,Atlanta,GA,30301,USA
Susan,Martinez,Alexander and Baldwin Inc,VP,susan.martinez.1818@off-173.demo.com,Boston,MA,02101,USA
James,Hernandez,Alexander and Baldwin Inc,Engineer,james.hernandez.1819@off-173.demo.com,Seattle,WA,98101,USA
Sarah,Lopez,Alamo Group,Coordinator,sarah.lopez.1820@off-174.demo.com,Austin,TX,78701,USA
Robert,Gonzalez,Alamo Group,Analyst,robert.gonzalez.1821@off-174.demo.com,Chicago,IL,60601,USA
Lisa,Wilson,Alamo Group,Manager,lisa.wilson.1822@off-174.demo.com,Denver,CO,80202,USA
William,Anderson,Alamo Group,Director,william.anderson.1823@off-174.demo.com,Miami,FL,33101,USA
Betty,Thomas,Alamo Group,VP,betty.thomas.1824@off-174.demo.com,Portland,OR,97201,USA
Richard,Taylor,Alamo Group,Engineer,richard.taylor.1825@off-174.demo.com,Atlanta,GA,30301,USA
Sandra,Moore,Alamo Group,Consultant,sandra.moore.1826@off-174.demo.com,Boston,MA,02101,USA
Thomas,Jackson,Alamo Group,Specialist,thomas.jackson.1827@off-174.demo.com,Seattle,WA,98101,USA
Patricia,Martin,Alamo Group,Coordinator,patricia.martin.1828@off-174.demo.com,Austin,TX,78701,USA
Christopher,Lee,Alamo Group,Analyst,christopher.lee.1829@off-174.demo.com,Chicago,IL,60601,USA
Linda,Perez,Allegiant Travel Company,Specialist,linda.perez.1830@off-175.demo.com,Denver,CO,80202,USA
Matthew,Thompson,Allegiant Travel Company,Coordinator,matthew.thompson.1831@off-175.demo.com,Miami,FL,33101,USA
Barbara,White,Allegiant Travel Company,Analyst,barbara.white.1832@off-175.demo.com,Portland,OR,97201,USA
Mark,Harris,Allegiant Travel Company,Manager,mark.harris.1833@off-175.demo.com,Atlanta,GA,30301,USA
Jessica,Sanchez,Allegiant Travel Company,Director,jessica.sanchez.1834@off-175.demo.com,Boston,MA,02101,USA
John,Clark,Allegiant Travel Company,VP,john.clark.1835@off-175.demo.com,Seattle,WA,98101,USA
Karen,Ramirez,Allegiant Travel Company,Engineer,karen.ramirez.1836@off-175.demo.com,Austin,TX,78701,USA
Michael,Lewis,Allegiant Travel Company,Consultant,michael.lewis.1837@off-175.demo.com,Chicago,IL,60601,USA
Nancy,Robinson,Allegiant Travel Company,Specialist,nancy.robinson.1838@off-175.demo.com,Denver,CO,80202,USA
David,Smith,Allegiant Travel Company,Coordinator,david.smith.1839@off-175.demo.com,Miami,FL,33101,USA
Margaret,Johnson,Alimera Sciences,Analyst,margaret.johnson.1840@off-176.demo.com,Portland,OR,97201,USA
Joseph,Williams,Alimera Sciences,Manager,joseph.williams.1841@off-176.demo.com,Atlanta,GA,30301,USA
Mary,Brown,Alimera Sciences,Director,mary.brown.1842@off-176.demo.com,Boston,MA,02101,USA
Charles,Jones,Alimera Sciences,VP,charles.jones.1843@off-176.demo.com,Seattle,WA,98101,USA
Jennifer,Garcia,Alimera Sciences,Engineer,jennifer.garcia.1844@off-176.demo.com,Austin,TX,78701,USA
Daniel,Miller,Alimera Sciences,Consultant,daniel.miller.1845@off-176.demo.com,Chicago,IL,60601,USA
Elizabeth,Davis,Alimera Sciences,Specialist,elizabeth.davis.1846@off-176.demo.com,Denver,CO,80202,USA
Anthony,Rodriguez,Alimera Sciences,Coordinator,anthony.rodriguez.1847@off-176.demo.com,Miami,FL,33101,USA
Susan,Martinez,Alimera Sciences,Analyst,susan.martinez.1848@off-176.demo.com,Portland,OR,97201,USA
James,Hernandez,Alimera Sciences,Manager,james.hernandez.1849@off-176.demo.com,Atlanta,GA,30301,USA
Sarah,Lopez,Alon USA Energy,Manager,sarah.lopez.1850@off-177.demo.com,Boston,MA,02101,USA
Robert,Gonzalez,Alon USA Energy,Director,robert.gonzalez.1851@off-177.demo.com,Seattle,WA,98101,USA
Lisa,Wilson,Alon USA Energy,VP,lisa.wilson.1852@off-177.demo.com,Austin,TX,78701,USA
William,Anderson,Alon USA Energy,Engineer,william.anderson.1853@off-177.demo.com,Chicago,IL,60601,USA
Betty,Thomas,Alon USA Energy,Consultant,betty.thomas.1854@off-177.demo.com,Denver,CO,80202,USA
Richard,Taylor,Alon USA Energy,Specialist,richard.taylor.1855@off-177.demo.com,Miami,FL,33101,USA
Sandra,Moore,Alon USA Energy,Coordinator,sandra.moore.1856@off-177.demo.com,Portland,OR,97201,USA
Thomas,Jackson,Alon USA Energy,Analyst,thomas.jackson.1857@off-177.demo.com,Atlanta,GA,30301,USA
Patricia,Martin,Alon USA Energy,Manager,patricia.martin.1858@off-177.demo.com,Boston,MA,02101,USA
Christopher,Lee,Alon USA Energy,Director,christopher.lee.1859@off-177.demo.com,Seattle,WA,98101,USA
Linda,Perez,Analogic Corp,Manager,linda.perez.1860@off-178.demo.com,Austin,TX,78701,USA
Matthew,Thompson,Analogic Corp,Director,matthew.thompson.1861@off-178.demo.com,Chicago,IL,60601,USA
Barbara,White,Analogic Corp,VP,barbara.white.1862@off-178.demo.com,Denver,CO,80202,USA
Mark,Harris,Analogic Corp,Engineer,mark.harris.1863@off-178.demo.com,Miami,FL,33101,USA
Jessica,Sanchez,Analogic Corp,Consultant,jessica.sanchez.1864@off-178.demo.com,Portland,OR,97201,USA
John,Clark,Analogic Corp,Specialist,john.clark.1865@off-178.demo.com,Atlanta,GA,30301,USA
Karen,Ramirez,Analogic Corp,Coordinator,karen.ramirez.1866@off-178.demo.com,Boston,MA,02101,USA
Michael,Lewis,Analogic Corp,Analyst,michael.lewis.1867@off-178.demo.com,Seattle,WA,98101,USA
Nancy,Robinson,Analogic Corp,Manager,nancy.robinson.1868@off-178.demo.com,Austin,TX,78701,USA
David,Smith,Analogic Corp,Director,david.smith.1869@off-178.demo.com,Chicago,IL,60601,USA
Margaret,Johnson,Alexander's Inc,Consultant,margaret.johnson.1870@off-179.demo.com,Denver,CO,80202,USA
Joseph,Williams,Alexander's Inc,Specialist,joseph.williams.1871@off-179.demo.com,Miami,FL,33101,USA
Mary,Brown,Alexander's Inc,Coordinator,mary.brown.1872@off-179.demo.com,Portland,OR,97201,USA
Charles,Jones,Alexander's Inc,Analyst,charles.jones.1873@off-179.demo.com,Atlanta,GA,30301,USA
Jennifer,Garcia,Alexander's Inc,Manager,jennifer.garcia.1874@off-179.demo.com,Boston,MA,02101,USA
Daniel,Miller,Alexander's Inc,Director,daniel.miller.1875@off-179.demo.com,Seattle,WA,98101,USA
Elizabeth,Davis,Alexander's Inc,VP,elizabeth.davis.1876@off-179.demo.com,Austin,TX,78701,USA
Anthony,Rodriguez,Alexander's Inc,Engineer,anthony.rodriguez.1877@off-179.demo.com,Chicago,IL,60601,USA
Susan,Martinez,Alexander's Inc,Consultant,susan.martinez.1878@off-179.demo.com,Denver,CO,80202,USA
James,Hernandez,Alexander's Inc,Specialist,james.hernandez.1879@off-179.demo.com,Miami,FL,33101,USA
Sarah,Lopez,Amag Pharmaceuticals,Engineer,sarah.lopez.1880@off-180.demo.com,Portland,OR,97201,USA
Robert,Gonzalez,Amag Pharmaceuticals,Consultant,robert.gonzalez.1881@off-180.demo.com,Atlanta,GA,30301,USA
Lisa,Wilson,Amag Pharmaceuticals,Specialist,lisa.wilson.1882@off-180.demo.com,Boston,MA,02101,USA
William,Anderson,Amag Pharmaceuticals,Coordinator,william.anderson.1883@off-180.demo.com,Seattle,WA,98101,USA
Betty,Thomas,Amag Pharmaceuticals,Analyst,betty.thomas.1884@off-180.demo.com,Austin,TX,78701,USA
Richard,Taylor,Amag Pharmaceuticals,Manager,richard.taylor.1885@off-180.demo.com,Chicago,IL,60601,USA
Sandra,Moore,Amag Pharmaceuticals,Director,sandra.moore.1886@off-180.demo.com,Denver,CO,80202,USA
Thomas,Jackson,Amag Pharmaceuticals,VP,thomas.jackson.1887@off-180.demo.com,Miami,FL,33101,USA
Patricia,Martin,Amag Pharmaceuticals,Engineer,patricia.martin.1888@off-180.demo.com,Portland,OR,97201,USA
Christopher,Lee,Amag Pharmaceuticals,Consultant,christopher.lee.1889@off-180.demo.com,Atlanta,GA,30301,USA
Linda,Perez,Ambarella Inc,Coordinator,linda.perez.1890@off-181.demo.com,Boston,MA,02101,USA
Matthew,Thompson,Ambarella Inc,Analyst,matthew.thompson.1891@off-181.demo.com,Seattle,WA,98101,USA
Barbara,White,Ambarella Inc,Manager,barbara.white.1892@off-181.demo.com,Austin,TX,78701,USA
Mark,Harris,Ambarella Inc,Director,mark.harris.1893@off-181.demo.com,Chicago,IL,60601,USA
Jessica,Sanchez,Ambarella Inc,VP,jessica.sanchez.1894@off-181.demo.com,Denver,CO,80202,USA
John,Clark,Ambarella Inc,Engineer,john.clark.1895@off-181.demo.com,Miami,FL,33101,USA
Karen,Ramirez,Ambarella Inc,Consultant,karen.ramirez.1896@off-181.demo.com,Portland,OR,97201,USA
Michael,Lewis,Ambarella Inc,Specialist,michael.lewis.1897@off-181.demo.com,Atlanta,GA,30301,USA
Nancy,Robinson,Ambarella Inc,Coordinator,nancy.robinson.1898@off-181.demo.com,Boston,MA,02101,USA
David,Smith,Ambarella Inc,Analyst,david.smith.1899@off-181.demo.com,Seattle,WA,98101,USA
Margaret,Johnson,Ambac Financial Group Inc,Consultant,margaret.johnson.1900@off-182.demo.com,Austin,TX,78701,USA
Joseph,Williams,Ambac Financial Group Inc,Specialist,joseph.williams.1901@off-182.demo.com,Chicago,IL,60601,USA
Mary,Brown,Ambac Financial Group Inc,Coordinator,mary.brown.1902@off-182.demo.com,Denver,CO,80202,USA
Charles,Jones,Ambac Financial Group Inc,Analyst,charles.jones.1903@off-182.demo.com,Miami,FL,33101,USA
Jennifer,Garcia,Ambac Financial Group Inc,Manager,jennifer.garcia.1904@off-182.demo.com,Portland,OR,97201,USA
Daniel,Miller,Ambac Financial Group Inc,Director,daniel.miller.1905@off-182.demo.com,Atlanta,GA,30301,USA
Elizabeth,Davis,Ambac Financial Group Inc,VP,elizabeth.davis.1906@off-182.demo.com,Boston,MA,02101,USA
Anthony,Rodriguez,Ambac Financial Group Inc,Engineer,anthony.rodriguez.1907@off-182.demo.com,Seattle,WA,98101,USA
Susan,Martinez,Ambac Financial Group Inc,Consultant,susan.martinez.1908@off-182.demo.com,Austin,TX,78701,USA
James,Hernandez,Ambac Financial Group Inc,Specialist,james.hernandez.1909@off-182.demo.com,Chicago,IL,60601,USA
Sarah,Lopez,Amber Road Inc,Engineer,sarah.lopez.1910@off-183.demo.com,Denver,CO,80202,USA
Robert,Gonzalez,Amber Road Inc,Consultant,robert.gonzalez.1911@off-183.demo.com,Miami,FL,33101,USA
Lisa,Wilson,Amber Road Inc,Specialist,lisa.wilson.1912@off-183.demo.com,Portland,OR,97201,USA
William,Anderson,Amber Road Inc,Coordinator,william.anderson.1913@off-183.demo.com,Atlanta,GA,30301,USA
Betty,Thomas,Amber Road Inc,Analyst,betty.thomas.1914@off-183.demo.com,Boston,MA,02101,USA
Richard,Taylor,Amber Road Inc,Manager,richard.taylor.1915@off-183.demo.com,Seattle,WA,98101,USA
Sandra,Moore,Amber Road Inc,Director,sandra.moore.1916@off-183.demo.com,Austin,TX,78701,USA
Thomas,Jackson,Amber Road Inc,VP,thomas.jackson.1917@off-183.demo.com,Chicago,IL,60601,USA
Patricia,Martin,Amber Road Inc,Engineer,patricia.martin.1918@off-183.demo.com,Denver,CO,80202,USA
Christopher,Lee,Amber Road Inc,Consultant,christopher.lee.1919@off-183.demo.com,Miami,FL,33101,USA
Linda,Perez,Amc Entertainment Holdings Inc,Specialist,linda.perez.1920@off-184.demo.com,Portland,OR,97201,USA
Matthew,Thompson,Amc Entertainment Holdings Inc,Coordinator,matthew.thompson.1921@off-184.demo.com,Atlanta,GA,30301,USA
Barbara,White,Amc Entertainment Holdings Inc,Analyst,barbara.white.1922@off-184.demo.com,Boston,MA,02101,USA
Mark,Harris,Amc Entertainment Holdings Inc,Manager,mark.harris.1923@off-184.demo.com,Seattle,WA,98101,USA
Jessica,Sanchez,Amc Entertainment Holdings Inc,Director,jessica.sanchez.1924@off-184.demo.com,Austin,TX,78701,USA
John,Clark,Amc Entertainment Holdings Inc,VP,john.clark.1925@off-184.demo.com,Chicago,IL,60601,USA
Karen,Ramirez,Amc Entertainment Holdings Inc,Engineer,karen.ramirez.1926@off-184.demo.com,Denver,CO,80202,USA
Michael,Lewis,Amc Entertainment Holdings Inc,Consultant,michael.lewis.1927@off-184.demo.com,Miami,FL,33101,USA
Nancy,Robinson,Amc Entertainment Holdings Inc,Specialist,nancy.robinson.1928@off-184.demo.com,Portland,OR,97201,USA
David,Smith,Amc Entertainment Holdings Inc,Coordinator,david.smith.1929@off-184.demo.com,Atlanta,GA,30301,USA
Margaret,Johnson,Applied Micro Circuits Corp,Consultant,margaret.johnson.1930@off-185.demo.com,Boston,MA,02101,USA
Joseph,Williams,Applied Micro Circuits Corp,Specialist,joseph.williams.1931@off-185.demo.com,Seattle,WA,98101,USA
Mary,Brown,Applied Micro Circuits Corp,Coordinator,mary.brown.1932@off-185.demo.com,Austin,TX,78701,USA
Charles,Jones,Applied Micro Circuits Corp,Analyst,charles.jones.1933@off-185.demo.com,Chicago,IL,60601,USA
Jennifer,Garcia,Applied Micro Circuits Corp,Manager,jennifer.garcia.1934@off-185.demo.com,Denver,CO,80202,USA
Daniel,Miller,Applied Micro Circuits Corp,Director,daniel.miller.1935@off-185.demo.com,Miami,FL,33101,USA
Elizabeth,Davis,Applied Micro Circuits Corp,VP,elizabeth.davis.1936@off-185.demo.com,Portland,OR,97201,USA
Anthony,Rodriguez,Applied Micro Circuits Corp,Engineer,anthony.rodriguez.1937@off-185.demo.com,Atlanta,GA,30301,USA
Susan,Martinez,Applied Micro Circuits Corp,Consultant,susan.martinez.1938@off-185.demo.com,Boston,MA,02101,USA
James,Hernandez,Applied Micro Circuits Corp,Specialist,james.hernandez.1939@off-185.demo.com,Seattle,WA,98101,USA
Sarah,Lopez,Amedisys Inc,Analyst,sarah.lopez.1940@off-186.demo.com,Austin,TX,78701,USA
Robert,Gonzalez,Amedisys Inc,Manager,robert.gonzalez.1941@off-186.demo.com,Chicago,IL,60601,USA
Lisa,Wilson,Amedisys Inc,Director,lisa.wilson.1942@off-186.demo.com,Denver,CO,80202,USA
William,Anderson,Amedisys Inc,VP,william.anderson.1943@off-186.demo.com,Miami,FL,33101,USA
Betty,Thomas,Amedisys Inc,Engineer,betty.thomas.1944@off-186.demo.com,Portland,OR,97201,USA
Richard,Taylor,Amedisys Inc,Consultant,richard.taylor.1945@off-186.demo.com,Atlanta,GA,30301,USA
Sandra,Moore,Amedisys Inc,Specialist,sandra.moore.1946@off-186.demo.com,Boston,MA,02101,USA
Thomas,Jackson,Amedisys Inc,Coordinator,thomas.jackson.1947@off-186.demo.com,Seattle,WA,98101,USA
Patricia,Martin,Amedisys Inc,Analyst,patricia.martin.1948@off-186.demo.com,Austin,TX,78701,USA
Christopher,Lee,Amedisys Inc,Manager,christopher.lee.1949@off-186.demo.com,Chicago,IL,60601,USA
Linda,Perez,Amkor Technology,Specialist,linda.perez.1950@off-187.demo.com,Denver,CO,80202,USA
Matthew,Thompson,Amkor Technology,Coordinator,matthew.thompson.1951@off-187.demo.com,Miami,FL,33101,USA
Barbara,White,Amkor Technology,Analyst,barbara.white.1952@off-187.demo.com,Portland,OR,97201,USA
Mark,Harris,Amkor Technology,Manager,mark.harris.1953@off-187.demo.com,Atlanta,GA,30301,USA
Jessica,Sanchez,Amkor Technology,Director,jessica.sanchez.1954@off-187.demo.com,Boston,MA,02101,USA
John,Clark,Amkor Technology,VP,john.clark.1955@off-187.demo.com,Seattle,WA,98101,USA
Karen,Ramirez,Amkor Technology,Engineer,karen.ramirez.1956@off-187.demo.com,Austin,TX,78701,USA
Michael,Lewis,Amkor Technology,Consultant,michael.lewis.1957@off-187.demo.com,Chicago,IL,60601,USA
Nancy,Robinson,Amkor Technology,Specialist,nancy.robinson.1958@off-187.demo.com,Denver,CO,80202,USA
David,Smith,Amkor Technology,Coordinator,david.smith.1959@off-187.demo.com,Miami,FL,33101,USA
Margaret,Johnson,American National Bankshares,Engineer,margaret.johnson.1960@off-188.demo.com,Portland,OR,97201,USA
Joseph,Williams,American National Bankshares,Consultant,joseph.williams.1961@off-188.demo.com,Atlanta,GA,30301,USA
Mary,Brown,American National Bankshares,Specialist,mary.brown.1962@off-188.demo.com,Boston,MA,02101,USA
Charles,Jones,American National Bankshares,Coordinator,charles.jones.1963@off-188.demo.com,Seattle,WA,98101,USA
Jennifer,Garcia,American National Bankshares,Analyst,jennifer.garcia.1964@off-188.demo.com,Austin,TX,78701,USA
Daniel,Miller,American National Bankshares,Manager,daniel.miller.1965@off-188.demo.com,Chicago,IL,60601,USA
Elizabeth,Davis,American National Bankshares,Director,elizabeth.davis.1966@off-188.demo.com,Denver,CO,80202,USA
Anthony,Rodriguez,American National Bankshares,VP,anthony.rodriguez.1967@off-188.demo.com,Miami,FL,33101,USA
Susan,Martinez,American National Bankshares,Engineer,susan.martinez.1968@off-188.demo.com,Portland,OR,97201,USA
James,Hernandez,American National Bankshares,Consultant,james.hernandez.1969@off-188.demo.com,Atlanta,GA,30301,USA
Sarah,Lopez,Allied Motion Technologies,Engineer,sarah.lopez.1970@off-189.demo.com,Boston,MA,02101,USA
Robert,Gonzalez,Allied Motion Technologies,Consultant,robert.gonzalez.1971@off-189.demo.com,Seattle,WA,98101,USA
Lisa,Wilson,Allied Motion Technologies,Specialist,lisa.wilson.1972@off-189.demo.com,Austin,TX,78701,USA
William,Anderson,Allied Motion Technologies,Coordinator,william.anderson.1973@off-189.demo.com,Chicago,IL,60601,USA
Betty,Thomas,Allied Motion Technologies,Analyst,betty.thomas.1974@off-189.demo.com,Denver,CO,80202,USA
Richard,Taylor,Allied Motion Technologies,Manager,richard.taylor.1975@off-189.demo.com,Miami,FL,33101,USA
Sandra,Moore,Allied Motion Technologies,Director,sandra.moore.1976@off-189.demo.com,Portland,OR,97201,USA
Thomas,Jackson,Allied Motion Technologies,VP,thomas.jackson.1977@off-189.demo.com,Atlanta,GA,30301,USA
Patricia,Martin,Allied Motion Technologies,Engineer,patricia.martin.1978@off-189.demo.com,Boston,MA,02101,USA
Christopher,Lee,Allied Motion Technologies,Consultant,christopher.lee.1979@off-189.demo.com,Seattle,WA,98101,USA
Linda,Perez,Amphastar Pharmaceuticals Inc,Manager,linda.perez.1980@off-190.demo.com,Austin,TX,78701,USA
Matthew,Thompson,Amphastar Pharmaceuticals Inc,Director,matthew.thompson.1981@off-190.demo.com,Chicago,IL,60601,USA
Barbara,White,Amphastar Pharmaceuticals Inc,VP,barbara.white.1982@off-190.demo.com,Denver,CO,80202,USA
Mark,Harris,Amphastar Pharmaceuticals Inc,Engineer,mark.harris.1983@off-190.demo.com,Miami,FL,33101,USA
Jessica,Sanchez,Amphastar Pharmaceuticals Inc,Consultant,jessica.sanchez.1984@off-190.demo.com,Portland,OR,97201,USA
John,Clark,Amphastar Pharmaceuticals Inc,Specialist,john.clark.1985@off-190.demo.com,Atlanta,GA,30301,USA
Karen,Ramirez,Amphastar Pharmaceuticals Inc,Coordinator,karen.ramirez.1986@off-190.demo.com,Boston,MA,02101,USA
Michael,Lewis,Amphastar Pharmaceuticals Inc,Analyst,michael.lewis.1987@off-190.demo.com,Seattle,WA,98101,USA
Nancy,Robinson,Amphastar Pharmaceuticals Inc,Manager,nancy.robinson.1988@off-190.demo.com,Austin,TX,78701,USA
David,Smith,Amphastar Pharmaceuticals Inc,Director,david.smith.1989@off-190.demo.com,Chicago,IL,60601,USA
Margaret,Johnson,Ameresco Inc,Director,margaret.johnson.1990@off-191.demo.com,Denver,CO,80202,USA
Joseph,Williams,Ameresco Inc,VP,joseph.williams.1991@off-191.demo.com,Miami,FL,33101,USA
Mary,Brown,Ameresco Inc,Engineer,mary.brown.1992@off-191.demo.com,Portland,OR,97201,USA
Charles,Jones,Ameresco Inc,Consultant,charles.jones.1993@off-191.demo.com,Atlanta,GA,30301,USA
Jennifer,Garcia,Ameresco Inc,Specialist,jennifer.garcia.1994@off-191.demo.com,Boston,MA,02101,USA
Daniel,Miller,Ameresco Inc,Coordinator,daniel.miller.1995@off-191.demo.com,Seattle,WA,98101,USA
Elizabeth,Davis,Ameresco Inc,Analyst,elizabeth.davis.1996@off-191.demo.com,Austin,TX,78701,USA
Anthony,Rodriguez,Ameresco Inc,Manager,anthony.rodriguez.1997@off-191.demo.com,Chicago,IL,60601,USA
Susan,Martinez,Ameresco Inc,Director,susan.martinez.1998@off-191.demo.com,Denver,CO,80202,USA
James,Hernandez,Ameresco Inc,VP,james.hernandez.1999@off-191.demo.com,Miami,FL,33101,USA
Sarah,Lopez,Albany Molecular Research,Manager,sarah.lopez.2000@off-192.demo.com,Portland,OR,97201,USA
Robert,Gonzalez,Albany Molecular Research,Director,robert.gonzalez.2001@off-192.demo.com,Atlanta,GA,30301,USA
Lisa,Wilson,Albany Molecular Research,VP,lisa.wilson.2002@off-192.demo.com,Boston,MA,02101,USA
William,Anderson,Albany Molecular Research,Engineer,william.anderson.2003@off-192.demo.com,Seattle,WA,98101,USA
Betty,Thomas,Albany Molecular Research,Consultant,betty.thomas.2004@off-192.demo.com,Austin,TX,78701,USA
Richard,Taylor,Albany Molecular Research,Specialist,richard.taylor.2005@off-192.demo.com,Chicago,IL,60601,USA
Sandra,Moore,Albany Molecular Research,Coordinator,sandra.moore.2006@off-192.demo.com,Denver,CO,80202,USA
Thomas,Jackson,Albany Molecular Research,Analyst,thomas.jackson.2007@off-192.demo.com,Miami,FL,33101,USA
Patricia,Martin,Albany Molecular Research,Manager,patricia.martin.2008@off-192.demo.com,Portland,OR,97201,USA
Christopher,Lee,Albany Molecular Research,Director,christopher.lee.2009@off-192.demo.com,Atlanta,GA,30301,USA
Linda,Perez,Amerisafe Inc,Coordinator,linda.perez.2010@off-193.demo.com,Boston,MA,02101,USA
Matthew,Thompson,Amerisafe Inc,Analyst,matthew.thompson.2011@off-193.demo.com,Seattle,WA,98101,USA
Barbara,White,Amerisafe Inc,Manager,barbara.white.2012@off-193.demo.com,Austin,TX,78701,USA
Mark,Harris,Amerisafe Inc,Director,mark.harris.2013@off-193.demo.com,Chicago,IL,60601,USA
Jessica,Sanchez,Amerisafe Inc,VP,jessica.sanchez.2014@off-193.demo.com,Denver,CO,80202,USA
John,Clark,Amerisafe Inc,Engineer,john.clark.2015@off-193.demo.com,Miami,FL,33101,USA
Karen,Ramirez,Amerisafe Inc,Consultant,karen.ramirez.2016@off-193.demo.com,Portland,OR,97201,USA
Michael,Lewis,Amerisafe Inc,Specialist,michael.lewis.2017@off-193.demo.com,Atlanta,GA,30301,USA
Nancy,Robinson,Amerisafe Inc,Coordinator,nancy.robinson.2018@off-193.demo.com,Boston,MA,02101,USA
David,Smith,Amerisafe Inc,Analyst,david.smith.2019@off-193.demo.com,Seattle,WA,98101,USA
Margaret,Johnson,Amsurg Corp,Coordinator,margaret.johnson.2020@off-194.demo.com,Austin,TX,78701,USA
Joseph,Williams,Amsurg Corp,Analyst,joseph.williams.2021@off-194.demo.com,Chicago,IL,60601,USA
Mary,Brown,Amsurg Corp,Manager,mary.brown.2022@off-194.demo.com,Denver,CO,80202,USA
Charles,Jones,Amsurg Corp,Director,charles.jones.2023@off-194.demo.com,Miami,FL,33101,USA
Jennifer,Garcia,Amsurg Corp,VP,jennifer.garcia.2024@off-194.demo.com,Portland,OR,97201,USA
Daniel,Miller,Amsurg Corp,Engineer,daniel.miller.2025@off-194.demo.com,Atlanta,GA,30301,USA
Elizabeth,Davis,Amsurg Corp,Consultant,elizabeth.davis.2026@off-194.demo.com,Boston,MA,02101,USA
Anthony,Rodriguez,Amsurg Corp,Specialist,anthony.rodriguez.2027@off-194.demo.com,Seattle,WA,98101,USA
Susan,Martinez,Amsurg Corp,Coordinator,susan.martinez.2028@off-194.demo.com,Austin,TX,78701,USA
James,Hernandez,Amsurg Corp,Analyst,james.hernandez.2029@off-194.demo.com,Chicago,IL,60601,USA
Sarah,Lopez,American Software,Coordinator,sarah.lopez.2030@off-195.demo.com,Denver,CO,80202,USA
Robert,Gonzalez,American Software,Analyst,robert.gonzalez.2031@off-195.demo.com,Miami,FL,33101,USA
Lisa,Wilson,American Software,Manager,lisa.wilson.2032@off-195.demo.com,Portland,OR,97201,USA
William,Anderson,American Software,Director,william.anderson.2033@off-195.demo.com,Atlanta,GA,30301,USA
Betty,Thomas,American Software,VP,betty.thomas.2034@off-195.demo.com,Boston,MA,02101,USA
Richard,Taylor,American Software,Engineer,richard.taylor.2035@off-195.demo.com,Seattle,WA,98101,USA
Sandra,Moore,American Software,Consultant,sandra.moore.2036@off-195.demo.com,Austin,TX,78701,USA
Thomas,Jackson,American Software,Specialist,thomas.jackson.2037@off-195.demo.com,Chicago,IL,60601,USA
Patricia,Martin,American Software,Coordinator,patricia.martin.2038@off-195.demo.com,Denver,CO,80202,USA
Christopher,Lee,American Software,Analyst,christopher.lee.2039@off-195.demo.com,Miami,FL,33101,USA
Linda,Perez,Apollo Residential Mortgage In,Specialist,linda.perez.2040@off-196.demo.com,Portland,OR,97201,USA
Matthew,Thompson,Apollo Residential Mortgage In,Coordinator,matthew.thompson.2041@off-196.demo.com,Atlanta,GA,30301,USA
Barbara,White,Apollo Residential Mortgage In,Analyst,barbara.white.2042@off-196.demo.com,Boston,MA,02101,USA
Mark,Harris,Apollo Residential Mortgage In,Manager,mark.harris.2043@off-196.demo.com,Seattle,WA,98101,USA
Jessica,Sanchez,Apollo Residential Mortgage In,Director,jessica.sanchez.2044@off-196.demo.com,Austin,TX,78701,USA
John,Clark,Apollo Residential Mortgage In,VP,john.clark.2045@off-196.demo.com,Chicago,IL,60601,USA
Karen,Ramirez,Apollo Residential Mortgage In,Engineer,karen.ramirez.2046@off-196.demo.com,Denver,CO,80202,USA
Michael,Lewis,Apollo Residential Mortgage In,Consultant,michael.lewis.2047@off-196.demo.com,Miami,FL,33101,USA
Nancy,Robinson,Apollo Residential Mortgage In,Specialist,nancy.robinson.2048@off-196.demo.com,Portland,OR,97201,USA
David,Smith,Apollo Residential Mortgage In,Coordinator,david.smith.2049@off-196.demo.com,Atlanta,GA,30301,USA
Margaret,Johnson,American Woodmark Corp,Analyst,margaret.johnson.2050@off-197.demo.com,Boston,MA,02101,USA
Joseph,Williams,American Woodmark Corp,Manager,joseph.williams.2051@off-197.demo.com,Seattle,WA,98101,USA
Mary,Brown,American Woodmark Corp,Director,mary.brown.2052@off-197.demo.com,Austin,TX,78701,USA
Charles,Jones,American Woodmark Corp,VP,charles.jones.2053@off-197.demo.com,Chicago,IL,60601,USA
Jennifer,Garcia,American Woodmark Corp,Engineer,jennifer.garcia.2054@off-197.demo.com,Denver,CO,80202,USA
Daniel,Miller,American Woodmark Corp,Consultant,daniel.miller.2055@off-197.demo.com,Miami,FL,33101,USA
Elizabeth,Davis,American Woodmark Corp,Specialist,elizabeth.davis.2056@off-197.demo.com,Portland,OR,97201,USA
Anthony,Rodriguez,American Woodmark Corp,Coordinator,anthony.rodriguez.2057@off-197.demo.com,Atlanta,GA,30301,USA
Susan,Martinez,American Woodmark Corp,Analyst,susan.martinez.2058@off-197.demo.com,Boston,MA,02101,USA
James,Hernandez,American Woodmark Corp,Manager,james.hernandez.2059@off-197.demo.com,Seattle,WA,98101,USA
Sarah,Lopez,Anacor Pharmaceuticals,Director,sarah.lopez.2060@off-198.demo.com,Austin,TX,78701,USA
Robert,Gonzalez,Anacor Pharmaceuticals,VP,robert.gonzalez.2061@off-198.demo.com,Chicago,IL,60601,USA
Lisa,Wilson,Anacor Pharmaceuticals,Engineer,lisa.wilson.2062@off-198.demo.com,Denver,CO,80202,USA
William,Anderson,Anacor Pharmaceuticals,Consultant,william.anderson.2063@off-198.demo.com,Miami,FL,33101,USA
Betty,Thomas,Anacor Pharmaceuticals,Specialist,betty.thomas.2064@off-198.demo.com,Portland,OR,97201,USA
Richard,Taylor,Anacor Pharmaceuticals,Coordinator,richard.taylor.2065@off-198.demo.com,Atlanta,GA,30301,USA
Sandra,Moore,Anacor Pharmaceuticals,Analyst,sandra.moore.2066@off-198.demo.com,Boston,MA,02101,USA
Thomas,Jackson,Anacor Pharmaceuticals,Manager,thomas.jackson.2067@off-198.demo.com,Seattle,WA,98101,USA
Patricia,Martin,Anacor Pharmaceuticals,Director,patricia.martin.2068@off-198.demo.com,Austin,TX,78701,USA
Christopher,Lee,Anacor Pharmaceuticals,VP,christopher.lee.2069@off-198.demo.com,Chicago,IL,60601,USA
Linda,Perez,Access National Corp,Director,linda.perez.2070@off-199.demo.com,Denver,CO,80202,USA
Matthew,Thompson,Access National Corp,VP,matthew.thompson.2071@off-199.demo.com,Miami,FL,33101,USA
Barbara,White,Access National Corp,Engineer,barbara.white.2072@off-199.demo.com,Portland,OR,97201,USA
Mark,Harris,Access National Corp,Consultant,mark.harris.2073@off-199.demo.com,Atlanta,GA,30301,USA
Jessica,Sanchez,Access National Corp,Specialist,jessica.sanchez.2074@off-199.demo.com,Boston,MA,02101,USA
John,Clark,Access National Corp,Coordinator,john.clark.2075@off-199.demo.com,Seattle,WA,98101,USA
Karen,Ramirez,Access National Corp,Analyst,karen.ramirez.2076@off-199.demo.com,Austin,TX,78701,USA
Michael,Lewis,Access National Corp,Manager,michael.lewis.2077@off-199.demo.com,Chicago,IL,60601,USA
Nancy,Robinson,Access National Corp,Director,nancy.robinson.2078@off-199.demo.com,Denver,CO,80202,USA
David,Smith,Access National Corp,VP,david.smith.2079@off-199.demo.com,Miami,FL,33101,USA
Margaret,Johnson,The Andersons,Consultant,margaret.johnson.2080@off-200.demo.com,Portland,OR,97201,USA
Joseph,Williams,The Andersons,Specialist,joseph.williams.2081@off-200.demo.com,Atlanta,GA,30301,USA
Mary,Brown,The Andersons,Coordinator,mary.brown.2082@off-200.demo.com,Boston,MA,02101,USA
Charles,Jones,The Andersons,Analyst,charles.jones.2083@off-200.demo.com,Seattle,WA,98101,USA
Jennifer,Garcia,The Andersons,Manager,jennifer.garcia.2084@off-200.demo.com,Austin,TX,78701,USA
Daniel,Miller,The Andersons,Director,daniel.miller.2085@off-200.demo.com,Chicago,IL,60601,USA
Elizabeth,Davis,The Andersons,VP,elizabeth.davis.2086@off-200.demo.com,Denver,CO,80202,USA
Anthony,Rodriguez,The Andersons,Engineer,anthony.rodriguez.2087@off-200.demo.com,Miami,FL,33101,USA
Susan,Martinez,The Andersons,Consultant,susan.martinez.2088@off-200.demo.com,Portland,OR,97201,USA
James,Hernandez,The Andersons,Specialist,james.hernandez.2089@off-200.demo.com,Atlanta,GA,30301,USA
Sarah,Lopez,Abercrombie & Fitch Company,Consultant,sarah.lopez.2090@off-201.demo.com,Boston,MA,02101,USA
Robert,Gonzalez,Abercrombie & Fitch Company,Specialist,robert.gonzalez.2091@off-201.demo.com,Seattle,WA,98101,USA
Lisa,Wilson,Abercrombie & Fitch Company,Coordinator,lisa.wilson.2092@off-201.demo.com,Austin,TX,78701,USA
William,Anderson,Abercrombie & Fitch Company,Analyst,william.anderson.2093@off-201.demo.com,Chicago,IL,60601,USA
Betty,Thomas,Abercrombie & Fitch Company,Manager,betty.thomas.2094@off-201.demo.com,Denver,CO,80202,USA
Richard,Taylor,Abercrombie & Fitch Company,Director,richard.taylor.2095@off-201.demo.com,Miami,FL,33101,USA
Sandra,Moore,Abercrombie & Fitch Company,VP,sandra.moore.2096@off-201.demo.com,Portland,OR,97201,USA
Thomas,Jackson,Abercrombie & Fitch Company,Engineer,thomas.jackson.2097@off-201.demo.com,Atlanta,GA,30301,USA
Patricia,Martin,Abercrombie & Fitch Company,Consultant,patricia.martin.2098@off-201.demo.com,Boston,MA,02101,USA
Christopher,Lee,Abercrombie & Fitch Company,Specialist,christopher.lee.2099@off-201.demo.com,Seattle,WA,98101,USA
Linda,Perez,Angie's List Inc,Engineer,linda.perez.2100@off-202.demo.com,Austin,TX,78701,USA
Matthew,Thompson,Angie's List Inc,Consultant,matthew.thompson.2101@off-202.demo.com,Chicago,IL,60601,USA
Barbara,White,Angie's List Inc,Specialist,barbara.white.2102@off-202.demo.com,Denver,CO,80202,USA
Mark,Harris,Angie's List Inc,Coordinator,mark.harris.2103@off-202.demo.com,Miami,FL,33101,USA
Jessica,Sanchez,Angie's List Inc,Analyst,jessica.sanchez.2104@off-202.demo.com,Portland,OR,97201,USA
John,Clark,Angie's List Inc,Manager,john.clark.2105@off-202.demo.com,Atlanta,GA,30301,USA
Karen,Ramirez,Angie's List Inc,Director,karen.ramirez.2106@off-202.demo.com,Boston,MA,02101,USA
Michael,Lewis,Angie's List Inc,VP,michael.lewis.2107@off-202.demo.com,Seattle,WA,98101,USA
Nancy,Robinson,Angie's List Inc,Engineer,nancy.robinson.2108@off-202.demo.com,Austin,TX,78701,USA
David,Smith,Angie's List Inc,Consultant,david.smith.2109@off-202.demo.com,Chicago,IL,60601,USA
Margaret,Johnson,Angiodynamics,VP,margaret.johnson.2110@off-203.demo.com,Denver,CO,80202,USA
Joseph,Williams,Angiodynamics,Engineer,joseph.williams.2111@off-203.demo.com,Miami,FL,33101,USA
Mary,Brown,Angiodynamics,Consultant,mary.brown.2112@off-203.demo.com,Portland,OR,97201,USA
Charles,Jones,Angiodynamics,Specialist,charles.jones.2113@off-203.demo.com,Atlanta,GA,30301,USA
Jennifer,Garcia,Angiodynamics,Coordinator,jennifer.garcia.2114@off-203.demo.com,Boston,MA,02101,USA
Daniel,Miller,Angiodynamics,Analyst,daniel.miller.2115@off-203.demo.com,Seattle,WA,98101,USA
Elizabeth,Davis,Angiodynamics,Manager,elizabeth.davis.2116@off-203.demo.com,Austin,TX,78701,USA
Anthony,Rodriguez,Angiodynamics,Director,anthony.rodriguez.2117@off-203.demo.com,Chicago,IL,60601,USA
Susan,Martinez,Angiodynamics,VP,susan.martinez.2118@off-203.demo.com,Denver,CO,80202,USA
James,Hernandez,Angiodynamics,Engineer,james.hernandez.2119@off-203.demo.com,Miami,FL,33101,USA
Sarah,Lopez,Anworth Mortgage Asset Corp,VP,sarah.lopez.2120@off-204.demo.com,Portland,OR,97201,USA
Robert,Gonzalez,Anworth Mortgage Asset Corp,Engineer,robert.gonzalez.2121@off-204.demo.com,Atlanta,GA,30301,USA
Lisa,Wilson,Anworth Mortgage Asset Corp,Consultant,lisa.wilson.2122@off-204.demo.com,Boston,MA,02101,USA
William,Anderson,Anworth Mortgage Asset Corp,Specialist,william.anderson.2123@off-204.demo.com,Seattle,WA,98101,USA
Betty,Thomas,Anworth Mortgage Asset Corp,Coordinator,betty.thomas.2124@off-204.demo.com,Austin,TX,78701,USA
Richard,Taylor,Anworth Mortgage Asset Corp,Analyst,richard.taylor.2125@off-204.demo.com,Chicago,IL,60601,USA
Sandra,Moore,Anworth Mortgage Asset Corp,Manager,sandra.moore.2126@off-204.demo.com,Denver,CO,80202,USA
Thomas,Jackson,Anworth Mortgage Asset Corp,Director,thomas.jackson.2127@off-204.demo.com,Miami,FL,33101,USA
Patricia,Martin,Anworth Mortgage Asset Corp,VP,patricia.martin.2128@off-204.demo.com,Portland,OR,97201,USA
Christopher,Lee,Anworth Mortgage Asset Corp,Engineer,christopher.lee.2129@off-204.demo.com,Atlanta,GA,30301,USA
Linda,Perez,Anika Therapeutics Inc,Analyst,linda.perez.2130@off-205.demo.com,Boston,MA,02101,USA
Matthew,Thompson,Anika Therapeutics Inc,Manager,matthew.thompson.2131@off-205.demo.com,Seattle,WA,98101,USA
Barbara,White,Anika Therapeutics Inc,Director,barbara.white.2132@off-205.demo.com,Austin,TX,78701,USA
Mark,Harris,Anika Therapeutics Inc,VP,mark.harris.2133@off-205.demo.com,Chicago,IL,60601,USA
Jessica,Sanchez,Anika Therapeutics Inc,Engineer,jessica.sanchez.2134@off-205.demo.com,Denver,CO,80202,USA
John,Clark,Anika Therapeutics Inc,Consultant,john.clark.2135@off-205.demo.com,Miami,FL,33101,USA
Karen,Ramirez,Anika Therapeutics Inc,Specialist,karen.ramirez.2136@off-205.demo.com,Portland,OR,97201,USA
Michael,Lewis,Anika Therapeutics Inc,Coordinator,michael.lewis.2137@off-205.demo.com,Atlanta,GA,30301,USA
Nancy,Robinson,Anika Therapeutics Inc,Analyst,nancy.robinson.2138@off-205.demo.com,Boston,MA,02101,USA
David,Smith,Anika Therapeutics Inc,Manager,david.smith.2139@off-205.demo.com,Seattle,WA,98101,USA
Margaret,Johnson,ANI Pharmaceuticals Inc,VP,margaret.johnson.2140@off-206.demo.com,Austin,TX,78701,USA
Joseph,Williams,ANI Pharmaceuticals Inc,Engineer,joseph.williams.2141@off-206.demo.com,Chicago,IL,60601,USA
Mary,Brown,ANI Pharmaceuticals Inc,Consultant,mary.brown.2142@off-206.demo.com,Denver,CO,80202,USA
Charles,Jones,ANI Pharmaceuticals Inc,Specialist,charles.jones.2143@off-206.demo.com,Miami,FL,33101,USA
Jennifer,Garcia,ANI Pharmaceuticals Inc,Coordinator,jennifer.garcia.2144@off-206.demo.com,Portland,OR,97201,USA
Daniel,Miller,ANI Pharmaceuticals Inc,Analyst,daniel.miller.2145@off-206.demo.com,Atlanta,GA,30301,USA
Elizabeth,Davis,ANI Pharmaceuticals Inc,Manager,elizabeth.davis.2146@off-206.demo.com,Boston,MA,02101,USA
Anthony,Rodriguez,ANI Pharmaceuticals Inc,Director,anthony.rodriguez.2147@off-206.demo.com,Seattle,WA,98101,USA
Susan,Martinez,ANI Pharmaceuticals Inc,VP,susan.martinez.2148@off-206.demo.com,Austin,TX,78701,USA
James,Hernandez,ANI Pharmaceuticals Inc,Engineer,james.hernandez.2149@off-206.demo.com,Chicago,IL,60601,USA
Sarah,Lopez,Anthera Pharmaceuticals,Consultant,sarah.lopez.2150@off-207.demo.com,Denver,CO,80202,USA
Robert,Gonzalez,Anthera Pharmaceuticals,Specialist,robert.gonzalez.2151@off-207.demo.com,Miami,FL,33101,USA
Lisa,Wilson,Anthera Pharmaceuticals,Coordinator,lisa.wilson.2152@off-207.demo.com,Portland,OR,97201,USA
William,Anderson,Anthera Pharmaceuticals,Analyst,william.anderson.2153@off-207.demo.com,Atlanta,GA,30301,USA
Betty,Thomas,Anthera Pharmaceuticals,Manager,betty.thomas.2154@off-207.demo.com,Boston,MA,02101,USA
Richard,Taylor,Anthera Pharmaceuticals,Director,richard.taylor.2155@off-207.demo.com,Seattle,WA,98101,USA
Sandra,Moore,Anthera Pharmaceuticals,VP,sandra.moore.2156@off-207.demo.com,Austin,TX,78701,USA
Thomas,Jackson,Anthera Pharmaceuticals,Engineer,thomas.jackson.2157@off-207.demo.com,Chicago,IL,60601,USA
Patricia,Martin,Anthera Pharmaceuticals,Consultant,patricia.martin.2158@off-207.demo.com,Denver,CO,80202,USA
Christopher,Lee,Anthera Pharmaceuticals,Specialist,christopher.lee.2159@off-207.demo.com,Miami,FL,33101,USA
Linda,Perez,Alpha and Omega Semiconductor,Consultant,linda.perez.2160@off-208.demo.com,Portland,OR,97201,USA
Matthew,Thompson,Alpha and Omega Semiconductor,Specialist,matthew.thompson.2161@off-208.demo.com,Atlanta,GA,30301,USA
Barbara,White,Alpha and Omega Semiconductor,Coordinator,barbara.white.2162@off-208.demo.com,Boston,MA,02101,USA
Mark,Harris,Alpha and Omega Semiconductor,Analyst,mark.harris.2163@off-208.demo.com,Seattle,WA,98101,USA
Jessica,Sanchez,Alpha and Omega Semiconductor,Manager,jessica.sanchez.2164@off-208.demo.com,Austin,TX,78701,USA
John,Clark,Alpha and Omega Semiconductor,Director,john.clark.2165@off-208.demo.com,Chicago,IL,60601,USA
Karen,Ramirez,Alpha and Omega Semiconductor,VP,karen.ramirez.2166@off-208.demo.com,Denver,CO,80202,USA
Michael,Lewis,Alpha and Omega Semiconductor,Engineer,michael.lewis.2167@off-208.demo.com,Miami,FL,33101,USA
Nancy,Robinson,Alpha and Omega Semiconductor,Consultant,nancy.robinson.2168@off-208.demo.com,Portland,OR,97201,USA
David,Smith,Alpha and Omega Semiconductor,Specialist,david.smith.2169@off-208.demo.com,Atlanta,GA,30301,USA
Margaret,Johnson,American Public Education,VP,margaret.johnson.2170@off-209.demo.com,Boston,MA,02101,USA
Joseph,Williams,American Public Education,Engineer,joseph.williams.2171@off-209.demo.com,Seattle,WA,98101,USA
Mary,Brown,American Public Education,Consultant,mary.brown.2172@off-209.demo.com,Austin,TX,78701,USA
Charles,Jones,American Public Education,Specialist,charles.jones.2173@off-209.demo.com,Chicago,IL,60601,USA
Jennifer,Garcia,American Public Education,Coordinator,jennifer.garcia.2174@off-209.demo.com,Denver,CO,80202,USA
Daniel,Miller,American Public Education,Analyst,daniel.miller.2175@off-209.demo.com,Miami,FL,33101,USA
Elizabeth,Davis,American Public Education,Manager,elizabeth.davis.2176@off-209.demo.com,Portland,OR,97201,USA
Anthony,Rodriguez,American Public Education,Director,anthony.rodriguez.2177@off-209.demo.com,Atlanta,GA,30301,USA
Susan,Martinez,American Public Education,VP,susan.martinez.2178@off-209.demo.com,Boston,MA,02101,USA
James,Hernandez,American Public Education,Engineer,james.hernandez.2179@off-209.demo.com,Seattle,WA,98101,USA
Sarah,Lopez,Apigee Corp,Coordinator,sarah.lopez.2180@off-210.demo.com,Austin,TX,78701,USA
Robert,Gonzalez,Apigee Corp,Analyst,robert.gonzalez.2181@off-210.demo.com,Chicago,IL,60601,USA
Lisa,Wilson,Apigee Corp,Manager,lisa.wilson.2182@off-210.demo.com,Denver,CO,80202,USA
William,Anderson,Apigee Corp,Director,william.anderson.2183@off-210.demo.com,Miami,FL,33101,USA
Betty,Thomas,Apigee Corp,VP,betty.thomas.2184@off-210.demo.com,Portland,OR,97201,USA
Richard,Taylor,Apigee Corp,Engineer,richard.taylor.2185@off-210.demo.com,Atlanta,GA,30301,USA
Sandra,Moore,Apigee Corp,Consultant,sandra.moore.2186@off-210.demo.com,Boston,MA,02101,USA
Thomas,Jackson,Apigee Corp,Specialist,thomas.jackson.2187@off-210.demo.com,Seattle,WA,98101,USA
Patricia,Martin,Apigee Corp,Coordinator,patricia.martin.2188@off-210.demo.com,Austin,TX,78701,USA
Christopher,Lee,Apigee Corp,Analyst,christopher.lee.2189@off-210.demo.com,Chicago,IL,60601,USA
Linda,Perez,Apogee Enterprises,Analyst,linda.perez.2190@off-211.demo.com,Denver,CO,80202,USA
Matthew,Thompson,Apogee Enterprises,Manager,matthew.thompson.2191@off-211.demo.com,Miami,FL,33101,USA
Barbara,White,Apogee Enterprises,Director,barbara.white.2192@off-211.demo.com,Portland,OR,97201,USA
Mark,Harris,Apogee Enterprises,VP,mark.harris.2193@off-211.demo.com,Atlanta,GA,30301,USA
Jessica,Sanchez,Apogee Enterprises,Engineer,jessica.sanchez.2194@off-211.demo.com,Boston,MA,02101,USA
John,Clark,Apogee Enterprises,Consultant,john.clark.2195@off-211.demo.com,Seattle,WA,98101,USA
Karen,Ramirez,Apogee Enterprises,Specialist,karen.ramirez.2196@off-211.demo.com,Austin,TX,78701,USA
Michael,Lewis,Apogee Enterprises,Coordinator,michael.lewis.2197@off-211.demo.com,Chicago,IL,60601,USA
Nancy,Robinson,Apogee Enterprises,Analyst,nancy.robinson.2198@off-211.demo.com,Denver,CO,80202,USA
David,Smith,Apogee Enterprises,Manager,david.smith.2199@off-211.demo.com,Miami,FL,33101,USA
Margaret,Johnson,Apollo Group,Engineer,margaret.johnson.2200@off-212.demo.com,Portland,OR,97201,USA
Joseph,Williams,Apollo Group,Consultant,joseph.williams.2201@off-212.demo.com,Atlanta,GA,30301,USA
Mary,Brown,Apollo Group,Specialist,mary.brown.2202@off-212.demo.com,Boston,MA,02101,USA
Charles,Jones,Apollo Group,Coordinator,charles.jones.2203@off-212.demo.com,Seattle,WA,98101,USA
Jennifer,Garcia,Apollo Group,Analyst,jennifer.garcia.2204@off-212.demo.com,Austin,TX,78701,USA
Daniel,Miller,Apollo Group,Manager,daniel.miller.2205@off-212.demo.com,Chicago,IL,60601,USA
Elizabeth,Davis,Apollo Group,Director,elizabeth.davis.2206@off-212.demo.com,Denver,CO,80202,USA
Anthony,Rodriguez,Apollo Group,VP,anthony.rodriguez.2207@off-212.demo.com,Miami,FL,33101,USA
Susan,Martinez,Apollo Group,Engineer,susan.martinez.2208@off-212.demo.com,Portland,OR,97201,USA
James,Hernandez,Apollo Group,Consultant,james.hernandez.2209@off-212.demo.com,Atlanta,GA,30301,USA
Sarah,Lopez,Digital Turbine Inc,Consultant,sarah.lopez.2210@off-213.demo.com,Boston,MA,02101,USA
Robert,Gonzalez,Digital Turbine Inc,Specialist,robert.gonzalez.2211@off-213.demo.com,Seattle,WA,98101,USA
Lisa,Wilson,Digital Turbine Inc,Coordinator,lisa.wilson.2212@off-213.demo.com,Austin,TX,78701,USA
William,Anderson,Digital Turbine Inc,Analyst,william.anderson.2213@off-213.demo.com,Chicago,IL,60601,USA
Betty,Thomas,Digital Turbine Inc,Manager,betty.thomas.2214@off-213.demo.com,Denver,CO,80202,USA
Richard,Taylor,Digital Turbine Inc,Director,richard.taylor.2215@off-213.demo.com,Miami,FL,33101,USA
Sandra,Moore,Digital Turbine Inc,VP,sandra.moore.2216@off-213.demo.com,Portland,OR,97201,USA
Thomas,Jackson,Digital Turbine Inc,Engineer,thomas.jackson.2217@off-213.demo.com,Atlanta,GA,30301,USA
Patricia,Martin,Digital Turbine Inc,Consultant,patricia.martin.2218@off-213.demo.com,Boston,MA,02101,USA
Christopher,Lee,Digital Turbine Inc,Specialist,christopher.lee.2219@off-213.demo.com,Seattle,WA,98101,USA
Linda,Perez,Preferred Apartment Communities,VP,linda.perez.2220@off-214.demo.com,Austin,TX,78701,USA
Matthew,Thompson,Preferred Apartment Communities,Engineer,matthew.thompson.2221@off-214.demo.com,Chicago,IL,60601,USA
Barbara,White,Preferred Apartment Communities,Consultant,barbara.white.2222@off-214.demo.com,Denver,CO,80202,USA
Mark,Harris,Preferred Apartment Communities,Specialist,mark.harris.2223@off-214.demo.com,Miami,FL,33101,USA
Jessica,Sanchez,Preferred Apartment Communities,Coordinator,jessica.sanchez.2224@off-214.demo.com,Portland,OR,97201,USA
John,Clark,Preferred Apartment Communities,Analyst,john.clark.2225@off-214.demo.com,Atlanta,GA,30301,USA
Karen,Ramirez,Preferred Apartment Communities,Manager,karen.ramirez.2226@off-214.demo.com,Boston,MA,02101,USA
Michael,Lewis,Preferred Apartment Communities,Director,michael.lewis.2227@off-214.demo.com,Seattle,WA,98101,USA
Nancy,Robinson,Preferred Apartment Communities,VP,nancy.robinson.2228@off-214.demo.com,Austin,TX,78701,USA
David,Smith,Preferred Apartment Communities,Engineer,david.smith.2229@off-214.demo.com,Chicago,IL,60601,USA
Margaret,Johnson,Accuray Incorporated,Director,margaret.johnson.2230@off-215.demo.com,Denver,CO,80202,USA
Joseph,Williams,Accuray Incorporated,VP,joseph.williams.2231@off-215.demo.com,Miami,FL,33101,USA
Mary,Brown,Accuray Incorporated,Engineer,mary.brown.2232@off-215.demo.com,Portland,OR,97201,USA
Charles,Jones,Accuray Incorporated,Consultant,charles.jones.2233@off-215.demo.com,Atlanta,GA,30301,USA
Jennifer,Garcia,Accuray Incorporated,Specialist,jennifer.garcia.2234@off-215.demo.com,Boston,MA,02101,USA
Daniel,Miller,Accuray Incorporated,Coordinator,daniel.miller.2235@off-215.demo.com,Seattle,WA,98101,USA
Elizabeth,Davis,Accuray Incorporated,Analyst,elizabeth.davis.2236@off-215.demo.com,Austin,TX,78701,USA
Anthony,Rodriguez,Accuray Incorporated,Manager,anthony.rodriguez.2237@off-215.demo.com,Chicago,IL,60601,USA
Susan,Martinez,Accuray Incorporated,Director,susan.martinez.2238@off-215.demo.com,Denver,CO,80202,USA
James,Hernandez,Accuray Incorporated,VP,james.hernandez.2239@off-215.demo.com,Miami,FL,33101,USA
Sarah,Lopez,American Reprographics Company,Specialist,sarah.lopez.2240@off-216.demo.com,Portland,OR,97201,USA
Robert,Gonzalez,American Reprographics Company,Coordinator,robert.gonzalez.2241@off-216.demo.com,Atlanta,GA,30301,USA
Lisa,Wilson,American Reprographics Company,Analyst,lisa.wilson.2242@off-216.demo.com,Boston,MA,02101,USA
William,Anderson,American Reprographics Company,Manager,william.anderson.2243@off-216.demo.com,Seattle,WA,98101,USA
Betty,Thomas,American Reprographics Company,Director,betty.thomas.2244@off-216.demo.com,Austin,TX,78701,USA
Richard,Taylor,American Reprographics Company,VP,richard.taylor.2245@off-216.demo.com,Chicago,IL,60601,USA
Sandra,Moore,American Reprographics Company,Engineer,sandra.moore.2246@off-216.demo.com,Denver,CO,80202,USA
Thomas,Jackson,American Reprographics Company,Consultant,thomas.jackson.2247@off-216.demo.com,Miami,FL,33101,USA
Patricia,Martin,American Reprographics Company,Specialist,patricia.martin.2248@off-216.demo.com,Portland,OR,97201,USA
Christopher,Lee,American Reprographics Company,Coordinator,christopher.lee.2249@off-216.demo.com,Atlanta,GA,30301,USA
Linda,Perez,Arcbest Corp,Specialist,linda.perez.2250@off-217.demo.com,Boston,MA,02101,USA
Matthew,Thompson,Arcbest Corp,Coordinator,matthew.thompson.2251@off-217.demo.com,Seattle,WA,98101,USA
Barbara,White,Arcbest Corp,Analyst,barbara.white.2252@off-217.demo.com,Austin,TX,78701,USA
Mark,Harris,Arcbest Corp,Manager,mark.harris.2253@off-217.demo.com,Chicago,IL,60601,USA
Jessica,Sanchez,Arcbest Corp,Director,jessica.sanchez.2254@off-217.demo.com,Denver,CO,80202,USA
John,Clark,Arcbest Corp,VP,john.clark.2255@off-217.demo.com,Miami,FL,33101,USA
Karen,Ramirez,Arcbest Corp,Engineer,karen.ramirez.2256@off-217.demo.com,Portland,OR,97201,USA
Michael,Lewis,Arcbest Corp,Consultant,michael.lewis.2257@off-217.demo.com,Atlanta,GA,30301,USA
Nancy,Robinson,Arcbest Corp,Specialist,nancy.robinson.2258@off-217.demo.com,Boston,MA,02101,USA
David,Smith,Arcbest Corp,Coordinator,david.smith.2259@off-217.demo.com,Seattle,WA,98101,USA
Margaret,Johnson,Ardelyx Inc,Coordinator,margaret.johnson.2260@off-218.demo.com,Austin,TX,78701,USA
Joseph,Williams,Ardelyx Inc,Analyst,joseph.williams.2261@off-218.demo.com,Chicago,IL,60601,USA
Mary,Brown,Ardelyx Inc,Manager,mary.brown.2262@off-218.demo.com,Denver,CO,80202,USA
Charles,Jones,Ardelyx Inc,Director,charles.jones.2263@off-218.demo.com,Miami,FL,33101,USA
Jennifer,Garcia,Ardelyx Inc,VP,jennifer.garcia.2264@off-218.demo.com,Portland,OR,97201,USA
Daniel,Miller,Ardelyx Inc,Engineer,daniel.miller.2265@off-218.demo.com,Atlanta,GA,30301,USA
Elizabeth,Davis,Ardelyx Inc,Consultant,elizabeth.davis.2266@off-218.demo.com,Boston,MA,02101,USA
Anthony,Rodriguez,Ardelyx Inc,Specialist,anthony.rodriguez.2267@off-218.demo.com,Seattle,WA,98101,USA
Susan,Martinez,Ardelyx Inc,Coordinator,susan.martinez.2268@off-218.demo.com,Austin,TX,78701,USA
James,Hernandez,Ardelyx Inc,Analyst,james.hernandez.2269@off-218.demo.com,Chicago,IL,60601,USA
Sarah,Lopez,Approach Resources Inc,Engineer,sarah.lopez.2270@off-219.demo.com,Denver,CO,80202,USA
Robert,Gonzalez,Approach Resources Inc,Consultant,robert.gonzalez.2271@off-219.demo.com,Miami,FL,33101,USA
Lisa,Wilson,Approach Resources Inc,Specialist,lisa.wilson.2272@off-219.demo.com,Portland,OR,97201,USA
William,Anderson,Approach Resources Inc,Coordinator,william.anderson.2273@off-219.demo.com,Atlanta,GA,30301,USA
Betty,Thomas,Approach Resources Inc,Analyst,betty.thomas.2274@off-219.demo.com,Boston,MA,02101,USA
Richard,Taylor,Approach Resources Inc,Manager,richard.taylor.2275@off-219.demo.com,Seattle,WA,98101,USA
Sandra,Moore,Approach Resources Inc,Director,sandra.moore.2276@off-219.demo.com,Austin,TX,78701,USA
Thomas,Jackson,Approach Resources Inc,VP,thomas.jackson.2277@off-219.demo.com,Chicago,IL,60601,USA
Patricia,Martin,Approach Resources Inc,Engineer,patricia.martin.2278@off-219.demo.com,Denver,CO,80202,USA
Christopher,Lee,Approach Resources Inc,Consultant,christopher.lee.2279@off-219.demo.com,Miami,FL,33101,USA
Linda,Perez,Apollo Commercial Real Estate,Consultant,linda.perez.2280@off-220.demo.com,Portland,OR,97201,USA
Matthew,Thompson,Apollo Commercial Real Estate,Specialist,matthew.thompson.2281@off-220.demo.com,Atlanta,GA,30301,USA
Barbara,White,Apollo Commercial Real Estate,Coordinator,barbara.white.2282@off-220.demo.com,Boston,MA,02101,USA
Mark,Harris,Apollo Commercial Real Estate,Analyst,mark.harris.2283@off-220.demo.com,Seattle,WA,98101,USA
Jessica,Sanchez,Apollo Commercial Real Estate,Manager,jessica.sanchez.2284@off-220.demo.com,Austin,TX,78701,USA
John,Clark,Apollo Commercial Real Estate,Director,john.clark.2285@off-220.demo.com,Chicago,IL,60601,USA
Karen,Ramirez,Apollo Commercial Real Estate,VP,karen.ramirez.2286@off-220.demo.com,Denver,CO,80202,USA
Michael,Lewis,Apollo Commercial Real Estate,Engineer,michael.lewis.2287@off-220.demo.com,Miami,FL,33101,USA
Nancy,Robinson,Apollo Commercial Real Estate,Consultant,nancy.robinson.2288@off-220.demo.com,Portland,OR,97201,USA
David,Smith,Apollo Commercial Real Estate,Specialist,david.smith.2289@off-220.demo.com,Atlanta,GA,30301,USA
Margaret,Johnson,Ariad Pharmaceuticals,Coordinator,margaret.johnson.2290@off-221.demo.com,Boston,MA,02101,USA
Joseph,Williams,Ariad Pharmaceuticals,Analyst,joseph.williams.2291@off-221.demo.com,Seattle,WA,98101,USA
Mary,Brown,Ariad Pharmaceuticals,Manager,mary.brown.2292@off-221.demo.com,Austin,TX,78701,USA
Charles,Jones,Ariad Pharmaceuticals,Director,charles.jones.2293@off-221.demo.com,Chicago,IL,60601,USA
Jennifer,Garcia,Ariad Pharmaceuticals,VP,jennifer.garcia.2294@off-221.demo.com,Denver,CO,80202,USA
Daniel,Miller,Ariad Pharmaceuticals,Engineer,daniel.miller.2295@off-221.demo.com,Miami,FL,33101,USA
Elizabeth,Davis,Ariad Pharmaceuticals,Consultant,elizabeth.davis.2296@off-221.demo.com,Portland,OR,97201,USA
Anthony,Rodriguez,Ariad Pharmaceuticals,Specialist,anthony.rodriguez.2297@off-221.demo.com,Atlanta,GA,30301,USA
Susan,Martinez,Ariad Pharmaceuticals,Coordinator,susan.martinez.2298@off-221.demo.com,Boston,MA,02101,USA
James,Hernandez,Ariad Pharmaceuticals,Analyst,james.hernandez.2299@off-221.demo.com,Seattle,WA,98101,USA
Sarah,Lopez,American Railcar Industries,Coordinator,sarah.lopez.2300@off-222.demo.com,Austin,TX,78701,USA
Robert,Gonzalez,American Railcar Industries,Analyst,robert.gonzalez.2301@off-222.demo.com,Chicago,IL,60601,USA
Lisa,Wilson,American Railcar Industries,Manager,lisa.wilson.2302@off-222.demo.com,Denver,CO,80202,USA
William,Anderson,American Railcar Industries,Director,william.anderson.2303@off-222.demo.com,Miami,FL,33101,USA
Betty,Thomas,American Railcar Industries,VP,betty.thomas.2304@off-222.demo.com,Portland,OR,97201,USA
Richard,Taylor,American Railcar Industries,Engineer,richard.taylor.2305@off-222.demo.com,Atlanta,GA,30301,USA
Sandra,Moore,American Railcar Industries,Consultant,sandra.moore.2306@off-222.demo.com,Boston,MA,02101,USA
Thomas,Jackson,American Railcar Industries,Specialist,thomas.jackson.2307@off-222.demo.com,Seattle,WA,98101,USA
Patricia,Martin,American Railcar Industries,Coordinator,patricia.martin.2308@off-222.demo.com,Austin,TX,78701,USA
Christopher,Lee,American Railcar Industries,Analyst,christopher.lee.2309@off-222.demo.com,Chicago,IL,60601,USA
Linda,Perez,Arena Pharmaceuticals,VP,linda.perez.2310@off-223.demo.com,Denver,CO,80202,USA
Matthew,Thompson,Arena Pharmaceuticals,Engineer,matthew.thompson.2311@off-223.demo.com,Miami,FL,33101,USA
Barbara,White,Arena Pharmaceuticals,Consultant,barbara.white.2312@off-223.demo.com,Portland,OR,97201,USA
Mark,Harris,Arena Pharmaceuticals,Specialist,mark.harris.2313@off-223.demo.com,Atlanta,GA,30301,USA
Jessica,Sanchez,Arena Pharmaceuticals,Coordinator,jessica.sanchez.2314@off-223.demo.com,Boston,MA,02101,USA
John,Clark,Arena Pharmaceuticals,Analyst,john.clark.2315@off-223.demo.com,Seattle,WA,98101,USA
Karen,Ramirez,Arena Pharmaceuticals,Manager,karen.ramirez.2316@off-223.demo.com,Austin,TX,78701,USA
Michael,Lewis,Arena Pharmaceuticals,Director,michael.lewis.2317@off-223.demo.com,Chicago,IL,60601,USA
Nancy,Robinson,Arena Pharmaceuticals,VP,nancy.robinson.2318@off-223.demo.com,Denver,CO,80202,USA
David,Smith,Arena Pharmaceuticals,Engineer,david.smith.2319@off-223.demo.com,Miami,FL,33101,USA
Margaret,Johnson,Arrow Financial Corp,Engineer,margaret.johnson.2320@off-224.demo.com,Portland,OR,97201,USA
Joseph,Williams,Arrow Financial Corp,Consultant,joseph.williams.2321@off-224.demo.com,Atlanta,GA,30301,USA
Mary,Brown,Arrow Financial Corp,Specialist,mary.brown.2322@off-224.demo.com,Boston,MA,02101,USA
Charles,Jones,Arrow Financial Corp,Coordinator,charles.jones.2323@off-224.demo.com,Seattle,WA,98101,USA
Jennifer,Garcia,Arrow Financial Corp,Analyst,jennifer.garcia.2324@off-224.demo.com,Austin,TX,78701,USA
Daniel,Miller,Arrow Financial Corp,Manager,daniel.miller.2325@off-224.demo.com,Chicago,IL,60601,USA
Elizabeth,Davis,Arrow Financial Corp,Director,elizabeth.davis.2326@off-224.demo.com,Denver,CO,80202,USA
Anthony,Rodriguez,Arrow Financial Corp,VP,anthony.rodriguez.2327@off-224.demo.com,Miami,FL,33101,USA
Susan,Martinez,Arrow Financial Corp,Engineer,susan.martinez.2328@off-224.demo.com,Portland,OR,97201,USA
James,Hernandez,Arrow Financial Corp,Consultant,james.hernandez.2329@off-224.demo.com,Atlanta,GA,30301,USA
Sarah,Lopez,American Residential Properties,Manager,sarah.lopez.2330@off-225.demo.com,Boston,MA,02101,USA
Robert,Gonzalez,American Residential Properties,Director,robert.gonzalez.2331@off-225.demo.com,Seattle,WA,98101,USA
Lisa,Wilson,American Residential Properties,VP,lisa.wilson.2332@off-225.demo.com,Austin,TX,78701,USA
William,Anderson,American Residential Properties,Engineer,william.anderson.2333@off-225.demo.com,Chicago,IL,60601,USA
Betty,Thomas,American Residential Properties,Consultant,betty.thomas.2334@off-225.demo.com,Denver,CO,80202,USA
Richard,Taylor,American Residential Properties,Specialist,richard.taylor.2335@off-225.demo.com,Miami,FL,33101,USA
Sandra,Moore,American Residential Properties,Coordinator,sandra.moore.2336@off-225.demo.com,Portland,OR,97201,USA
Thomas,Jackson,American Residential Properties,Analyst,thomas.jackson.2337@off-225.demo.com,Atlanta,GA,30301,USA
Patricia,Martin,American Residential Properties,Manager,patricia.martin.2338@off-225.demo.com,Boston,MA,02101,USA
Christopher,Lee,American Residential Properties,Director,christopher.lee.2339@off-225.demo.com,Seattle,WA,98101,USA
Linda,Perez,Armour Residential R,Analyst,linda.perez.2340@off-226.demo.com,Austin,TX,78701,USA
Matthew,Thompson,Armour Residential R,Manager,matthew.thompson.2341@off-226.demo.com,Chicago,IL,60601,USA
Barbara,White,Armour Residential R,Director,barbara.white.2342@off-226.demo.com,Denver,CO,80202,USA
Mark,Harris,Armour Residential R,VP,mark.harris.2343@off-226.demo.com,Miami,FL,33101,USA
Jessica,Sanchez,Armour Residential R,Engineer,jessica.sanchez.2344@off-226.demo.com,Portland,OR,97201,USA
John,Clark,Armour Residential R,Consultant,john.clark.2345@off-226.demo.com,Atlanta,GA,30301,USA
Karen,Ramirez,Armour Residential R,Specialist,karen.ramirez.2346@off-226.demo.com,Boston,MA,02101,USA
Michael,Lewis,Armour Residential R,Coordinator,michael.lewis.2347@off-226.demo.com,Seattle,WA,98101,USA
Nancy,Robinson,Armour Residential R,Analyst,nancy.robinson.2348@off-226.demo.com,Austin,TX,78701,USA
David,Smith,Armour Residential R,Manager,david.smith.2349@off-226.demo.com,Chicago,IL,60601,USA
Margaret,Johnson,Array Biopharma Inc,Manager,margaret.johnson.2350@off-227.demo.com,Denver,CO,80202,USA
Joseph,Williams,Array Biopharma Inc,Director,joseph.williams.2351@off-227.demo.com,Miami,FL,33101,USA
Mary,Brown,Array Biopharma Inc,VP,mary.brown.2352@off-227.demo.com,Portland,OR,97201,USA
Charles,Jones,Array Biopharma Inc,Engineer,charles.jones.2353@off-227.demo.com,Atlanta,GA,30301,USA
Jennifer,Garcia,Array Biopharma Inc,Consultant,jennifer.garcia.2354@off-227.demo.com,Boston,MA,02101,USA
Daniel,Miller,Array Biopharma Inc,Specialist,daniel.miller.2355@off-227.demo.com,Seattle,WA,98101,USA
Elizabeth,Davis,Array Biopharma Inc,Coordinator,elizabeth.davis.2356@off-227.demo.com,Austin,TX,78701,USA
Anthony,Rodriguez,Array Biopharma Inc,Analyst,anthony.rodriguez.2357@off-227.demo.com,Chicago,IL,60601,USA
Susan,Martinez,Array Biopharma Inc,Manager,susan.martinez.2358@off-227.demo.com,Denver,CO,80202,USA
James,Hernandez,Array Biopharma Inc,Director,james.hernandez.2359@off-227.demo.com,Miami,FL,33101,USA
Sarah,Lopez,Artesian Resources Corp,Coordinator,sarah.lopez.2360@off-228.demo.com,Portland,OR,97201,USA
Robert,Gonzalez,Artesian Resources Corp,Analyst,robert.gonzalez.2361@off-228.demo.com,Atlanta,GA,30301,USA
Lisa,Wilson,Artesian Resources Corp,Manager,lisa.wilson.2362@off-228.demo.com,Boston,MA,02101,USA
William,Anderson,Artesian Resources Corp,Director,william.anderson.2363@off-228.demo.com,Seattle,WA,98101,USA
Betty,Thomas,Artesian Resources Corp,VP,betty.thomas.2364@off-228.demo.com,Austin,TX,78701,USA
Richard,Taylor,Artesian Resources Corp,Engineer,richard.taylor.2365@off-228.demo.com,Chicago,IL,60601,USA
Sandra,Moore,Artesian Resources Corp,Consultant,sandra.moore.2366@off-228.demo.com,Denver,CO,80202,USA
Thomas,Jackson,Artesian Resources Corp,Specialist,thomas.jackson.2367@off-228.demo.com,Miami,FL,33101,USA
Patricia,Martin,Artesian Resources Corp,Coordinator,patricia.martin.2368@off-228.demo.com,Portland,OR,97201,USA
Christopher,Lee,Artesian Resources Corp,Analyst,christopher.lee.2369@off-228.demo.com,Atlanta,GA,30301,USA
Linda,Perez,Arrowhead Research Corp,Manager,linda.perez.2370@off-229.demo.com,Boston,MA,02101,USA
Matthew,Thompson,Arrowhead Research Corp,Director,matthew.thompson.2371@off-229.demo.com,Seattle,WA,98101,USA
Barbara,White,Arrowhead Research Corp,VP,barbara.white.2372@off-229.demo.com,Austin,TX,78701,USA
Mark,Harris,Arrowhead Research Corp,Engineer,mark.harris.2373@off-229.demo.com,Chicago,IL,60601,USA
Jessica,Sanchez,Arrowhead Research Corp,Consultant,jessica.sanchez.2374@off-229.demo.com,Denver,CO,80202,USA
John,Clark,Arrowhead Research Corp,Specialist,john.clark.2375@off-229.demo.com,Miami,FL,33101,USA
Karen,Ramirez,Arrowhead Research Corp,Coordinator,karen.ramirez.2376@off-229.demo.com,Portland,OR,97201,USA
Michael,Lewis,Arrowhead Research Corp,Analyst,michael.lewis.2377@off-229.demo.com,Atlanta,GA,30301,USA
Nancy,Robinson,Arrowhead Research Corp,Manager,nancy.robinson.2378@off-229.demo.com,Boston,MA,02101,USA
David,Smith,Arrowhead Research Corp,Director,david.smith.2379@off-229.demo.com,Seattle,WA,98101,USA
Margaret,Johnson,Ardmore Shipping Corp,Manager,margaret.johnson.2380@off-230.demo.com,Austin,TX,78701,USA
Joseph,Williams,Ardmore Shipping Corp,Director,joseph.williams.2381@off-230.demo.com,Chicago,IL,60601,USA
Mary,Brown,Ardmore Shipping Corp,VP,mary.brown.2382@off-230.demo.com,Denver,CO,80202,USA
Charles,Jones,Ardmore Shipping Corp,Engineer,charles.jones.2383@off-230.demo.com,Miami,FL,33101,USA
Jennifer,Garcia,Ardmore Shipping Corp,Consultant,jennifer.garcia.2384@off-230.demo.com,Portland,OR,97201,USA
Daniel,Miller,Ardmore Shipping Corp,Specialist,daniel.miller.2385@off-230.demo.com,Atlanta,GA,30301,USA
Elizabeth,Davis,Ardmore Shipping Corp,Coordinator,elizabeth.davis.2386@off-230.demo.com,Boston,MA,02101,USA
Anthony,Rodriguez,Ardmore Shipping Corp,Analyst,anthony.rodriguez.2387@off-230.demo.com,Seattle,WA,98101,USA
Susan,Martinez,Ardmore Shipping Corp,Manager,susan.martinez.2388@off-230.demo.com,Austin,TX,78701,USA
James,Hernandez,Ardmore Shipping Corp,Director,james.hernandez.2389@off-230.demo.com,Chicago,IL,60601,USA
Sarah,Lopez,Ascent Media Corp,Coordinator,sarah.lopez.2390@off-231.demo.com,Denver,CO,80202,USA
Robert,Gonzalez,Ascent Media Corp,Analyst,robert.gonzalez.2391@off-231.demo.com,Miami,FL,33101,USA
Lisa,Wilson,Ascent Media Corp,Manager,lisa.wilson.2392@off-231.demo.com,Portland,OR,97201,USA
William,Anderson,Ascent Media Corp,Director,william.anderson.2393@off-231.demo.com,Atlanta,GA,30301,USA
Betty,Thomas,Ascent Media Corp,VP,betty.thomas.2394@off-231.demo.com,Boston,MA,02101,USA
Richard,Taylor,Ascent Media Corp,Engineer,richard.taylor.2395@off-231.demo.com,Seattle,WA,98101,USA
Sandra,Moore,Ascent Media Corp,Consultant,sandra.moore.2396@off-231.demo.com,Austin,TX,78701,USA
Thomas,Jackson,Ascent Media Corp,Specialist,thomas.jackson.2397@off-231.demo.com,Chicago,IL,60601,USA
Patricia,Martin,Ascent Media Corp,Coordinator,patricia.martin.2398@off-231.demo.com,Denver,CO,80202,USA
Christopher,Lee,Ascent Media Corp,Analyst,christopher.lee.2399@off-231.demo.com,Miami,FL,33101,USA
Linda,Perez,American Science and Engineering,Analyst,linda.perez.2400@off-232.demo.com,Portland,OR,97201,USA
Matthew,Thompson,American Science and Engineering,Manager,matthew.thompson.2401@off-232.demo.com,Atlanta,GA,30301,USA
Barbara,White,American Science and Engineering,Director,barbara.white.2402@off-232.demo.com,Boston,MA,02101,USA
Mark,Harris,American Science and Engineering,VP,mark.harris.2403@off-232.demo.com,Seattle,WA,98101,USA
Jessica,Sanchez,American Science and Engineering,Engineer,jessica.sanchez.2404@off-232.demo.com,Austin,TX,78701,USA
John,Clark,American Science and Engineering,Consultant,john.clark.2405@off-232.demo.com,Chicago,IL,60601,USA
Karen,Ramirez,American Science and Engineering,Specialist,karen.ramirez.2406@off-232.demo.com,Denver,CO,80202,USA
Michael,Lewis,American Science and Engineering,Coordinator,michael.lewis.2407@off-232.demo.com,Miami,FL,33101,USA
Nancy,Robinson,American Science and Engineering,Analyst,nancy.robinson.2408@off-232.demo.com,Portland,OR,97201,USA
David,Smith,American Science and Engineering,Manager,david.smith.2409@off-232.demo.com,Atlanta,GA,30301,USA
Margaret,Johnson,On Assignment,Coordinator,margaret.johnson.2410@off-233.demo.com,Boston,MA,02101,USA
Joseph,Williams,On Assignment,Analyst,joseph.williams.2411@off-233.demo.com,Seattle,WA,98101,USA
Mary,Brown,On Assignment,Manager,mary.brown.2412@off-233.demo.com,Austin,TX,78701,USA
Charles,Jones,On Assignment,Director,charles.jones.2413@off-233.demo.com,Chicago,IL,60601,USA
Jennifer,Garcia,On Assignment,VP,jennifer.garcia.2414@off-233.demo.com,Denver,CO,80202,USA
Daniel,Miller,On Assignment,Engineer,daniel.miller.2415@off-233.demo.com,Miami,FL,33101,USA
Elizabeth,Davis,On Assignment,Consultant,elizabeth.davis.2416@off-233.demo.com,Portland,OR,97201,USA
Anthony,Rodriguez,On Assignment,Specialist,anthony.rodriguez.2417@off-233.demo.com,Atlanta,GA,30301,USA
Susan,Martinez,On Assignment,Coordinator,susan.martinez.2418@off-233.demo.com,Boston,MA,02101,USA
James,Hernandez,On Assignment,Analyst,james.hernandez.2419@off-233.demo.com,Seattle,WA,98101,USA
Sarah,Lopez,Assembly Biosciences Inc,Engineer,sarah.lopez.2420@off-234.demo.com,Austin,TX,78701,USA
Robert,Gonzalez,Assembly Biosciences Inc,Consultant,robert.gonzalez.2421@off-234.demo.com,Chicago,IL,60601,USA
Lisa,Wilson,Assembly Biosciences Inc,Specialist,lisa.wilson.2422@off-234.demo.com,Denver,CO,80202,USA
William,Anderson,Assembly Biosciences Inc,Coordinator,william.anderson.2423@off-234.demo.com,Miami,FL,33101,USA
Betty,Thomas,Assembly Biosciences Inc,Analyst,betty.thomas.2424@off-234.demo.com,Portland,OR,97201,USA
Richard,Taylor,Assembly Biosciences Inc,Manager,richard.taylor.2425@off-234.demo.com,Atlanta,GA,30301,USA
Sandra,Moore,Assembly Biosciences Inc,Director,sandra.moore.2426@off-234.demo.com,Boston,MA,02101,USA
Thomas,Jackson,Assembly Biosciences Inc,VP,thomas.jackson.2427@off-234.demo.com,Seattle,WA,98101,USA
Patricia,Martin,Assembly Biosciences Inc,Engineer,patricia.martin.2428@off-234.demo.com,Austin,TX,78701,USA
Christopher,Lee,Assembly Biosciences Inc,Consultant,christopher.lee.2429@off-234.demo.com,Chicago,IL,60601,USA
Linda,Perez,Ascena Retail Group,Manager,linda.perez.2430@off-235.demo.com,Denver,CO,80202,USA
Matthew,Thompson,Ascena Retail Group,Director,matthew.thompson.2431@off-235.demo.com,Miami,FL,33101,USA
Barbara,White,Ascena Retail Group,VP,barbara.white.2432@off-235.demo.com,Portland,OR,97201,USA
Mark,Harris,Ascena Retail Group,Engineer,mark.harris.2433@off-235.demo.com,Atlanta,GA,30301,USA
Jessica,Sanchez,Ascena Retail Group,Consultant,jessica.sanchez.2434@off-235.demo.com,Boston,MA,02101,USA
John,Clark,Ascena Retail Group,Specialist,john.clark.2435@off-235.demo.com,Seattle,WA,98101,USA
Karen,Ramirez,Ascena Retail Group,Coordinator,karen.ramirez.2436@off-235.demo.com,Austin,TX,78701,USA
Michael,Lewis,Ascena Retail Group,Analyst,michael.lewis.2437@off-235.demo.com,Chicago,IL,60601,USA
Nancy,Robinson,Ascena Retail Group,Manager,nancy.robinson.2438@off-235.demo.com,Denver,CO,80202,USA
David,Smith,Ascena Retail Group,Director,david.smith.2439@off-235.demo.com,Miami,FL,33101,USA
Margaret,Johnson,Altisource Portfolio Solutions S.A.,VP,margaret.johnson.2440@off-236.demo.com,Portland,OR,97201,USA
Joseph,Williams,Altisource Portfolio Solutions S.A.,Engineer,joseph.williams.2441@off-236.demo.com,Atlanta,GA,30301,USA
Mary,Brown,Altisource Portfolio Solutions S.A.,Consultant,mary.brown.2442@off-236.demo.com,Boston,MA,02101,USA
Charles,Jones,Altisource Portfolio Solutions S.A.,Specialist,charles.jones.2443@off-236.demo.com,Seattle,WA,98101,USA
Jennifer,Garcia,Altisource Portfolio Solutions S.A.,Coordinator,jennifer.garcia.2444@off-236.demo.com,Austin,TX,78701,USA
Daniel,Miller,Altisource Portfolio Solutions S.A.,Analyst,daniel.miller.2445@off-236.demo.com,Chicago,IL,60601,USA
Elizabeth,Davis,Altisource Portfolio Solutions S.A.,Manager,elizabeth.davis.2446@off-236.demo.com,Denver,CO,80202,USA
Anthony,Rodriguez,Altisource Portfolio Solutions S.A.,Director,anthony.rodriguez.2447@off-236.demo.com,Miami,FL,33101,USA
Susan,Martinez,Altisource Portfolio Solutions S.A.,VP,susan.martinez.2448@off-236.demo.com,Portland,OR,97201,USA
James,Hernandez,Altisource Portfolio Solutions S.A.,Engineer,james.hernandez.2449@off-236.demo.com,Atlanta,GA,30301,USA
Sarah,Lopez,Asterias Biotherapeutics Inc,Specialist,sarah.lopez.2450@off-237.demo.com,Boston,MA,02101,USA
Robert,Gonzalez,Asterias Biotherapeutics Inc,Coordinator,robert.gonzalez.2451@off-237.demo.com,Seattle,WA,98101,USA
Lisa,Wilson,Asterias Biotherapeutics Inc,Analyst,lisa.wilson.2452@off-237.demo.com,Austin,TX,78701,USA
William,Anderson,Asterias Biotherapeutics Inc,Manager,william.anderson.2453@off-237.demo.com,Chicago,IL,60601,USA
Betty,Thomas,Asterias Biotherapeutics Inc,Director,betty.thomas.2454@off-237.demo.com,Denver,CO,80202,USA
Richard,Taylor,Asterias Biotherapeutics Inc,VP,richard.taylor.2455@off-237.demo.com,Miami,FL,33101,USA
Sandra,Moore,Asterias Biotherapeutics Inc,Engineer,sandra.moore.2456@off-237.demo.com,Portland,OR,97201,USA
Thomas,Jackson,Asterias Biotherapeutics Inc,Consultant,thomas.jackson.2457@off-237.demo.com,Atlanta,GA,30301,USA
Patricia,Martin,Asterias Biotherapeutics Inc,Specialist,patricia.martin.2458@off-237.demo.com,Boston,MA,02101,USA
Christopher,Lee,Asterias Biotherapeutics Inc,Coordinator,christopher.lee.2459@off-237.demo.com,Seattle,WA,98101,USA
Linda,Perez,Astec Industries,Engineer,linda.perez.2460@off-238.demo.com,Austin,TX,78701,USA
Matthew,Thompson,Astec Industries,Consultant,matthew.thompson.2461@off-238.demo.com,Chicago,IL,60601,USA
Barbara,White,Astec Industries,Specialist,barbara.white.2462@off-238.demo.com,Denver,CO,80202,USA
Mark,Harris,Astec Industries,Coordinator,mark.harris.2463@off-238.demo.com,Miami,FL,33101,USA
Jessica,Sanchez,Astec Industries,Analyst,jessica.sanchez.2464@off-238.demo.com,Portland,OR,97201,USA
John,Clark,Astec Industries,Manager,john.clark.2465@off-238.demo.com,Atlanta,GA,30301,USA
Karen,Ramirez,Astec Industries,Director,karen.ramirez.2466@off-238.demo.com,Boston,MA,02101,USA
Michael,Lewis,Astec Industries,VP,michael.lewis.2467@off-238.demo.com,Seattle,WA,98101,USA
Nancy,Robinson,Astec Industries,Engineer,nancy.robinson.2468@off-238.demo.com,Austin,TX,78701,USA
David,Smith,Astec Industries,Consultant,david.smith.2469@off-238.demo.com,Chicago,IL,60601,USA
Margaret,Johnson,Atlantic Power Corp,Manager,margaret.johnson.2470@off-239.demo.com,Denver,CO,80202,USA
Joseph,Williams,Atlantic Power Corp,Director,joseph.williams.2471@off-239.demo.com,Miami,FL,33101,USA
Mary,Brown,Atlantic Power Corp,VP,mary.brown.2472@off-239.demo.com,Portland,OR,97201,USA
Charles,Jones,Atlantic Power Corp,Engineer,charles.jones.2473@off-239.demo.com,Atlanta,GA,30301,USA
Jennifer,Garcia,Atlantic Power Corp,Consultant,jennifer.garcia.2474@off-239.demo.com,Boston,MA,02101,USA
Daniel,Miller,Atlantic Power Corp,Specialist,daniel.miller.2475@off-239.demo.com,Seattle,WA,98101,USA
Elizabeth,Davis,Atlantic Power Corp,Coordinator,elizabeth.davis.2476@off-239.demo.com,Austin,TX,78701,USA
Anthony,Rodriguez,Atlantic Power Corp,Analyst,anthony.rodriguez.2477@off-239.demo.com,Chicago,IL,60601,USA
Susan,Martinez,Atlantic Power Corp,Manager,susan.martinez.2478@off-239.demo.com,Denver,CO,80202,USA
James,Hernandez,Atlantic Power Corp,Director,james.hernandez.2479@off-239.demo.com,Miami,FL,33101,USA
Sarah,Lopez,A10 Networks Inc,Analyst,sarah.lopez.2480@off-240.demo.com,Portland,OR,97201,USA
Robert,Gonzalez,A10 Networks Inc,Manager,robert.gonzalez.2481@off-240.demo.com,Atlanta,GA,30301,USA
Lisa,Wilson,A10 Networks Inc,Director,lisa.wilson.2482@off-240.demo.com,Boston,MA,02101,USA
William,Anderson,A10 Networks Inc,VP,william.anderson.2483@off-240.demo.com,Seattle,WA,98101,USA
Betty,Thomas,A10 Networks Inc,Engineer,betty.thomas.2484@off-240.demo.com,Austin,TX,78701,USA
Richard,Taylor,A10 Networks Inc,Consultant,richard.taylor.2485@off-240.demo.com,Chicago,IL,60601,USA
Sandra,Moore,A10 Networks Inc,Specialist,sandra.moore.2486@off-240.demo.com,Denver,CO,80202,USA
Thomas,Jackson,A10 Networks Inc,Coordinator,thomas.jackson.2487@off-240.demo.com,Miami,FL,33101,USA
Patricia,Martin,A10 Networks Inc,Analyst,patricia.martin.2488@off-240.demo.com,Portland,OR,97201,USA
Christopher,Lee,A10 Networks Inc,Manager,christopher.lee.2489@off-240.demo.com,Atlanta,GA,30301,USA
Linda,Perez,Ames National Corp,Engineer,linda.perez.2490@off-241.demo.com,Boston,MA,02101,USA
Matthew,Thompson,Ames National Corp,Consultant,matthew.thompson.2491@off-241.demo.com,Seattle,WA,98101,USA
Barbara,White,Ames National Corp,Specialist,barbara.white.2492@off-241.demo.com,Austin,TX,78701,USA
Mark,Harris,Ames National Corp,Coordinator,mark.harris.2493@off-241.demo.com,Chicago,IL,60601,USA
Jessica,Sanchez,Ames National Corp,Analyst,jessica.sanchez.2494@off-241.demo.com,Denver,CO,80202,USA
John,Clark,Ames National Corp,Manager,john.clark.2495@off-241.demo.com,Miami,FL,33101,USA
Karen,Ramirez,Ames National Corp,Director,karen.ramirez.2496@off-241.demo.com,Portland,OR,97201,USA
Michael,Lewis,Ames National Corp,VP,michael.lewis.2497@off-241.demo.com,Atlanta,GA,30301,USA
Nancy,Robinson,Ames National Corp,Engineer,nancy.robinson.2498@off-241.demo.com,Boston,MA,02101,USA
David,Smith,Ames National Corp,Consultant,david.smith.2499@off-241.demo.com,Seattle,WA,98101,USA
Margaret,Johnson,Atlantic Tele-Network,Manager,margaret.johnson.2500@off-242.demo.com,Austin,TX,78701,USA
Joseph,Williams,Atlantic Tele-Network,Director,joseph.williams.2501@off-242.demo.com,Chicago,IL,60601,USA
Mary,Brown,Atlantic Tele-Network,VP,mary.brown.2502@off-242.demo.com,Denver,CO,80202,USA
Charles,Jones,Atlantic Tele-Network,Engineer,charles.jones.2503@off-242.demo.com,Miami,FL,33101,USA
Jennifer,Garcia,Atlantic Tele-Network,Consultant,jennifer.garcia.2504@off-242.demo.com,Portland,OR,97201,USA
Daniel,Miller,Atlantic Tele-Network,Specialist,daniel.miller.2505@off-242.demo.com,Atlanta,GA,30301,USA
Elizabeth,Davis,Atlantic Tele-Network,Coordinator,elizabeth.davis.2506@off-242.demo.com,Boston,MA,02101,USA
Anthony,Rodriguez,Atlantic Tele-Network,Analyst,anthony.rodriguez.2507@off-242.demo.com,Seattle,WA,98101,USA
Susan,Martinez,Atlantic Tele-Network,Manager,susan.martinez.2508@off-242.demo.com,Austin,TX,78701,USA
James,Hernandez,Atlantic Tele-Network,Director,james.hernandez.2509@off-242.demo.com,Chicago,IL,60601,USA
Sarah,Lopez,Atara Biotherapeutics Inc,Coordinator,sarah.lopez.2510@off-243.demo.com,Denver,CO,80202,USA
Robert,Gonzalez,Atara Biotherapeutics Inc,Analyst,robert.gonzalez.2511@off-243.demo.com,Miami,FL,33101,USA
Lisa,Wilson,Atara Biotherapeutics Inc,Manager,lisa.wilson.2512@off-243.demo.com,Portland,OR,97201,USA
William,Anderson,Atara Biotherapeutics Inc,Director,william.anderson.2513@off-243.demo.com,Atlanta,GA,30301,USA
Betty,Thomas,Atara Biotherapeutics Inc,VP,betty.thomas.2514@off-243.demo.com,Boston,MA,02101,USA
Richard,Taylor,Atara Biotherapeutics Inc,Engineer,richard.taylor.2515@off-243.demo.com,Seattle,WA,98101,USA
Sandra,Moore,Atara Biotherapeutics Inc,Consultant,sandra.moore.2516@off-243.demo.com,Austin,TX,78701,USA
Thomas,Jackson,Atara Biotherapeutics Inc,Specialist,thomas.jackson.2517@off-243.demo.com,Chicago,IL,60601,USA
Patricia,Martin,Atara Biotherapeutics Inc,Coordinator,patricia.martin.2518@off-243.demo.com,Denver,CO,80202,USA
Christopher,Lee,Atara Biotherapeutics Inc,Analyst,christopher.lee.2519@off-243.demo.com,Miami,FL,33101,USA
Linda,Perez,Atricure,Analyst,linda.perez.2520@off-244.demo.com,Portland,OR,97201,USA
Matthew,Thompson,Atricure,Manager,matthew.thompson.2521@off-244.demo.com,Atlanta,GA,30301,USA
Barbara,White,Atricure,Director,barbara.white.2522@off-244.demo.com,Boston,MA,02101,USA
Mark,Harris,Atricure,VP,mark.harris.2523@off-244.demo.com,Seattle,WA,98101,USA
Jessica,Sanchez,Atricure,Engineer,jessica.sanchez.2524@off-244.demo.com,Austin,TX,78701,USA
John,Clark,Atricure,Consultant,john.clark.2525@off-244.demo.com,Chicago,IL,60601,USA
Karen,Ramirez,Atricure,Specialist,karen.ramirez.2526@off-244.demo.com,Denver,CO,80202,USA
Michael,Lewis,Atricure,Coordinator,michael.lewis.2527@off-244.demo.com,Miami,FL,33101,USA
Nancy,Robinson,Atricure,Analyst,nancy.robinson.2528@off-244.demo.com,Portland,OR,97201,USA
David,Smith,Atricure,Manager,david.smith.2529@off-244.demo.com,Atlanta,GA,30301,USA
Margaret,Johnson,Atrion Corp,Consultant,margaret.johnson.2530@off-245.demo.com,Boston,MA,02101,USA
Joseph,Williams,Atrion Corp,Specialist,joseph.williams.2531@off-245.demo.com,Seattle,WA,98101,USA
Mary,Brown,Atrion Corp,Coordinator,mary.brown.2532@off-245.demo.com,Austin,TX,78701,USA
Charles,Jones,Atrion Corp,Analyst,charles.jones.2533@off-245.demo.com,Chicago,IL,60601,USA
Jennifer,Garcia,Atrion Corp,Manager,jennifer.garcia.2534@off-245.demo.com,Denver,CO,80202,USA
Daniel,Miller,Atrion Corp,Director,daniel.miller.2535@off-245.demo.com,Miami,FL,33101,USA
Elizabeth,Davis,Atrion Corp,VP,elizabeth.davis.2536@off-245.demo.com,Portland,OR,97201,USA
Anthony,Rodriguez,Atrion Corp,Engineer,anthony.rodriguez.2537@off-245.demo.com,Atlanta,GA,30301,USA
Susan,Martinez,Atrion Corp,Consultant,susan.martinez.2538@off-245.demo.com,Boston,MA,02101,USA
James,Hernandez,Atrion Corp,Specialist,james.hernandez.2539@off-245.demo.com,Seattle,WA,98101,USA
Sarah,Lopez,Astronics Corp,Director,sarah.lopez.2540@off-246.demo.com,Austin,TX,78701,USA
Robert,Gonzalez,Astronics Corp,VP,robert.gonzalez.2541@off-246.demo.com,Chicago,IL,60601,USA
Lisa,Wilson,Astronics Corp,Engineer,lisa.wilson.2542@off-246.demo.com,Denver,CO,80202,USA
William,Anderson,Astronics Corp,Consultant,william.anderson.2543@off-246.demo.com,Miami,FL,33101,USA
Betty,Thomas,Astronics Corp,Specialist,betty.thomas.2544@off-246.demo.com,Portland,OR,97201,USA
Richard,Taylor,Astronics Corp,Coordinator,richard.taylor.2545@off-246.demo.com,Atlanta,GA,30301,USA
Sandra,Moore,Astronics Corp,Analyst,sandra.moore.2546@off-246.demo.com,Boston,MA,02101,USA
Thomas,Jackson,Astronics Corp,Manager,thomas.jackson.2547@off-246.demo.com,Seattle,WA,98101,USA
Patricia,Martin,Astronics Corp,Director,patricia.martin.2548@off-246.demo.com,Austin,TX,78701,USA
Christopher,Lee,Astronics Corp,VP,christopher.lee.2549@off-246.demo.com,Chicago,IL,60601,USA
Linda,Perez,Antares Pharma,Engineer,linda.perez.2550@off-247.demo.com,Denver,CO,80202,USA
Matthew,Thompson,Antares Pharma,Consultant,matthew.thompson.2551@off-247.demo.com,Miami,FL,33101,USA
Barbara,White,Antares Pharma,Specialist,barbara.white.2552@off-247.demo.com,Portland,OR,97201,USA
Mark,Harris,Antares Pharma,Coordinator,mark.harris.2553@off-247.demo.com,Atlanta,GA,30301,USA
Jessica,Sanchez,Antares Pharma,Analyst,jessica.sanchez.2554@off-247.demo.com,Boston,MA,02101,USA
John,Clark,Antares Pharma,Manager,john.clark.2555@off-247.demo.com,Seattle,WA,98101,USA
Karen,Ramirez,Antares Pharma,Director,karen.ramirez.2556@off-247.demo.com,Austin,TX,78701,USA
Michael,Lewis,Antares Pharma,VP,michael.lewis.2557@off-247.demo.com,Chicago,IL,60601,USA
Nancy,Robinson,Antares Pharma,Engineer,nancy.robinson.2558@off-247.demo.com,Denver,CO,80202,USA
David,Smith,Antares Pharma,Consultant,david.smith.2559@off-247.demo.com,Miami,FL,33101,USA
Margaret,Johnson,Air Transport Services Group Inc,Analyst,margaret.johnson.2560@off-248.demo.com,Portland,OR,97201,USA
Joseph,Williams,Air Transport Services Group Inc,Manager,joseph.williams.2561@off-248.demo.com,Atlanta,GA,30301,USA
Mary,Brown,Air Transport Services Group Inc,Director,mary.brown.2562@off-248.demo.com,Boston,MA,02101,USA
Charles,Jones,Air Transport Services Group Inc,VP,charles.jones.2563@off-248.demo.com,Seattle,WA,98101,USA
Jennifer,Garcia,Air Transport Services Group Inc,Engineer,jennifer.garcia.2564@off-248.demo.com,Austin,TX,78701,USA
Daniel,Miller,Air Transport Services Group Inc,Consultant,daniel.miller.2565@off-248.demo.com,Chicago,IL,60601,USA
Elizabeth,Davis,Air Transport Services Group Inc,Specialist,elizabeth.davis.2566@off-248.demo.com,Denver,CO,80202,USA
Anthony,Rodriguez,Air Transport Services Group Inc,Coordinator,anthony.rodriguez.2567@off-248.demo.com,Miami,FL,33101,USA
Susan,Martinez,Air Transport Services Group Inc,Analyst,susan.martinez.2568@off-248.demo.com,Portland,OR,97201,USA
James,Hernandez,Air Transport Services Group Inc,Manager,james.hernandez.2569@off-248.demo.com,Atlanta,GA,30301,USA
Sarah,Lopez,Actuant Corp,Specialist,sarah.lopez.2570@off-249.demo.com,Boston,MA,02101,USA
Robert,Gonzalez,Actuant Corp,Coordinator,robert.gonzalez.2571@off-249.demo.com,Seattle,WA,98101,USA
Lisa,Wilson,Actuant Corp,Analyst,lisa.wilson.2572@off-249.demo.com,Austin,TX,78701,USA
William,Anderson,Actuant Corp,Manager,william.anderson.2573@off-249.demo.com,Chicago,IL,60601,USA
Betty,Thomas,Actuant Corp,Director,betty.thomas.2574@off-249.demo.com,Denver,CO,80202,USA
Richard,Taylor,Actuant Corp,VP,richard.taylor.2575@off-249.demo.com,Miami,FL,33101,USA
Sandra,Moore,Actuant Corp,Engineer,sandra.moore.2576@off-249.demo.com,Portland,OR,97201,USA
Thomas,Jackson,Actuant Corp,Consultant,thomas.jackson.2577@off-249.demo.com,Atlanta,GA,30301,USA
Patricia,Martin,Actuant Corp,Specialist,patricia.martin.2578@off-249.demo.com,Boston,MA,02101,USA
Christopher,Lee,Actuant Corp,Coordinator,christopher.lee.2579@off-249.demo.com,Seattle,WA,98101,USA
Linda,Perez,Atwood Oceanics,VP,linda.perez.2580@off-250.demo.com,Austin,TX,78701,USA
Matthew,Thompson,Atwood Oceanics,Engineer,matthew.thompson.2581@off-250.demo.com,Chicago,IL,60601,USA
Barbara,White,Atwood Oceanics,Consultant,barbara.white.2582@off-250.demo.com,Denver,CO,80202,USA
Mark,Harris,Atwood Oceanics,Specialist,mark.harris.2583@off-250.demo.com,Miami,FL,33101,USA
Jessica,Sanchez,Atwood Oceanics,Coordinator,jessica.sanchez.2584@off-250.demo.com,Portland,OR,97201,USA
John,Clark,Atwood Oceanics,Analyst,john.clark.2585@off-250.demo.com,Atlanta,GA,30301,USA
Karen,Ramirez,Atwood Oceanics,Manager,karen.ramirez.2586@off-250.demo.com,Boston,MA,02101,USA
Michael,Lewis,Atwood Oceanics,Director,michael.lewis.2587@off-250.demo.com,Seattle,WA,98101,USA
Nancy,Robinson,Atwood Oceanics,VP,nancy.robinson.2588@off-250.demo.com,Austin,TX,78701,USA
David,Smith,Atwood Oceanics,Engineer,david.smith.2589@off-250.demo.com,Chicago,IL,60601,USA
Margaret,Johnson,Avista Corp,Manager,margaret.johnson.2590@off-251.demo.com,Denver,CO,80202,USA
Joseph,Williams,Avista Corp,Director,joseph.williams.2591@off-251.demo.com,Miami,FL,33101,USA
Mary,Brown,Avista Corp,VP,mary.brown.2592@off-251.demo.com,Portland,OR,97201,USA
Charles,Jones,Avista Corp,Engineer,charles.jones.2593@off-251.demo.com,Atlanta,GA,30301,USA
Jennifer,Garcia,Avista Corp,Consultant,jennifer.garcia.2594@off-251.demo.com,Boston,MA,02101,USA
Daniel,Miller,Avista Corp,Specialist,daniel.miller.2595@off-251.demo.com,Seattle,WA,98101,USA
Elizabeth,Davis,Avista Corp,Coordinator,elizabeth.davis.2596@off-251.demo.com,Austin,TX,78701,USA
Anthony,Rodriguez,Avista Corp,Analyst,anthony.rodriguez.2597@off-251.demo.com,Chicago,IL,60601,USA
Susan,Martinez,Avista Corp,Manager,susan.martinez.2598@off-251.demo.com,Denver,CO,80202,USA
James,Hernandez,Avista Corp,Director,james.hernandez.2599@off-251.demo.com,Miami,FL,33101,USA
Sarah,Lopez,Aerovironment,Consultant,sarah.lopez.2600@off-252.demo.com,Portland,OR,97201,USA
Robert,Gonzalez,Aerovironment,Specialist,robert.gonzalez.2601@off-252.demo.com,Atlanta,GA,30301,USA
Lisa,Wilson,Aerovironment,Coordinator,lisa.wilson.2602@off-252.demo.com,Boston,MA,02101,USA
William,Anderson,Aerovironment,Analyst,william.anderson.2603@off-252.demo.com,Seattle,WA,98101,USA
Betty,Thomas,Aerovironment,Manager,betty.thomas.2604@off-252.demo.com,Austin,TX,78701,USA
Richard,Taylor,Aerovironment,Director,richard.taylor.2605@off-252.demo.com,Chicago,IL,60601,USA
Sandra,Moore,Aerovironment,VP,sandra.moore.2606@off-252.demo.com,Denver,CO,80202,USA
Thomas,Jackson,Aerovironment,Engineer,thomas.jackson.2607@off-252.demo.com,Miami,FL,33101,USA
Patricia,Martin,Aerovironment,Consultant,patricia.martin.2608@off-252.demo.com,Portland,OR,97201,USA
Christopher,Lee,Aerovironment,Specialist,christopher.lee.2609@off-252.demo.com,Atlanta,GA,30301,USA
Linda,Perez,American Vanguard Corp,Analyst,linda.perez.2610@off-253.demo.com,Boston,MA,02101,USA
Matthew,Thompson,American Vanguard Corp,Manager,matthew.thompson.2611@off-253.demo.com,Seattle,WA,98101,USA
Barbara,White,American Vanguard Corp,Director,barbara.white.2612@off-253.demo.com,Austin,TX,78701,USA
Mark,Harris,American Vanguard Corp,VP,mark.harris.2613@off-253.demo.com,Chicago,IL,60601,USA
Jessica,Sanchez,American Vanguard Corp,Engineer,jessica.sanchez.2614@off-253.demo.com,Denver,CO,80202,USA
John,Clark,American Vanguard Corp,Consultant,john.clark.2615@off-253.demo.com,Miami,FL,33101,USA
Karen,Ramirez,American Vanguard Corp,Specialist,karen.ramirez.2616@off-253.demo.com,Portland,OR,97201,USA
Michael,Lewis,American Vanguard Corp,Coordinator,michael.lewis.2617@off-253.demo.com,Atlanta,GA,30301,USA
Nancy,Robinson,American Vanguard Corp,Analyst,nancy.robinson.2618@off-253.demo.com,Boston,MA,02101,USA
David,Smith,American Vanguard Corp,Manager,david.smith.2619@off-253.demo.com,Seattle,WA,98101,USA
Margaret,Johnson,Avg Technologies N.V.,Manager,margaret.johnson.2620@off-254.demo.com,Austin,TX,78701,USA
Joseph,Williams,Avg Technologies N.V.,Director,joseph.williams.2621@off-254.demo.com,Chicago,IL,60601,USA
Mary,Brown,Avg Technologies N.V.,VP,mary.brown.2622@off-254.demo.com,Denver,CO,80202,USA
Charles,Jones,Avg Technologies N.V.,Engineer,charles.jones.2623@off-254.demo.com,Miami,FL,33101,USA
Jennifer,Garcia,Avg Technologies N.V.,Consultant,jennifer.garcia.2624@off-254.demo.com,Portland,OR,97201,USA
Daniel,Miller,Avg Technologies N.V.,Specialist,daniel.miller.2625@off-254.demo.com,Atlanta,GA,30301,USA
Elizabeth,Davis,Avg Technologies N.V.,Coordinator,elizabeth.davis.2626@off-254.demo.com,Boston,MA,02101,USA
Anthony,Rodriguez,Avg Technologies N.V.,Analyst,anthony.rodriguez.2627@off-254.demo.com,Seattle,WA,98101,USA
Susan,Martinez,Avg Technologies N.V.,Manager,susan.martinez.2628@off-254.demo.com,Austin,TX,78701,USA
James,Hernandez,Avg Technologies N.V.,Director,james.hernandez.2629@off-254.demo.com,Chicago,IL,60601,USA
Sarah,Lopez,Av Homes Inc,Director,sarah.lopez.2630@off-255.demo.com,Denver,CO,80202,USA
Robert,Gonzalez,Av Homes Inc,VP,robert.gonzalez.2631@off-255.demo.com,Miami,FL,33101,USA
Lisa,Wilson,Av Homes Inc,Engineer,lisa.wilson.2632@off-255.demo.com,Portland,OR,97201,USA
William,Anderson,Av Homes Inc,Consultant,william.anderson.2633@off-255.demo.com,Atlanta,GA,30301,USA
Betty,Thomas,Av Homes Inc,Specialist,betty.thomas.2634@off-255.demo.com,Boston,MA,02101,USA
Richard,Taylor,Av Homes Inc,Coordinator,richard.taylor.2635@off-255.demo.com,Seattle,WA,98101,USA
Sandra,Moore,Av Homes Inc,Analyst,sandra.moore.2636@off-255.demo.com,Austin,TX,78701,USA
Thomas,Jackson,Av Homes Inc,Manager,thomas.jackson.2637@off-255.demo.com,Chicago,IL,60601,USA
Patricia,Martin,Av Homes Inc,Director,patricia.martin.2638@off-255.demo.com,Denver,CO,80202,USA
Christopher,Lee,Av Homes Inc,VP,christopher.lee.2639@off-255.demo.com,Miami,FL,33101,USA
Linda,Perez,Avid Technology,Coordinator,linda.perez.2640@off-256.demo.com,Portland,OR,97201,USA
Matthew,Thompson,Avid Technology,Analyst,matthew.thompson.2641@off-256.demo.com,Atlanta,GA,30301,USA
Barbara,White,Avid Technology,Manager,barbara.white.2642@off-256.demo.com,Boston,MA,02101,USA
Mark,Harris,Avid Technology,Director,mark.harris.2643@off-256.demo.com,Seattle,WA,98101,USA
Jessica,Sanchez,Avid Technology,VP,jessica.sanchez.2644@off-256.demo.com,Austin,TX,78701,USA
John,Clark,Avid Technology,Engineer,john.clark.2645@off-256.demo.com,Chicago,IL,60601,USA
Karen,Ramirez,Avid Technology,Consultant,karen.ramirez.2646@off-256.demo.com,Denver,CO,80202,USA
Michael,Lewis,Avid Technology,Specialist,michael.lewis.2647@off-256.demo.com,Miami,FL,33101,USA
Nancy,Robinson,Avid Technology,Coordinator,nancy.robinson.2648@off-256.demo.com,Portland,OR,97201,USA
David,Smith,Avid Technology,Analyst,david.smith.2649@off-256.demo.com,Atlanta,GA,30301,USA
Margaret,Johnson,Avx Corp,Director,margaret.johnson.2650@off-257.demo.com,Boston,MA,02101,USA
Joseph,Williams,Avx Corp,VP,joseph.williams.2651@off-257.demo.com,Seattle,WA,98101,USA
Mary,Brown,Avx Corp,Engineer,mary.brown.2652@off-257.demo.com,Austin,TX,78701,USA
Charles,Jones,Avx Corp,Consultant,charles.jones.2653@off-257.demo.com,Chicago,IL,60601,USA
Jennifer,Garcia,Avx Corp,Specialist,jennifer.garcia.2654@off-257.demo.com,Denver,CO,80202,USA
Daniel,Miller,Avx Corp,Coordinator,daniel.miller.2655@off-257.demo.com,Miami,FL,33101,USA
Elizabeth,Davis,Avx Corp,Analyst,elizabeth.davis.2656@off-257.demo.com,Portland,OR,97201,USA
Anthony,Rodriguez,Avx Corp,Manager,anthony.rodriguez.2657@off-257.demo.com,Atlanta,GA,30301,USA
Susan,Martinez,Avx Corp,Director,susan.martinez.2658@off-257.demo.com,Boston,MA,02101,USA
James,Hernandez,Avx Corp,VP,james.hernandez.2659@off-257.demo.com,Seattle,WA,98101,USA
Sarah,Lopez,American States Water Company,Manager,sarah.lopez.2660@off-258.demo.com,Austin,TX,78701,USA
Robert,Gonzalez,American States Water Company,Director,robert.gonzalez.2661@off-258.demo.com,Chicago,IL,60601,USA
Lisa,Wilson,American States Water Company,VP,lisa.wilson.2662@off-258.demo.com,Denver,CO,80202,USA
William,Anderson,American States Water Company,Engineer,william.anderson.2663@off-258.demo.com,Miami,FL,33101,USA
Betty,Thomas,American States Water Company,Consultant,betty.thomas.2664@off-258.demo.com,Portland,OR,97201,USA
Richard,Taylor,American States Water Company,Specialist,richard.taylor.2665@off-258.demo.com,Atlanta,GA,30301,USA
Sandra,Moore,American States Water Company,Coordinator,sandra.moore.2666@off-258.demo.com,Boston,MA,02101,USA
Thomas,Jackson,American States Water Company,Analyst,thomas.jackson.2667@off-258.demo.com,Seattle,WA,98101,USA
Patricia,Martin,American States Water Company,Manager,patricia.martin.2668@off-258.demo.com,Austin,TX,78701,USA
Christopher,Lee,American States Water Company,Director,christopher.lee.2669@off-258.demo.com,Chicago,IL,60601,USA
Linda,Perez,Abraxas Petroleum Corp,Engineer,linda.perez.2670@off-259.demo.com,Denver,CO,80202,USA
Matthew,Thompson,Abraxas Petroleum Corp,Consultant,matthew.thompson.2671@off-259.demo.com,Miami,FL,33101,USA
Barbara,White,Abraxas Petroleum Corp,Specialist,barbara.white.2672@off-259.demo.com,Portland,OR,97201,USA
Mark,Harris,Abraxas Petroleum Corp,Coordinator,mark.harris.2673@off-259.demo.com,Atlanta,GA,30301,USA
Jessica,Sanchez,Abraxas Petroleum Corp,Analyst,jessica.sanchez.2674@off-259.demo.com,Boston,MA,02101,USA
John,Clark,Abraxas Petroleum Corp,Manager,john.clark.2675@off-259.demo.com,Seattle,WA,98101,USA
Karen,Ramirez,Abraxas Petroleum Corp,Director,karen.ramirez.2676@off-259.demo.com,Austin,TX,78701,USA
Michael,Lewis,Abraxas Petroleum Corp,VP,michael.lewis.2677@off-259.demo.com,Chicago,IL,60601,USA
Nancy,Robinson,Abraxas Petroleum Corp,Engineer,nancy.robinson.2678@off-259.demo.com,Denver,CO,80202,USA
David,Smith,Abraxas Petroleum Corp,Consultant,david.smith.2679@off-259.demo.com,Miami,FL,33101,USA
Margaret,Johnson,Accelerate Diagnostics Inc,Director,margaret.johnson.2680@off-260.demo.com,Portland,OR,97201,USA
Joseph,Williams,Accelerate Diagnostics Inc,VP,joseph.williams.2681@off-260.demo.com,Atlanta,GA,30301,USA
Mary,Brown,Accelerate Diagnostics Inc,Engineer,mary.brown.2682@off-260.demo.com,Boston,MA,02101,USA
Charles,Jones,Accelerate Diagnostics Inc,Consultant,charles.jones.2683@off-260.demo.com,Seattle,WA,98101,USA
Jennifer,Garcia,Accelerate Diagnostics Inc,Specialist,jennifer.garcia.2684@off-260.demo.com,Austin,TX,78701,USA
Daniel,Miller,Accelerate Diagnostics Inc,Coordinator,daniel.miller.2685@off-260.demo.com,Chicago,IL,60601,USA
Elizabeth,Davis,Accelerate Diagnostics Inc,Analyst,elizabeth.davis.2686@off-260.demo.com,Denver,CO,80202,USA
Anthony,Rodriguez,Accelerate Diagnostics Inc,Manager,anthony.rodriguez.2687@off-260.demo.com,Miami,FL,33101,USA
Susan,Martinez,Accelerate Diagnostics Inc,Director,susan.martinez.2688@off-260.demo.com,Portland,OR,97201,USA
James,Hernandez,Accelerate Diagnostics Inc,VP,james.hernandez.2689@off-260.demo.com,Atlanta,GA,30301,USA
Sarah,Lopez,Anixter International Inc,VP,sarah.lopez.2690@off-261.demo.com,Boston,MA,02101,USA
Robert,Gonzalez,Anixter International Inc,Engineer,robert.gonzalez.2691@off-261.demo.com,Seattle,WA,98101,USA
Lisa,Wilson,Anixter International Inc,Consultant,lisa.wilson.2692@off-261.demo.com,Austin,TX,78701,USA
William,Anderson,Anixter International Inc,Specialist,william.anderson.2693@off-261.demo.com,Chicago,IL,60601,USA
Betty,Thomas,Anixter International Inc,Coordinator,betty.thomas.2694@off-261.demo.com,Denver,CO,80202,USA
Richard,Taylor,Anixter International Inc,Analyst,richard.taylor.2695@off-261.demo.com,Miami,FL,33101,USA
Sandra,Moore,Anixter International Inc,Manager,sandra.moore.2696@off-261.demo.com,Portland,OR,97201,USA
Thomas,Jackson,Anixter International Inc,Director,thomas.jackson.2697@off-261.demo.com,Atlanta,GA,30301,USA
Patricia,Martin,Anixter International Inc,VP,patricia.martin.2698@off-261.demo.com,Boston,MA,02101,USA
Christopher,Lee,Anixter International Inc,Engineer,christopher.lee.2699@off-261.demo.com,Seattle,WA,98101,USA
Linda,Perez,American Axle & Manufacturing,Manager,linda.perez.2700@off-262.demo.com,Austin,TX,78701,USA
Matthew,Thompson,American Axle & Manufacturing,Director,matthew.thompson.2701@off-262.demo.com,Chicago,IL,60601,USA
Barbara,White,American Axle & Manufacturing,VP,barbara.white.2702@off-262.demo.com,Denver,CO,80202,USA
Mark,Harris,American Axle & Manufacturing,Engineer,mark.harris.2703@off-262.demo.com,Miami,FL,33101,USA
Jessica,Sanchez,American Axle & Manufacturing,Consultant,jessica.sanchez.2704@off-262.demo.com,Portland,OR,97201,USA
John,Clark,American Axle & Manufacturing,Specialist,john.clark.2705@off-262.demo.com,Atlanta,GA,30301,USA
Karen,Ramirez,American Axle & Manufacturing,Coordinator,karen.ramirez.2706@off-262.demo.com,Boston,MA,02101,USA
Michael,Lewis,American Axle & Manufacturing,Analyst,michael.lewis.2707@off-262.demo.com,Seattle,WA,98101,USA
Nancy,Robinson,American Axle & Manufacturing,Manager,nancy.robinson.2708@off-262.demo.com,Austin,TX,78701,USA
David,Smith,American Axle & Manufacturing,Director,david.smith.2709@off-262.demo.com,Chicago,IL,60601,USA
Margaret,Johnson,Georgia Gulf Corp,Coordinator,margaret.johnson.2710@off-263.demo.com,Denver,CO,80202,USA
Joseph,Williams,Georgia Gulf Corp,Analyst,joseph.williams.2711@off-263.demo.com,Miami,FL,33101,USA
Mary,Brown,Georgia Gulf Corp,Manager,mary.brown.2712@off-263.demo.com,Portland,OR,97201,USA
Charles,Jones,Georgia Gulf Corp,Director,charles.jones.2713@off-263.demo.com,Atlanta,GA,30301,USA
Jennifer,Garcia,Georgia Gulf Corp,VP,jennifer.garcia.2714@off-263.demo.com,Boston,MA,02101,USA
Daniel,Miller,Georgia Gulf Corp,Engineer,daniel.miller.2715@off-263.demo.com,Seattle,WA,98101,USA
Elizabeth,Davis,Georgia Gulf Corp,Consultant,elizabeth.davis.2716@off-263.demo.com,Austin,TX,78701,USA
Anthony,Rodriguez,Georgia Gulf Corp,Specialist,anthony.rodriguez.2717@off-263.demo.com,Chicago,IL,60601,USA
Susan,Martinez,Georgia Gulf Corp,Coordinator,susan.martinez.2718@off-263.demo.com,Denver,CO,80202,USA
James,Hernandez,Georgia Gulf Corp,Analyst,james.hernandez.2719@off-263.demo.com,Miami,FL,33101,USA
Sarah,Lopez,Aircastle Ltd,Consultant,sarah.lopez.2720@off-264.demo.com,Portland,OR,97201,USA
Robert,Gonzalez,Aircastle Ltd,Specialist,robert.gonzalez.2721@off-264.demo.com,Atlanta,GA,30301,USA
Lisa,Wilson,Aircastle Ltd,Coordinator,lisa.wilson.2722@off-264.demo.com,Boston,MA,02101,USA
William,Anderson,Aircastle Ltd,Analyst,william.anderson.2723@off-264.demo.com,Seattle,WA,98101,USA
Betty,Thomas,Aircastle Ltd,Manager,betty.thomas.2724@off-264.demo.com,Austin,TX,78701,USA
Richard,Taylor,Aircastle Ltd,Director,richard.taylor.2725@off-264.demo.com,Chicago,IL,60601,USA
Sandra,Moore,Aircastle Ltd,VP,sandra.moore.2726@off-264.demo.com,Denver,CO,80202,USA
Thomas,Jackson,Aircastle Ltd,Engineer,thomas.jackson.2727@off-264.demo.com,Miami,FL,33101,USA
Patricia,Martin,Aircastle Ltd,Consultant,patricia.martin.2728@off-264.demo.com,Portland,OR,97201,USA
Christopher,Lee,Aircastle Ltd,Specialist,christopher.lee.2729@off-264.demo.com,Atlanta,GA,30301,USA
Linda,Perez,Aspen Technology,Director,linda.perez.2730@off-265.demo.com,Boston,MA,02101,USA
Matthew,Thompson,Aspen Technology,VP,matthew.thompson.2731@off-265.demo.com,Seattle,WA,98101,USA
Barbara,White,Aspen Technology,Engineer,barbara.white.2732@off-265.demo.com,Austin,TX,78701,USA
Mark,Harris,Aspen Technology,Consultant,mark.harris.2733@off-265.demo.com,Chicago,IL,60601,USA
Jessica,Sanchez,Aspen Technology,Specialist,jessica.sanchez.2734@off-265.demo.com,Denver,CO,80202,USA
John,Clark,Aspen Technology,Coordinator,john.clark.2735@off-265.demo.com,Miami,FL,33101,USA
Karen,Ramirez,Aspen Technology,Analyst,karen.ramirez.2736@off-265.demo.com,Portland,OR,97201,USA
Michael,Lewis,Aspen Technology,Manager,michael.lewis.2737@off-265.demo.com,Atlanta,GA,30301,USA
Nancy,Robinson,Aspen Technology,Director,nancy.robinson.2738@off-265.demo.com,Boston,MA,02101,USA
David,Smith,Aspen Technology,VP,david.smith.2739@off-265.demo.com,Seattle,WA,98101,USA
Margaret,Johnson,Azz Inc,VP,margaret.johnson.2740@off-266.demo.com,Austin,TX,78701,USA
Joseph,Williams,Azz Inc,Engineer,joseph.williams.2741@off-266.demo.com,Chicago,IL,60601,USA
Mary,Brown,Azz Inc,Consultant,mary.brown.2742@off-266.demo.com,Denver,CO,80202,USA
Charles,Jones,Azz Inc,Specialist,charles.jones.2743@off-266.demo.com,Miami,FL,33101,USA
Jennifer,Garcia,Azz Inc,Coordinator,jennifer.garcia.2744@off-266.demo.com,Portland,OR,97201,USA
Daniel,Miller,Azz Inc,Analyst,daniel.miller.2745@off-266.demo.com,Atlanta,GA,30301,USA
Elizabeth,Davis,Azz Inc,Manager,elizabeth.davis.2746@off-266.demo.com,Boston,MA,02101,USA
Anthony,Rodriguez,Azz Inc,Director,anthony.rodriguez.2747@off-266.demo.com,Seattle,WA,98101,USA
Susan,Martinez,Azz Inc,VP,susan.martinez.2748@off-266.demo.com,Austin,TX,78701,USA
James,Hernandez,Azz Inc,Engineer,james.hernandez.2749@off-266.demo.com,Chicago,IL,60601,USA
Sarah,Lopez,Barnes Group,Director,sarah.lopez.2750@off-267.demo.com,Denver,CO,80202,USA
Robert,Gonzalez,Barnes Group,VP,robert.gonzalez.2751@off-267.demo.com,Miami,FL,33101,USA
Lisa,Wilson,Barnes Group,Engineer,lisa.wilson.2752@off-267.demo.com,Portland,OR,97201,USA
William,Anderson,Barnes Group,Consultant,william.anderson.2753@off-267.demo.com,Atlanta,GA,30301,USA
Betty,Thomas,Barnes Group,Specialist,betty.thomas.2754@off-267.demo.com,Boston,MA,02101,USA
Richard,Taylor,Barnes Group,Coordinator,richard.taylor.2755@off-267.demo.com,Seattle,WA,98101,USA
Sandra,Moore,Barnes Group,Analyst,sandra.moore.2756@off-267.demo.com,Austin,TX,78701,USA
Thomas,Jackson,Barnes Group,Manager,thomas.jackson.2757@off-267.demo.com,Chicago,IL,60601,USA
Patricia,Martin,Barnes Group,Director,patricia.martin.2758@off-267.demo.com,Denver,CO,80202,USA
Christopher,Lee,Barnes Group,VP,christopher.lee.2759@off-267.demo.com,Miami,FL,33101,USA
Linda,Perez,Natus Medical Inc,Manager,linda.perez.2760@off-268.demo.com,Portland,OR,97201,USA
Matthew,Thompson,Natus Medical Inc,Director,matthew.thompson.2761@off-268.demo.com,Atlanta,GA,30301,USA
Barbara,White,Natus Medical Inc,VP,barbara.white.2762@off-268.demo.com,Boston,MA,02101,USA
Mark,Harris,Natus Medical Inc,Engineer,mark.harris.2763@off-268.demo.com,Seattle,WA,98101,USA
Jessica,Sanchez,Natus Medical Inc,Consultant,jessica.sanchez.2764@off-268.demo.com,Austin,TX,78701,USA
John,Clark,Natus Medical Inc,Specialist,john.clark.2765@off-268.demo.com,Chicago,IL,60601,USA
Karen,Ramirez,Natus Medical Inc,Coordinator,karen.ramirez.2766@off-268.demo.com,Denver,CO,80202,USA
Michael,Lewis,Natus Medical Inc,Analyst,michael.lewis.2767@off-268.demo.com,Miami,FL,33101,USA
Nancy,Robinson,Natus Medical Inc,Manager,nancy.robinson.2768@off-268.demo.com,Portland,OR,97201,USA
David,Smith,Natus Medical Inc,Director,david.smith.2769@off-268.demo.com,Atlanta,GA,30301,USA
Margaret,Johnson,First Pactrust Bancorp,Analyst,margaret.johnson.2770@off-269.demo.com,Boston,MA,02101,USA
Joseph,Williams,First Pactrust Bancorp,Manager,joseph.williams.2771@off-269.demo.com,Seattle,WA,98101,USA
Mary,Brown,First Pactrust Bancorp,Director,mary.brown.2772@off-269.demo.com,Austin,TX,78701,USA
Charles,Jones,First Pactrust Bancorp,VP,charles.jones.2773@off-269.demo.com,Chicago,IL,60601,USA
Jennifer,Garcia,First Pactrust Bancorp,Engineer,jennifer.garcia.2774@off-269.demo.com,Denver,CO,80202,USA
Daniel,Miller,First Pactrust Bancorp,Consultant,daniel.miller.2775@off-269.demo.com,Miami,FL,33101,USA
Elizabeth,Davis,First Pactrust Bancorp,Specialist,elizabeth.davis.2776@off-269.demo.com,Portland,OR,97201,USA
Anthony,Rodriguez,First Pactrust Bancorp,Coordinator,anthony.rodriguez.2777@off-269.demo.com,Atlanta,GA,30301,USA
Susan,Martinez,First Pactrust Bancorp,Analyst,susan.martinez.2778@off-269.demo.com,Boston,MA,02101,USA
James,Hernandez,First Pactrust Bancorp,Manager,james.hernandez.2779@off-269.demo.com,Seattle,WA,98101,USA
Sarah,Lopez,Bancfirst Corp,Director,sarah.lopez.2780@off-270.demo.com,Austin,TX,78701,USA
Robert,Gonzalez,Bancfirst Corp,VP,robert.gonzalez.2781@off-270.demo.com,Chicago,IL,60601,USA
Lisa,Wilson,Bancfirst Corp,Engineer,lisa.wilson.2782@off-270.demo.com,Denver,CO,80202,USA
William,Anderson,Bancfirst Corp,Consultant,william.anderson.2783@off-270.demo.com,Miami,FL,33101,USA
Betty,Thomas,Bancfirst Corp,Specialist,betty.thomas.2784@off-270.demo.com,Portland,OR,97201,USA
Richard,Taylor,Bancfirst Corp,Coordinator,richard.taylor.2785@off-270.demo.com,Atlanta,GA,30301,USA
Sandra,Moore,Bancfirst Corp,Analyst,sandra.moore.2786@off-270.demo.com,Boston,MA,02101,USA
Thomas,Jackson,Bancfirst Corp,Manager,thomas.jackson.2787@off-270.demo.com,Seattle,WA,98101,USA
Patricia,Martin,Bancfirst Corp,Director,patricia.martin.2788@off-270.demo.com,Austin,TX,78701,USA
Christopher,Lee,Bancfirst Corp,VP,christopher.lee.2789@off-270.demo.com,Chicago,IL,60601,USA
Linda,Perez,Banner Corp,Manager,linda.perez.2790@off-271.demo.com,Denver,CO,80202,USA
Matthew,Thompson,Banner Corp,Director,matthew.thompson.2791@off-271.demo.com,Miami,FL,33101,USA
Barbara,White,Banner Corp,VP,barbara.white.2792@off-271.demo.com,Portland,OR,97201,USA
Mark,Harris,Banner Corp,Engineer,mark.harris.2793@off-271.demo.com,Atlanta,GA,30301,USA
Jessica,Sanchez,Banner Corp,Consultant,jessica.sanchez.2794@off-271.demo.com,Boston,MA,02101,USA
John,Clark,Banner Corp,Specialist,john.clark.2795@off-271.demo.com,Seattle,WA,98101,USA
Karen,Ramirez,Banner Corp,Coordinator,karen.ramirez.2796@off-271.demo.com,Austin,TX,78701,USA
Michael,Lewis,Banner Corp,Analyst,michael.lewis.2797@off-271.demo.com,Chicago,IL,60601,USA
Nancy,Robinson,Banner Corp,Manager,nancy.robinson.2798@off-271.demo.com,Denver,CO,80202,USA
David,Smith,Banner Corp,Director,david.smith.2799@off-271.demo.com,Miami,FL,33101,USA
Margaret,Johnson,Basic Energy Services,Consultant,margaret.johnson.2800@off-272.demo.com,Portland,OR,97201,USA
Joseph,Williams,Basic Energy Services,Specialist,joseph.williams.2801@off-272.demo.com,Atlanta,GA,30301,USA
Mary,Brown,Basic Energy Services,Coordinator,mary.brown.2802@off-272.demo.com,Boston,MA,02101,USA
Charles,Jones,Basic Energy Services,Analyst,charles.jones.2803@off-272.demo.com,Seattle,WA,98101,USA
Jennifer,Garcia,Basic Energy Services,Manager,jennifer.garcia.2804@off-272.demo.com,Austin,TX,78701,USA
Daniel,Miller,Basic Energy Services,Director,daniel.miller.2805@off-272.demo.com,Chicago,IL,60601,USA
Elizabeth,Davis,Basic Energy Services,VP,elizabeth.davis.2806@off-272.demo.com,Denver,CO,80202,USA
Anthony,Rodriguez,Basic Energy Services,Engineer,anthony.rodriguez.2807@off-272.demo.com,Miami,FL,33101,USA
Susan,Martinez,Basic Energy Services,Consultant,susan.martinez.2808@off-272.demo.com,Portland,OR,97201,USA
James,Hernandez,Basic Energy Services,Specialist,james.hernandez.2809@off-272.demo.com,Atlanta,GA,30301,USA
Sarah,Lopez,Bbcn Bancorp Inc,Director,sarah.lopez.2810@off-273.demo.com,Boston,MA,02101,USA
Robert,Gonzalez,Bbcn Bancorp Inc,VP,robert.gonzalez.2811@off-273.demo.com,Seattle,WA,98101,USA
Lisa,Wilson,Bbcn Bancorp Inc,Engineer,lisa.wilson.2812@off-273.demo.com,Austin,TX,78701,USA
William,Anderson,Bbcn Bancorp Inc,Consultant,william.anderson.2813@off-273.demo.com,Chicago,IL,60601,USA
Betty,Thomas,Bbcn Bancorp Inc,Specialist,betty.thomas.2814@off-273.demo.com,Denver,CO,80202,USA
Richard,Taylor,Bbcn Bancorp Inc,Coordinator,richard.taylor.2815@off-273.demo.com,Miami,FL,33101,USA
Sandra,Moore,Bbcn Bancorp Inc,Analyst,sandra.moore.2816@off-273.demo.com,Portland,OR,97201,USA
Thomas,Jackson,Bbcn Bancorp Inc,Manager,thomas.jackson.2817@off-273.demo.com,Atlanta,GA,30301,USA
Patricia,Martin,Bbcn Bancorp Inc,Director,patricia.martin.2818@off-273.demo.com,Boston,MA,02101,USA
Christopher,Lee,Bbcn Bancorp Inc,VP,christopher.lee.2819@off-273.demo.com,Seattle,WA,98101,USA
Linda,Perez,Bill Barrett Corp,Consultant,linda.perez.2820@off-274.demo.com,Austin,TX,78701,USA
Matthew,Thompson,Bill Barrett Corp,Specialist,matthew.thompson.2821@off-274.demo.com,Chicago,IL,60601,USA
Barbara,White,Bill Barrett Corp,Coordinator,barbara.white.2822@off-274.demo.com,Denver,CO,80202,USA
Mark,Harris,Bill Barrett Corp,Analyst,mark.harris.2823@off-274.demo.com,Miami,FL,33101,USA
Jessica,Sanchez,Bill Barrett Corp,Manager,jessica.sanchez.2824@off-274.demo.com,Portland,OR,97201,USA
John,Clark,Bill Barrett Corp,Director,john.clark.2825@off-274.demo.com,Atlanta,GA,30301,USA
Karen,Ramirez,Bill Barrett Corp,VP,karen.ramirez.2826@off-274.demo.com,Boston,MA,02101,USA
Michael,Lewis,Bill Barrett Corp,Engineer,michael.lewis.2827@off-274.demo.com,Seattle,WA,98101,USA
Nancy,Robinson,Bill Barrett Corp,Consultant,nancy.robinson.2828@off-274.demo.com,Austin,TX,78701,USA
David,Smith,Bill Barrett Corp,Specialist,david.smith.2829@off-274.demo.com,Chicago,IL,60601,USA
Margaret,Johnson,Black Box Corp,Engineer,margaret.johnson.2830@off-275.demo.com,Denver,CO,80202,USA
Joseph,Williams,Black Box Corp,Consultant,joseph.williams.2831@off-275.demo.com,Miami,FL,33101,USA
Mary,Brown,Black Box Corp,Specialist,mary.brown.2832@off-275.demo.com,Portland,OR,97201,USA
Charles,Jones,Black Box Corp,Coordinator,charles.jones.2833@off-275.demo.com,Atlanta,GA,30301,USA
Jennifer,Garcia,Black Box Corp,Analyst,jennifer.garcia.2834@off-275.demo.com,Boston,MA,02101,USA
Daniel,Miller,Black Box Corp,Manager,daniel.miller.2835@off-275.demo.com,Seattle,WA,98101,USA
Elizabeth,Davis,Black Box Corp,Director,elizabeth.davis.2836@off-275.demo.com,Austin,TX,78701,USA
Anthony,Rodriguez,Black Box Corp,VP,anthony.rodriguez.2837@off-275.demo.com,Chicago,IL,60601,USA
Susan,Martinez,Black Box Corp,Engineer,susan.martinez.2838@off-275.demo.com,Denver,CO,80202,USA
James,Hernandez,Black Box Corp,Consultant,james.hernandez.2839@off-275.demo.com,Miami,FL,33101,USA
Sarah,Lopez,Bravo Brio Restaurant Group,VP,sarah.lopez.2840@off-276.demo.com,Portland,OR,97201,USA
Robert,Gonzalez,Bravo Brio Restaurant Group,Engineer,robert.gonzalez.2841@off-276.demo.com,Atlanta,GA,30301,USA
Lisa,Wilson,Bravo Brio Restaurant Group,Consultant,lisa.wilson.2842@off-276.demo.com,Boston,MA,02101,USA
William,Anderson,Bravo Brio Restaurant Group,Specialist,william.anderson.2843@off-276.demo.com,Seattle,WA,98101,USA
Betty,Thomas,Bravo Brio Restaurant Group,Coordinator,betty.thomas.2844@off-276.demo.com,Austin,TX,78701,USA
Richard,Taylor,Bravo Brio Restaurant Group,Analyst,richard.taylor.2845@off-276.demo.com,Chicago,IL,60601,USA
Sandra,Moore,Bravo Brio Restaurant Group,Manager,sandra.moore.2846@off-276.demo.com,Denver,CO,80202,USA
Thomas,Jackson,Bravo Brio Restaurant Group,Director,thomas.jackson.2847@off-276.demo.com,Miami,FL,33101,USA
Patricia,Martin,Bravo Brio Restaurant Group,VP,patricia.martin.2848@off-276.demo.com,Portland,OR,97201,USA
Christopher,Lee,Bravo Brio Restaurant Group,Engineer,christopher.lee.2849@off-276.demo.com,Atlanta,GA,30301,USA
Linda,Perez,Barrett Business Services,VP,linda.perez.2850@off-277.demo.com,Boston,MA,02101,USA
Matthew,Thompson,Barrett Business Services,Engineer,matthew.thompson.2851@off-277.demo.com,Seattle,WA,98101,USA
Barbara,White,Barrett Business Services,Consultant,barbara.white.2852@off-277.demo.com,Austin,TX,78701,USA
Mark,Harris,Barrett Business Services,Specialist,mark.harris.2853@off-277.demo.com,Chicago,IL,60601,USA
Jessica,Sanchez,Barrett Business Services,Coordinator,jessica.sanchez.2854@off-277.demo.com,Denver,CO,80202,USA
John,Clark,Barrett Business Services,Analyst,john.clark.2855@off-277.demo.com,Miami,FL,33101,USA
Karen,Ramirez,Barrett Business Services,Manager,karen.ramirez.2856@off-277.demo.com,Portland,OR,97201,USA
Michael,Lewis,Barrett Business Services,Director,michael.lewis.2857@off-277.demo.com,Atlanta,GA,30301,USA
Nancy,Robinson,Barrett Business Services,VP,nancy.robinson.2858@off-277.demo.com,Boston,MA,02101,USA
David,Smith,Barrett Business Services,Engineer,david.smith.2859@off-277.demo.com,Seattle,WA,98101,USA
Margaret,Johnson,Build-A-Bear Workshop,Manager,margaret.johnson.2860@off-278.demo.com,Austin,TX,78701,USA
Joseph,Williams,Build-A-Bear Workshop,Director,joseph.williams.2861@off-278.demo.com,Chicago,IL,60601,USA
Mary,Brown,Build-A-Bear Workshop,VP,mary.brown.2862@off-278.demo.com,Denver,CO,80202,USA
Charles,Jones,Build-A-Bear Workshop,Engineer,charles.jones.2863@off-278.demo.com,Miami,FL,33101,USA
Jennifer,Garcia,Build-A-Bear Workshop,Consultant,jennifer.garcia.2864@off-278.demo.com,Portland,OR,97201,USA
Daniel,Miller,Build-A-Bear Workshop,Specialist,daniel.miller.2865@off-278.demo.com,Atlanta,GA,30301,USA
Elizabeth,Davis,Build-A-Bear Workshop,Coordinator,elizabeth.davis.2866@off-278.demo.com,Boston,MA,02101,USA
Anthony,Rodriguez,Build-A-Bear Workshop,Analyst,anthony.rodriguez.2867@off-278.demo.com,Seattle,WA,98101,USA
Susan,Martinez,Build-A-Bear Workshop,Manager,susan.martinez.2868@off-278.demo.com,Austin,TX,78701,USA
James,Hernandez,Build-A-Bear Workshop,Director,james.hernandez.2869@off-278.demo.com,Chicago,IL,60601,USA
Sarah,Lopez,Bankatlantic Bancorp,Director,sarah.lopez.2870@off-279.demo.com,Denver,CO,80202,USA
Robert,Gonzalez,Bankatlantic Bancorp,VP,robert.gonzalez.2871@off-279.demo.com,Miami,FL,33101,USA
Lisa,Wilson,Bankatlantic Bancorp,Engineer,lisa.wilson.2872@off-279.demo.com,Portland,OR,97201,USA
William,Anderson,Bankatlantic Bancorp,Consultant,william.anderson.2873@off-279.demo.com,Atlanta,GA,30301,USA
Betty,Thomas,Bankatlantic Bancorp,Specialist,betty.thomas.2874@off-279.demo.com,Boston,MA,02101,USA
Richard,Taylor,Bankatlantic Bancorp,Coordinator,richard.taylor.2875@off-279.demo.com,Seattle,WA,98101,USA
Sandra,Moore,Bankatlantic Bancorp,Analyst,sandra.moore.2876@off-279.demo.com,Austin,TX,78701,USA
Thomas,Jackson,Bankatlantic Bancorp,Manager,thomas.jackson.2877@off-279.demo.com,Chicago,IL,60601,USA
Patricia,Martin,Bankatlantic Bancorp,Director,patricia.martin.2878@off-279.demo.com,Denver,CO,80202,USA
Christopher,Lee,Bankatlantic Bancorp,VP,christopher.lee.2879@off-279.demo.com,Miami,FL,33101,USA
Linda,Perez,Boise Cascade L.L.C. Common ST,Specialist,linda.perez.2880@off-280.demo.com,Portland,OR,97201,USA
Matthew,Thompson,Boise Cascade L.L.C. Common ST,Coordinator,matthew.thompson.2881@off-280.demo.com,Atlanta,GA,30301,USA
Barbara,White,Boise Cascade L.L.C. Common ST,Analyst,barbara.white.2882@off-280.demo.com,Boston,MA,02101,USA
Mark,Harris,Boise Cascade L.L.C. Common ST,Manager,mark.harris.2883@off-280.demo.com,Seattle,WA,98101,USA
Jessica,Sanchez,Boise Cascade L.L.C. Common ST,Director,jessica.sanchez.2884@off-280.demo.com,Austin,TX,78701,USA
John,Clark,Boise Cascade L.L.C. Common ST,VP,john.clark.2885@off-280.demo.com,Chicago,IL,60601,USA
Karen,Ramirez,Boise Cascade L.L.C. Common ST,Engineer,karen.ramirez.2886@off-280.demo.com,Denver,CO,80202,USA
Michael,Lewis,Boise Cascade L.L.C. Common ST,Consultant,michael.lewis.2887@off-280.demo.com,Miami,FL,33101,USA
Nancy,Robinson,Boise Cascade L.L.C. Common ST,Specialist,nancy.robinson.2888@off-280.demo.com,Portland,OR,97201,USA
David,Smith,Boise Cascade L.L.C. Common ST,Coordinator,david.smith.2889@off-280.demo.com,Atlanta,GA,30301,USA
Margaret,Johnson,Bonanza Creek Energy Inc,Director,margaret.johnson.2890@off-281.demo.com,Boston,MA,02101,USA
Joseph,Williams,Bonanza Creek Energy Inc,VP,joseph.williams.2891@off-281.demo.com,Seattle,WA,98101,USA
Mary,Brown,Bonanza Creek Energy Inc,Engineer,mary.brown.2892@off-281.demo.com,Austin,TX,78701,USA
Charles,Jones,Bonanza Creek Energy Inc,Consultant,charles.jones.2893@off-281.demo.com,Chicago,IL,60601,USA
Jennifer,Garcia,Bonanza Creek Energy Inc,Specialist,jennifer.garcia.2894@off-281.demo.com,Denver,CO,80202,USA
Daniel,Miller,Bonanza Creek Energy Inc,Coordinator,daniel.miller.2895@off-281.demo.com,Miami,FL,33101,USA
Elizabeth,Davis,Bonanza Creek Energy Inc,Analyst,elizabeth.davis.2896@off-281.demo.com,Portland,OR,97201,USA
Anthony,Rodriguez,Bonanza Creek Energy Inc,Manager,anthony.rodriguez.2897@off-281.demo.com,Atlanta,GA,30301,USA
Susan,Martinez,Bonanza Creek Energy Inc,Director,susan.martinez.2898@off-281.demo.com,Boston,MA,02101,USA
James,Hernandez,Bonanza Creek Energy Inc,VP,james.hernandez.2899@off-281.demo.com,Seattle,WA,98101,USA
Sarah,Lopez,Brink's Company,VP,sarah.lopez.2900@off-282.demo.com,Austin,TX,78701,USA
Robert,Gonzalez,Brink's Company,Engineer,robert.gonzalez.2901@off-282.demo.com,Chicago,IL,60601,USA
Lisa,Wilson,Brink's Company,Consultant,lisa.wilson.2902@off-282.demo.com,Denver,CO,80202,USA
William,Anderson,Brink's Company,Specialist,william.anderson.2903@off-282.demo.com,Miami,FL,33101,USA
Betty,Thomas,Brink's Company,Coordinator,betty.thomas.2904@off-282.demo.com,Portland,OR,97201,USA
Richard,Taylor,Brink's Company,Analyst,richard.taylor.2905@off-282.demo.com,Atlanta,GA,30301,USA
Sandra,Moore,Brink's Company,Manager,sandra.moore.2906@off-282.demo.com,Boston,MA,02101,USA
Thomas,Jackson,Brink's Company,Director,thomas.jackson.2907@off-282.demo.com,Seattle,WA,98101,USA
Patricia,Martin,Brink's Company,VP,patricia.martin.2908@off-282.demo.com,Austin,TX,78701,USA
Christopher,Lee,Brink's Company,Engineer,christopher.lee.2909@off-282.demo.com,Chicago,IL,60601,USA
Linda,Perez,Blucora Inc,Manager,linda.perez.2910@off-283.demo.com,Denver,CO,80202,USA
Matthew,Thompson,Blucora Inc,Director,matthew.thompson.2911@off-283.demo.com,Miami,FL,33101,USA
Barbara,White,Blucora Inc,VP,barbara.white.2912@off-283.demo.com,Portland,OR,97201,USA
Mark,Harris,Blucora Inc,Engineer,mark.harris.2913@off-283.demo.com,Atlanta,GA,30301,USA
Jessica,Sanchez,Blucora Inc,Consultant,jessica.sanchez.2914@off-283.demo.com,Boston,MA,02101,USA
John,Clark,Blucora Inc,Specialist,john.clark.2915@off-283.demo.com,Seattle,WA,98101,USA
Karen,Ramirez,Blucora Inc,Coordinator,karen.ramirez.2916@off-283.demo.com,Austin,TX,78701,USA
Michael,Lewis,Blucora Inc,Analyst,michael.lewis.2917@off-283.demo.com,Chicago,IL,60601,USA
Nancy,Robinson,Blucora Inc,Manager,nancy.robinson.2918@off-283.demo.com,Denver,CO,80202,USA
David,Smith,Blucora Inc,Director,david.smith.2919@off-283.demo.com,Miami,FL,33101,USA
Margaret,Johnson,Brightcove Inc,Specialist,margaret.johnson.2920@off-284.demo.com,Portland,OR,97201,USA
Joseph,Williams,Brightcove Inc,Coordinator,joseph.williams.2921@off-284.demo.com,Atlanta,GA,30301,USA
Mary,Brown,Brightcove Inc,Analyst,mary.brown.2922@off-284.demo.com,Boston,MA,02101,USA
Charles,Jones,Brightcove Inc,Manager,charles.jones.2923@off-284.demo.com,Seattle,WA,98101,USA
Jennifer,Garcia,Brightcove Inc,Director,jennifer.garcia.2924@off-284.demo.com,Austin,TX,78701,USA
Daniel,Miller,Brightcove Inc,VP,daniel.miller.2925@off-284.demo.com,Chicago,IL,60601,USA
Elizabeth,Davis,Brightcove Inc,Engineer,elizabeth.davis.2926@off-284.demo.com,Denver,CO,80202,USA
Anthony,Rodriguez,Brightcove Inc,Consultant,anthony.rodriguez.2927@off-284.demo.com,Miami,FL,33101,USA
Susan,Martinez,Brightcove Inc,Specialist,susan.martinez.2928@off-284.demo.com,Portland,OR,97201,USA
James,Hernandez,Brightcove Inc,Coordinator,james.hernandez.2929@off-284.demo.com,Atlanta,GA,30301,USA
Sarah,Lopez,Balchem Corp,Specialist,sarah.lopez.2930@off-285.demo.com,Boston,MA,02101,USA
Robert,Gonzalez,Balchem Corp,Coordinator,robert.gonzalez.2931@off-285.demo.com,Seattle,WA,98101,USA
Lisa,Wilson,Balchem Corp,Analyst,lisa.wilson.2932@off-285.demo.com,Austin,TX,78701,USA
William,Anderson,Balchem Corp,Manager,william.anderson.2933@off-285.demo.com,Chicago,IL,60601,USA
Betty,Thomas,Balchem Corp,Director,betty.thomas.2934@off-285.demo.com,Denver,CO,80202,USA
Richard,Taylor,Balchem Corp,VP,richard.taylor.2935@off-285.demo.com,Miami,FL,33101,USA
Sandra,Moore,Balchem Corp,Engineer,sandra.moore.2936@off-285.demo.com,Portland,OR,97201,USA
Thomas,Jackson,Balchem Corp,Consultant,thomas.jackson.2937@off-285.demo.com,Atlanta,GA,30301,USA
Patricia,Martin,Balchem Corp,Specialist,patricia.martin.2938@off-285.demo.com,Boston,MA,02101,USA
Christopher,Lee,Balchem Corp,Coordinator,christopher.lee.2939@off-285.demo.com,Seattle,WA,98101,USA
Linda,Perez,Biocryst Pharmaceuticals,Engineer,linda.perez.2940@off-286.demo.com,Austin,TX,78701,USA
Matthew,Thompson,Biocryst Pharmaceuticals,Consultant,matthew.thompson.2941@off-286.demo.com,Chicago,IL,60601,USA
Barbara,White,Biocryst Pharmaceuticals,Specialist,barbara.white.2942@off-286.demo.com,Denver,CO,80202,USA
Mark,Harris,Biocryst Pharmaceuticals,Coordinator,mark.harris.2943@off-286.demo.com,Miami,FL,33101,USA
Jessica,Sanchez,Biocryst Pharmaceuticals,Analyst,jessica.sanchez.2944@off-286.demo.com,Portland,OR,97201,USA
John,Clark,Biocryst Pharmaceuticals,Manager,john.clark.2945@off-286.demo.com,Atlanta,GA,30301,USA
Karen,Ramirez,Biocryst Pharmaceuticals,Director,karen.ramirez.2946@off-286.demo.com,Boston,MA,02101,USA
Michael,Lewis,Biocryst Pharmaceuticals,VP,michael.lewis.2947@off-286.demo.com,Seattle,WA,98101,USA
Nancy,Robinson,Biocryst Pharmaceuticals,Engineer,nancy.robinson.2948@off-286.demo.com,Austin,TX,78701,USA
David,Smith,Biocryst Pharmaceuticals,Consultant,david.smith.2949@off-286.demo.com,Chicago,IL,60601,USA
Margaret,Johnson,Belden Inc,Analyst,margaret.johnson.2950@off-287.demo.com,Denver,CO,80202,USA
Joseph,Williams,Belden Inc,Manager,joseph.williams.2951@off-287.demo.com,Miami,FL,33101,USA
Mary,Brown,Belden Inc,Director,mary.brown.2952@off-287.demo.com,Portland,OR,97201,USA
Charles,Jones,Belden Inc,VP,charles.jones.2953@off-287.demo.com,Atlanta,GA,30301,USA
Jennifer,Garcia,Belden Inc,Engineer,jennifer.garcia.2954@off-287.demo.com,Boston,MA,02101,USA
Daniel,Miller,Belden Inc,Consultant,daniel.miller.2955@off-287.demo.com,Seattle,WA,98101,USA
Elizabeth,Davis,Belden Inc,Specialist,elizabeth.davis.2956@off-287.demo.com,Austin,TX,78701,USA
Anthony,Rodriguez,Belden Inc,Coordinator,anthony.rodriguez.2957@off-287.demo.com,Chicago,IL,60601,USA
Susan,Martinez,Belden Inc,Analyst,susan.martinez.2958@off-287.demo.com,Denver,CO,80202,USA
James,Hernandez,Belden Inc,Manager,james.hernandez.2959@off-287.demo.com,Miami,FL,33101,USA
Sarah,Lopez,Black Diamond,Consultant,sarah.lopez.2960@off-288.demo.com,Portland,OR,97201,USA
Robert,Gonzalez,Black Diamond,Specialist,robert.gonzalez.2961@off-288.demo.com,Atlanta,GA,30301,USA
Lisa,Wilson,Black Diamond,Coordinator,lisa.wilson.2962@off-288.demo.com,Boston,MA,02101,USA
William,Anderson,Black Diamond,Analyst,william.anderson.2963@off-288.demo.com,Seattle,WA,98101,USA
Betty,Thomas,Black Diamond,Manager,betty.thomas.2964@off-288.demo.com,Austin,TX,78701,USA
Richard,Taylor,Black Diamond,Director,richard.taylor.2965@off-288.demo.com,Chicago,IL,60601,USA
Sandra,Moore,Black Diamond,VP,sandra.moore.2966@off-288.demo.com,Denver,CO,80202,USA
Thomas,Jackson,Black Diamond,Engineer,thomas.jackson.2967@off-288.demo.com,Miami,FL,33101,USA
Patricia,Martin,Black Diamond,Consultant,patricia.martin.2968@off-288.demo.com,Portland,OR,97201,USA
Christopher,Lee,Black Diamond,Specialist,christopher.lee.2969@off-288.demo.com,Atlanta,GA,30301,USA
Linda,Perez,Bridge Bancorp,Analyst,linda.perez.2970@off-289.demo.com,Boston,MA,02101,USA
Matthew,Thompson,Bridge Bancorp,Manager,matthew.thompson.2971@off-289.demo.com,Seattle,WA,98101,USA
Barbara,White,Bridge Bancorp,Director,barbara.white.2972@off-289.demo.com,Austin,TX,78701,USA
Mark,Harris,Bridge Bancorp,VP,mark.harris.2973@off-289.demo.com,Chicago,IL,60601,USA
Jessica,Sanchez,Bridge Bancorp,Engineer,jessica.sanchez.2974@off-289.demo.com,Denver,CO,80202,USA
John,Clark,Bridge Bancorp,Consultant,john.clark.2975@off-289.demo.com,Miami,FL,33101,USA
Karen,Ramirez,Bridge Bancorp,Specialist,karen.ramirez.2976@off-289.demo.com,Portland,OR,97201,USA
Michael,Lewis,Bridge Bancorp,Coordinator,michael.lewis.2977@off-289.demo.com,Atlanta,GA,30301,USA
Nancy,Robinson,Bridge Bancorp,Analyst,nancy.robinson.2978@off-289.demo.com,Boston,MA,02101,USA
David,Smith,Bridge Bancorp,Manager,david.smith.2979@off-289.demo.com,Seattle,WA,98101,USA
Margaret,Johnson,Biodelivery Sciences International,Specialist,margaret.johnson.2980@off-290.demo.com,Austin,TX,78701,USA
Joseph,Williams,Biodelivery Sciences International,Coordinator,joseph.williams.2981@off-290.demo.com,Chicago,IL,60601,USA
Mary,Brown,Biodelivery Sciences International,Analyst,mary.brown.2982@off-290.demo.com,Denver,CO,80202,USA
Charles,Jones,Biodelivery Sciences International,Manager,charles.jones.2983@off-290.demo.com,Miami,FL,33101,USA
Jennifer,Garcia,Biodelivery Sciences International,Director,jennifer.garcia.2984@off-290.demo.com,Portland,OR,97201,USA
Daniel,Miller,Biodelivery Sciences International,VP,daniel.miller.2985@off-290.demo.com,Atlanta,GA,30301,USA
Elizabeth,Davis,Biodelivery Sciences International,Engineer,elizabeth.davis.2986@off-290.demo.com,Boston,MA,02101,USA
Anthony,Rodriguez,Biodelivery Sciences International,Consultant,anthony.rodriguez.2987@off-290.demo.com,Seattle,WA,98101,USA
Susan,Martinez,Biodelivery Sciences International,Specialist,susan.martinez.2988@off-290.demo.com,Austin,TX,78701,USA
James,Hernandez,Biodelivery Sciences International,Coordinator,james.hernandez.2989@off-290.demo.com,Chicago,IL,60601,USA
Sarah,Lopez,Cardionet,Coordinator,sarah.lopez.2990@off-291.demo.com,Denver,CO,80202,USA
Robert,Gonzalez,Cardionet,Analyst,robert.gonzalez.2991@off-291.demo.com,Miami,FL,33101,USA
Lisa,Wilson,Cardionet,Manager,lisa.wilson.2992@off-291.demo.com,Portland,OR,97201,USA
William,Anderson,Cardionet,Director,william.anderson.2993@off-291.demo.com,Atlanta,GA,30301,USA
Betty,Thomas,Cardionet,VP,betty.thomas.2994@off-291.demo.com,Boston,MA,02101,USA
Richard,Taylor,Cardionet,Engineer,richard.taylor.2995@off-291.demo.com,Seattle,WA,98101,USA
Sandra,Moore,Cardionet,Consultant,sandra.moore.2996@off-291.demo.com,Austin,TX,78701,USA
Thomas,Jackson,Cardionet,Specialist,thomas.jackson.2997@off-291.demo.com,Chicago,IL,60601,USA
Patricia,Martin,Cardionet,Coordinator,patricia.martin.2998@off-291.demo.com,Denver,CO,80202,USA
Christopher,Lee,Cardionet,Analyst,christopher.lee.2999@off-291.demo.com,Miami,FL,33101,USA
Linda,Perez,Bebe Stores,VP,linda.perez.3000@off-292.demo.com,Portland,OR,97201,USA
Matthew,Thompson,Bebe Stores,Engineer,matthew.thompson.3001@off-292.demo.com,Atlanta,GA,30301,USA
Barbara,White,Bebe Stores,Consultant,barbara.white.3002@off-292.demo.com,Boston,MA,02101,USA
Mark,Harris,Bebe Stores,Specialist,mark.harris.3003@off-292.demo.com,Seattle,WA,98101,USA
Jessica,Sanchez,Bebe Stores,Coordinator,jessica.sanchez.3004@off-292.demo.com,Austin,TX,78701,USA
John,Clark,Bebe Stores,Analyst,john.clark.3005@off-292.demo.com,Chicago,IL,60601,USA
Karen,Ramirez,Bebe Stores,Manager,karen.ramirez.3006@off-292.demo.com,Denver,CO,80202,USA
Michael,Lewis,Bebe Stores,Director,michael.lewis.3007@off-292.demo.com,Miami,FL,33101,USA
Nancy,Robinson,Bebe Stores,VP,nancy.robinson.3008@off-292.demo.com,Portland,OR,97201,USA
David,Smith,Bebe Stores,Engineer,david.smith.3009@off-292.demo.com,Atlanta,GA,30301,USA
Margaret,Johnson,Beacon Roofing Supply,Coordinator,margaret.johnson.3010@off-293.demo.com,Boston,MA,02101,USA
Joseph,Williams,Beacon Roofing Supply,Analyst,joseph.williams.3011@off-293.demo.com,Seattle,WA,98101,USA
Mary,Brown,Beacon Roofing Supply,Manager,mary.brown.3012@off-293.demo.com,Austin,TX,78701,USA
Charles,Jones,Beacon Roofing Supply,Director,charles.jones.3013@off-293.demo.com,Chicago,IL,60601,USA
Jennifer,Garcia,Beacon Roofing Supply,VP,jennifer.garcia.3014@off-293.demo.com,Denver,CO,80202,USA
Daniel,Miller,Beacon Roofing Supply,Engineer,daniel.miller.3015@off-293.demo.com,Miami,FL,33101,USA
Elizabeth,Davis,Beacon Roofing Supply,Consultant,elizabeth.davis.3016@off-293.demo.com,Portland,OR,97201,USA
Anthony,Rodriguez,Beacon Roofing Supply,Specialist,anthony.rodriguez.3017@off-293.demo.com,Atlanta,GA,30301,USA
Susan,Martinez,Beacon Roofing Supply,Coordinator,susan.martinez.3018@off-293.demo.com,Boston,MA,02101,USA
James,Hernandez,Beacon Roofing Supply,Analyst,james.hernandez.3019@off-293.demo.com,Seattle,WA,98101,USA
Sarah,Lopez,Belmond Ltd,Coordinator,sarah.lopez.3020@off-294.demo.com,Austin,TX,78701,USA
Robert,Gonzalez,Belmond Ltd,Analyst,robert.gonzalez.3021@off-294.demo.com,Chicago,IL,60601,USA
Lisa,Wilson,Belmond Ltd,Manager,lisa.wilson.3022@off-294.demo.com,Denver,CO,80202,USA
William,Anderson,Belmond Ltd,Director,william.anderson.3023@off-294.demo.com,Miami,FL,33101,USA
Betty,Thomas,Belmond Ltd,VP,betty.thomas.3024@off-294.demo.com,Portland,OR,97201,USA
Richard,Taylor,Belmond Ltd,Engineer,richard.taylor.3025@off-294.demo.com,Atlanta,GA,30301,USA
Sandra,Moore,Belmond Ltd,Consultant,sandra.moore.3026@off-294.demo.com,Boston,MA,02101,USA
Thomas,Jackson,Belmond Ltd,Specialist,thomas.jackson.3027@off-294.demo.com,Seattle,WA,98101,USA
Patricia,Martin,Belmond Ltd,Coordinator,patricia.martin.3028@off-294.demo.com,Austin,TX,78701,USA
Christopher,Lee,Belmond Ltd,Analyst,christopher.lee.3029@off-294.demo.com,Chicago,IL,60601,USA
Linda,Perez,Bel Fuse Inc,Director,linda.perez.3030@off-295.demo.com,Denver,CO,80202,USA
Matthew,Thompson,Bel Fuse Inc,VP,matthew.thompson.3031@off-295.demo.com,Miami,FL,33101,USA
Barbara,White,Bel Fuse Inc,Engineer,barbara.white.3032@off-295.demo.com,Portland,OR,97201,USA
Mark,Harris,Bel Fuse Inc,Consultant,mark.harris.3033@off-295.demo.com,Atlanta,GA,30301,USA
Jessica,Sanchez,Bel Fuse Inc,Specialist,jessica.sanchez.3034@off-295.demo.com,Boston,MA,02101,USA
John,Clark,Bel Fuse Inc,Coordinator,john.clark.3035@off-295.demo.com,Seattle,WA,98101,USA
Karen,Ramirez,Bel Fuse Inc,Analyst,karen.ramirez.3036@off-295.demo.com,Austin,TX,78701,USA
Michael,Lewis,Bel Fuse Inc,Manager,michael.lewis.3037@off-295.demo.com,Chicago,IL,60601,USA
Nancy,Robinson,Bel Fuse Inc,Director,nancy.robinson.3038@off-295.demo.com,Denver,CO,80202,USA
David,Smith,Bel Fuse Inc,VP,david.smith.3039@off-295.demo.com,Miami,FL,33101,USA
Margaret,Johnson,Berry Plastics Group Inc,Analyst,margaret.johnson.3040@off-296.demo.com,Portland,OR,97201,USA
Joseph,Williams,Berry Plastics Group Inc,Manager,joseph.williams.3041@off-296.demo.com,Atlanta,GA,30301,USA
Mary,Brown,Berry Plastics Group Inc,Director,mary.brown.3042@off-296.demo.com,Boston,MA,02101,USA
Charles,Jones,Berry Plastics Group Inc,VP,charles.jones.3043@off-296.demo.com,Seattle,WA,98101,USA
Jennifer,Garcia,Berry Plastics Group Inc,Engineer,jennifer.garcia.3044@off-296.demo.com,Austin,TX,78701,USA
Daniel,Miller,Berry Plastics Group Inc,Consultant,daniel.miller.3045@off-296.demo.com,Chicago,IL,60601,USA
Elizabeth,Davis,Berry Plastics Group Inc,Specialist,elizabeth.davis.3046@off-296.demo.com,Denver,CO,80202,USA
Anthony,Rodriguez,Berry Plastics Group Inc,Coordinator,anthony.rodriguez.3047@off-296.demo.com,Miami,FL,33101,USA
Susan,Martinez,Berry Plastics Group Inc,Analyst,susan.martinez.3048@off-296.demo.com,Portland,OR,97201,USA
James,Hernandez,Berry Plastics Group Inc,Manager,james.hernandez.3049@off-296.demo.com,Atlanta,GA,30301,USA
Sarah,Lopez,Bright Horizons Family Solutions Inc,Specialist,sarah.lopez.3050@off-297.demo.com,Boston,MA,02101,USA
Robert,Gonzalez,Bright Horizons Family Solutions Inc,Coordinator,robert.gonzalez.3051@off-297.demo.com,Seattle,WA,98101,USA
Lisa,Wilson,Bright Horizons Family Solutions Inc,Analyst,lisa.wilson.3052@off-297.demo.com,Austin,TX,78701,USA
William,Anderson,Bright Horizons Family Solutions Inc,Manager,william.anderson.3053@off-297.demo.com,Chicago,IL,60601,USA
Betty,Thomas,Bright Horizons Family Solutions Inc,Director,betty.thomas.3054@off-297.demo.com,Denver,CO,80202,USA
Richard,Taylor,Bright Horizons Family Solutions Inc,VP,richard.taylor.3055@off-297.demo.com,Miami,FL,33101,USA
Sandra,Moore,Bright Horizons Family Solutions Inc,Engineer,sandra.moore.3056@off-297.demo.com,Portland,OR,97201,USA
Thomas,Jackson,Bright Horizons Family Solutions Inc,Consultant,thomas.jackson.3057@off-297.demo.com,Atlanta,GA,30301,USA
Patricia,Martin,Bright Horizons Family Solutions Inc,Specialist,patricia.martin.3058@off-297.demo.com,Boston,MA,02101,USA
Christopher,Lee,Bright Horizons Family Solutions Inc,Coordinator,christopher.lee.3059@off-297.demo.com,Seattle,WA,98101,USA
Linda,Perez,Bankfinancial Corp,Specialist,linda.perez.3060@off-298.demo.com,Austin,TX,78701,USA
Matthew,Thompson,Bankfinancial Corp,Coordinator,matthew.thompson.3061@off-298.demo.com,Chicago,IL,60601,USA
Barbara,White,Bankfinancial Corp,Analyst,barbara.white.3062@off-298.demo.com,Denver,CO,80202,USA
Mark,Harris,Bankfinancial Corp,Manager,mark.harris.3063@off-298.demo.com,Miami,FL,33101,USA
Jessica,Sanchez,Bankfinancial Corp,Director,jessica.sanchez.3064@off-298.demo.com,Portland,OR,97201,USA
John,Clark,Bankfinancial Corp,VP,john.clark.3065@off-298.demo.com,Atlanta,GA,30301,USA
Karen,Ramirez,Bankfinancial Corp,Engineer,karen.ramirez.3066@off-298.demo.com,Boston,MA,02101,USA
Michael,Lewis,Bankfinancial Corp,Consultant,michael.lewis.3067@off-298.demo.com,Seattle,WA,98101,USA
Nancy,Robinson,Bankfinancial Corp,Specialist,nancy.robinson.3068@off-298.demo.com,Austin,TX,78701,USA
David,Smith,Bankfinancial Corp,Coordinator,david.smith.3069@off-298.demo.com,Chicago,IL,60601,USA
Margaret,Johnson,Saul Centers,Director,margaret.johnson.3070@off-299.demo.com,Denver,CO,80202,USA
Joseph,Williams,Saul Centers,VP,joseph.williams.3071@off-299.demo.com,Miami,FL,33101,USA
Mary,Brown,Saul Centers,Engineer,mary.brown.3072@off-299.demo.com,Portland,OR,97201,USA
Charles,Jones,Saul Centers,Consultant,charles.jones.3073@off-299.demo.com,Atlanta,GA,30301,USA
Jennifer,Garcia,Saul Centers,Specialist,jennifer.garcia.3074@off-299.demo.com,Boston,MA,02101,USA
Daniel,Miller,Saul Centers,Coordinator,daniel.miller.3075@off-299.demo.com,Seattle,WA,98101,USA
Elizabeth,Davis,Saul Centers,Analyst,elizabeth.davis.3076@off-299.demo.com,Austin,TX,78701,USA
Anthony,Rodriguez,Saul Centers,Manager,anthony.rodriguez.3077@off-299.demo.com,Chicago,IL,60601,USA
Susan,Martinez,Saul Centers,Director,susan.martinez.3078@off-299.demo.com,Denver,CO,80202,USA
James,Hernandez,Saul Centers,VP,james.hernandez.3079@off-299.demo.com,Miami,FL,33101,USA
Sarah,Lopez,General Cable Corp,Director,sarah.lopez.3080@off-300.demo.com,Portland,OR,97201,USA
Robert,Gonzalez,General Cable Corp,VP,robert.gonzalez.3081@off-300.demo.com,Atlanta,GA,30301,USA
Lisa,Wilson,General Cable Corp,Engineer,lisa.wilson.3082@off-300.demo.com,Boston,MA,02101,USA
William,Anderson,General Cable Corp,Consultant,william.anderson.3083@off-300.demo.com,Seattle,WA,98101,USA
Betty,Thomas,General Cable Corp,Specialist,betty.thomas.3084@off-300.demo.com,Austin,TX,78701,USA
Richard,Taylor,General Cable Corp,Coordinator,richard.taylor.3085@off-300.demo.com,Chicago,IL,60601,USA
Sandra,Moore,General Cable Corp,Analyst,sandra.moore.3086@off-300.demo.com,Denver,CO,80202,USA
Thomas,Jackson,General Cable Corp,Manager,thomas.jackson.3087@off-300.demo.com,Miami,FL,33101,USA
Patricia,Martin,General Cable Corp,Director,patricia.martin.3088@off-300.demo.com,Portland,OR,97201,USA
Christopher,Lee,General Cable Corp,VP,christopher.lee.3089@off-300.demo.com,Atlanta,GA,30301,USA
Linda,Perez,Bgc Partners,Specialist,linda.perez.3090@off-301.demo.com,Boston,MA,02101,USA
Matthew,Thompson,Bgc Partners,Coordinator,matthew.thompson.3091@off-301.demo.com,Seattle,WA,98101,USA
Barbara,White,Bgc Partners,Analyst,barbara.white.3092@off-301.demo.com,Austin,TX,78701,USA
Mark,Harris,Bgc Partners,Manager,mark.harris.3093@off-301.demo.com,Chicago,IL,60601,USA
Jessica,Sanchez,Bgc Partners,Director,jessica.sanchez.3094@off-301.demo.com,Denver,CO,80202,USA
John,Clark,Bgc Partners,VP,john.clark.3095@off-301.demo.com,Miami,FL,33101,USA
Karen,Ramirez,Bgc Partners,Engineer,karen.ramirez.3096@off-301.demo.com,Portland,OR,97201,USA
Michael,Lewis,Bgc Partners,Consultant,michael.lewis.3097@off-301.demo.com,Atlanta,GA,30301,USA
Nancy,Robinson,Bgc Partners,Specialist,nancy.robinson.3098@off-301.demo.com,Boston,MA,02101,USA
David,Smith,Bgc Partners,Coordinator,david.smith.3099@off-301.demo.com,Seattle,WA,98101,USA
Margaret,Johnson,Big 5 Sporting Goods Corp,Consultant,margaret.johnson.3100@off-302.demo.com,Austin,TX,78701,USA
Joseph,Williams,Big 5 Sporting Goods Corp,Specialist,joseph.williams.3101@off-302.demo.com,Chicago,IL,60601,USA
Mary,Brown,Big 5 Sporting Goods Corp,Coordinator,mary.brown.3102@off-302.demo.com,Denver,CO,80202,USA
Charles,Jones,Big 5 Sporting Goods Corp,Analyst,charles.jones.3103@off-302.demo.com,Miami,FL,33101,USA
Jennifer,Garcia,Big 5 Sporting Goods Corp,Manager,jennifer.garcia.3104@off-302.demo.com,Portland,OR,97201,USA
Daniel,Miller,Big 5 Sporting Goods Corp,Director,daniel.miller.3105@off-302.demo.com,Atlanta,GA,30301,USA
Elizabeth,Davis,Big 5 Sporting Goods Corp,VP,elizabeth.davis.3106@off-302.demo.com,Boston,MA,02101,USA
Anthony,Rodriguez,Big 5 Sporting Goods Corp,Engineer,anthony.rodriguez.3107@off-302.demo.com,Seattle,WA,98101,USA
Susan,Martinez,Big 5 Sporting Goods Corp,Consultant,susan.martinez.3108@off-302.demo.com,Austin,TX,78701,USA
James,Hernandez,Big 5 Sporting Goods Corp,Specialist,james.hernandez.3109@off-302.demo.com,Chicago,IL,60601,USA
Sarah,Lopez,Briggs & Stratton Corp,Engineer,sarah.lopez.3110@off-303.demo.com,Denver,CO,80202,USA
Robert,Gonzalez,Briggs & Stratton Corp,Consultant,robert.gonzalez.3111@off-303.demo.com,Miami,FL,33101,USA
Lisa,Wilson,Briggs & Stratton Corp,Specialist,lisa.wilson.3112@off-303.demo.com,Portland,OR,97201,USA
William,Anderson,Briggs & Stratton Corp,Coordinator,william.anderson.3113@off-303.demo.com,Atlanta,GA,30301,USA
Betty,Thomas,Briggs & Stratton Corp,Analyst,betty.thomas.3114@off-303.demo.com,Boston,MA,02101,USA
Richard,Taylor,Briggs & Stratton Corp,Manager,richard.taylor.3115@off-303.demo.com,Seattle,WA,98101,USA
Sandra,Moore,Briggs & Stratton Corp,Director,sandra.moore.3116@off-303.demo.com,Austin,TX,78701,USA
Thomas,Jackson,Briggs & Stratton Corp,VP,thomas.jackson.3117@off-303.demo.com,Chicago,IL,60601,USA
Patricia,Martin,Briggs & Stratton Corp,Engineer,patricia.martin.3118@off-303.demo.com,Denver,CO,80202,USA
Christopher,Lee,Briggs & Stratton Corp,Consultant,christopher.lee.3119@off-303.demo.com,Miami,FL,33101,USA
Linda,Perez,B&G Foods Holdings,Director,linda.perez.3120@off-304.demo.com,Portland,OR,97201,USA
Matthew,Thompson,B&G Foods Holdings,VP,matthew.thompson.3121@off-304.demo.com,Atlanta,GA,30301,USA
Barbara,White,B&G Foods Holdings,Engineer,barbara.white.3122@off-304.demo.com,Boston,MA,02101,USA
Mark,Harris,B&G Foods Holdings,Consultant,mark.harris.3123@off-304.demo.com,Seattle,WA,98101,USA
Jessica,Sanchez,B&G Foods Holdings,Specialist,jessica.sanchez.3124@off-304.demo.com,Austin,TX,78701,USA
John,Clark,B&G Foods Holdings,Coordinator,john.clark.3125@off-304.demo.com,Chicago,IL,60601,USA
Karen,Ramirez,B&G Foods Holdings,Analyst,karen.ramirez.3126@off-304.demo.com,Denver,CO,80202,USA
Michael,Lewis,B&G Foods Holdings,Manager,michael.lewis.3127@off-304.demo.com,Miami,FL,33101,USA
Nancy,Robinson,B&G Foods Holdings,Director,nancy.robinson.3128@off-304.demo.com,Portland,OR,97201,USA
David,Smith,B&G Foods Holdings,VP,david.smith.3129@off-304.demo.com,Atlanta,GA,30301,USA
Margaret,Johnson,Biglari Holdings Inc,Specialist,margaret.johnson.3130@off-305.demo.com,Boston,MA,02101,USA
Joseph,Williams,Biglari Holdings Inc,Coordinator,joseph.williams.3131@off-305.demo.com,Seattle,WA,98101,USA
Mary,Brown,Biglari Holdings Inc,Analyst,mary.brown.3132@off-305.demo.com,Austin,TX,78701,USA
Charles,Jones,Biglari Holdings Inc,Manager,charles.jones.3133@off-305.demo.com,Chicago,IL,60601,USA
Jennifer,Garcia,Biglari Holdings Inc,Director,jennifer.garcia.3134@off-305.demo.com,Denver,CO,80202,USA
Daniel,Miller,Biglari Holdings Inc,VP,daniel.miller.3135@off-305.demo.com,Miami,FL,33101,USA
Elizabeth,Davis,Biglari Holdings Inc,Engineer,elizabeth.davis.3136@off-305.demo.com,Portland,OR,97201,USA
Anthony,Rodriguez,Biglari Holdings Inc,Consultant,anthony.rodriguez.3137@off-305.demo.com,Atlanta,GA,30301,USA
Susan,Martinez,Biglari Holdings Inc,Specialist,susan.martinez.3138@off-305.demo.com,Boston,MA,02101,USA
James,Hernandez,Biglari Holdings Inc,Coordinator,james.hernandez.3139@off-305.demo.com,Seattle,WA,98101,USA
Sarah,Lopez,Bar Harbor Bankshares,Manager,sarah.lopez.3140@off-306.demo.com,Austin,TX,78701,USA
Robert,Gonzalez,Bar Harbor Bankshares,Director,robert.gonzalez.3141@off-306.demo.com,Chicago,IL,60601,USA
Lisa,Wilson,Bar Harbor Bankshares,VP,lisa.wilson.3142@off-306.demo.com,Denver,CO,80202,USA
William,Anderson,Bar Harbor Bankshares,Engineer,william.anderson.3143@off-306.demo.com,Miami,FL,33101,USA
Betty,Thomas,Bar Harbor Bankshares,Consultant,betty.thomas.3144@off-306.demo.com,Portland,OR,97201,USA
Richard,Taylor,Bar Harbor Bankshares,Specialist,richard.taylor.3145@off-306.demo.com,Atlanta,GA,30301,USA
Sandra,Moore,Bar Harbor Bankshares,Coordinator,sandra.moore.3146@off-306.demo.com,Boston,MA,02101,USA
Thomas,Jackson,Bar Harbor Bankshares,Analyst,thomas.jackson.3147@off-306.demo.com,Seattle,WA,98101,USA
Patricia,Martin,Bar Harbor Bankshares,Manager,patricia.martin.3148@off-306.demo.com,Austin,TX,78701,USA
Christopher,Lee,Bar Harbor Bankshares,Director,christopher.lee.3149@off-306.demo.com,Chicago,IL,60601,USA
Linda,Perez,Blue Hills Bancorp Inc,Engineer,linda.perez.3150@off-307.demo.com,Denver,CO,80202,USA
Matthew,Thompson,Blue Hills Bancorp Inc,Consultant,matthew.thompson.3151@off-307.demo.com,Miami,FL,33101,USA
Barbara,White,Blue Hills Bancorp Inc,Specialist,barbara.white.3152@off-307.demo.com,Portland,OR,97201,USA
Mark,Harris,Blue Hills Bancorp Inc,Coordinator,mark.harris.3153@off-307.demo.com,Atlanta,GA,30301,USA
Jessica,Sanchez,Blue Hills Bancorp Inc,Analyst,jessica.sanchez.3154@off-307.demo.com,Boston,MA,02101,USA
John,Clark,Blue Hills Bancorp Inc,Manager,john.clark.3155@off-307.demo.com,Seattle,WA,98101,USA
Karen,Ramirez,Blue Hills Bancorp Inc,Director,karen.ramirez.3156@off-307.demo.com,Austin,TX,78701,USA
Michael,Lewis,Blue Hills Bancorp Inc,VP,michael.lewis.3157@off-307.demo.com,Chicago,IL,60601,USA
Nancy,Robinson,Blue Hills Bancorp Inc,Engineer,nancy.robinson.3158@off-307.demo.com,Denver,CO,80202,USA
David,Smith,Blue Hills Bancorp Inc,Consultant,david.smith.3159@off-307.demo.com,Miami,FL,33101,USA
Margaret,Johnson,Benchmark Electronics,Consultant,margaret.johnson.3160@off-308.demo.com,Portland,OR,97201,USA
Joseph,Williams,Benchmark Electronics,Specialist,joseph.williams.3161@off-308.demo.com,Atlanta,GA,30301,USA
Mary,Brown,Benchmark Electronics,Coordinator,mary.brown.3162@off-308.demo.com,Boston,MA,02101,USA
Charles,Jones,Benchmark Electronics,Analyst,charles.jones.3163@off-308.demo.com,Seattle,WA,98101,USA
Jennifer,Garcia,Benchmark Electronics,Manager,jennifer.garcia.3164@off-308.demo.com,Austin,TX,78701,USA
Daniel,Miller,Benchmark Electronics,Director,daniel.miller.3165@off-308.demo.com,Chicago,IL,60601,USA
Elizabeth,Davis,Benchmark Electronics,VP,elizabeth.davis.3166@off-308.demo.com,Denver,CO,80202,USA
Anthony,Rodriguez,Benchmark Electronics,Engineer,anthony.rodriguez.3167@off-308.demo.com,Miami,FL,33101,USA
Susan,Martinez,Benchmark Electronics,Consultant,susan.martinez.3168@off-308.demo.com,Portland,OR,97201,USA
James,Hernandez,Benchmark Electronics,Specialist,james.hernandez.3169@off-308.demo.com,Atlanta,GA,30301,USA
Sarah,Lopez,Berkshire Hills Bancorp,Manager,sarah.lopez.3170@off-309.demo.com,Boston,MA,02101,USA
Robert,Gonzalez,Berkshire Hills Bancorp,Director,robert.gonzalez.3171@off-309.demo.com,Seattle,WA,98101,USA
Lisa,Wilson,Berkshire Hills Bancorp,VP,lisa.wilson.3172@off-309.demo.com,Austin,TX,78701,USA
William,Anderson,Berkshire Hills Bancorp,Engineer,william.anderson.3173@off-309.demo.com,Chicago,IL,60601,USA
Betty,Thomas,Berkshire Hills Bancorp,Consultant,betty.thomas.3174@off-309.demo.com,Denver,CO,80202,USA
Richard,Taylor,Berkshire Hills Bancorp,Specialist,richard.taylor.3175@off-309.demo.com,Miami,FL,33101,USA
Sandra,Moore,Berkshire Hills Bancorp,Coordinator,sandra.moore.3176@off-309.demo.com,Portland,OR,97201,USA
Thomas,Jackson,Berkshire Hills Bancorp,Analyst,thomas.jackson.3177@off-309.demo.com,Atlanta,GA,30301,USA
Patricia,Martin,Berkshire Hills Bancorp,Manager,patricia.martin.3178@off-309.demo.com,Boston,MA,02101,USA
Christopher,Lee,Berkshire Hills Bancorp,Director,christopher.lee.3179@off-309.demo.com,Seattle,WA,98101,USA
Linda,Perez,Sotheby's Holdings,Specialist,linda.perez.3180@off-310.demo.com,Austin,TX,78701,USA
Matthew,Thompson,Sotheby's Holdings,Coordinator,matthew.thompson.3181@off-310.demo.com,Chicago,IL,60601,USA
Barbara,White,Sotheby's Holdings,Analyst,barbara.white.3182@off-310.demo.com,Denver,CO,80202,USA
Mark,Harris,Sotheby's Holdings,Manager,mark.harris.3183@off-310.demo.com,Miami,FL,33101,USA
Jessica,Sanchez,Sotheby's Holdings,Director,jessica.sanchez.3184@off-310.demo.com,Portland,OR,97201,USA
John,Clark,Sotheby's Holdings,VP,john.clark.3185@off-310.demo.com,Atlanta,GA,30301,USA
Karen,Ramirez,Sotheby's Holdings,Engineer,karen.ramirez.3186@off-310.demo.com,Boston,MA,02101,USA
Michael,Lewis,Sotheby's Holdings,Consultant,michael.lewis.3187@off-310.demo.com,Seattle,WA,98101,USA
Nancy,Robinson,Sotheby's Holdings,Specialist,nancy.robinson.3188@off-310.demo.com,Austin,TX,78701,USA
David,Smith,Sotheby's Holdings,Coordinator,david.smith.3189@off-310.demo.com,Chicago,IL,60601,USA
Margaret,Johnson,Big Lots,Specialist,margaret.johnson.3190@off-311.demo.com,Denver,CO,80202,USA
Joseph,Williams,Big Lots,Coordinator,joseph.williams.3191@off-311.demo.com,Miami,FL,33101,USA
Mary,Brown,Big Lots,Analyst,mary.brown.3192@off-311.demo.com,Portland,OR,97201,USA
Charles,Jones,Big Lots,Manager,charles.jones.3193@off-311.demo.com,Atlanta,GA,30301,USA
Jennifer,Garcia,Big Lots,Director,jennifer.garcia.3194@off-311.demo.com,Boston,MA,02101,USA
Daniel,Miller,Big Lots,VP,daniel.miller.3195@off-311.demo.com,Seattle,WA,98101,USA
Elizabeth,Davis,Big Lots,Engineer,elizabeth.davis.3196@off-311.demo.com,Austin,TX,78701,USA
Anthony,Rodriguez,Big Lots,Consultant,anthony.rodriguez.3197@off-311.demo.com,Chicago,IL,60601,USA
Susan,Martinez,Big Lots,Specialist,susan.martinez.3198@off-311.demo.com,Denver,CO,80202,USA
James,Hernandez,Big Lots,Coordinator,james.hernandez.3199@off-311.demo.com,Miami,FL,33101,USA
Sarah,Lopez,Bioscrip Inc,Engineer,sarah.lopez.3200@off-312.demo.com,Portland,OR,97201,USA
Robert,Gonzalez,Bioscrip Inc,Consultant,robert.gonzalez.3201@off-312.demo.com,Atlanta,GA,30301,USA
Lisa,Wilson,Bioscrip Inc,Specialist,lisa.wilson.3202@off-312.demo.com,Boston,MA,02101,USA
William,Anderson,Bioscrip Inc,Coordinator,william.anderson.3203@off-312.demo.com,Seattle,WA,98101,USA
Betty,Thomas,Bioscrip Inc,Analyst,betty.thomas.3204@off-312.demo.com,Austin,TX,78701,USA
Richard,Taylor,Bioscrip Inc,Manager,richard.taylor.3205@off-312.demo.com,Chicago,IL,60601,USA
Sandra,Moore,Bioscrip Inc,Director,sandra.moore.3206@off-312.demo.com,Denver,CO,80202,USA
Thomas,Jackson,Bioscrip Inc,VP,thomas.jackson.3207@off-312.demo.com,Miami,FL,33101,USA
Patricia,Martin,Bioscrip Inc,Engineer,patricia.martin.3208@off-312.demo.com,Portland,OR,97201,USA
Christopher,Lee,Bioscrip Inc,Consultant,christopher.lee.3209@off-312.demo.com,Atlanta,GA,30301,USA
Linda,Perez,Bj's Restaurants,Director,linda.perez.3210@off-313.demo.com,Boston,MA,02101,USA
Matthew,Thompson,Bj's Restaurants,VP,matthew.thompson.3211@off-313.demo.com,Seattle,WA,98101,USA
Barbara,White,Bj's Restaurants,Engineer,barbara.white.3212@off-313.demo.com,Austin,TX,78701,USA
Mark,Harris,Bj's Restaurants,Consultant,mark.harris.3213@off-313.demo.com,Chicago,IL,60601,USA
Jessica,Sanchez,Bj's Restaurants,Specialist,jessica.sanchez.3214@off-313.demo.com,Denver,CO,80202,USA
John,Clark,Bj's Restaurants,Coordinator,john.clark.3215@off-313.demo.com,Miami,FL,33101,USA
Karen,Ramirez,Bj's Restaurants,Analyst,karen.ramirez.3216@off-313.demo.com,Portland,OR,97201,USA
Michael,Lewis,Bj's Restaurants,Manager,michael.lewis.3217@off-313.demo.com,Atlanta,GA,30301,USA
Nancy,Robinson,Bj's Restaurants,Director,nancy.robinson.3218@off-313.demo.com,Boston,MA,02101,USA
David,Smith,Bj's Restaurants,VP,david.smith.3219@off-313.demo.com,Seattle,WA,98101,USA
Margaret,Johnson,Buckle Inc,Specialist,margaret.johnson.3220@off-314.demo.com,Austin,TX,78701,USA
Joseph,Williams,Buckle Inc,Coordinator,joseph.williams.3221@off-314.demo.com,Chicago,IL,60601,USA
Mary,Brown,Buckle Inc,Analyst,mary.brown.3222@off-314.demo.com,Denver,CO,80202,USA
Charles,Jones,Buckle Inc,Manager,charles.jones.3223@off-314.demo.com,Miami,FL,33101,USA
Jennifer,Garcia,Buckle Inc,Director,jennifer.garcia.3224@off-314.demo.com,Portland,OR,97201,USA
Daniel,Miller,Buckle Inc,VP,daniel.miller.3225@off-314.demo.com,Atlanta,GA,30301,USA
Elizabeth,Davis,Buckle Inc,Engineer,elizabeth.davis.3226@off-314.demo.com,Boston,MA,02101,USA
Anthony,Rodriguez,Buckle Inc,Consultant,anthony.rodriguez.3227@off-314.demo.com,Seattle,WA,98101,USA
Susan,Martinez,Buckle Inc,Specialist,susan.martinez.3228@off-314.demo.com,Austin,TX,78701,USA
James,Hernandez,Buckle Inc,Coordinator,james.hernandez.3229@off-314.demo.com,Chicago,IL,60601,USA
Sarah,Lopez,Black Hills Corp,Specialist,sarah.lopez.3230@off-315.demo.com,Denver,CO,80202,USA
Robert,Gonzalez,Black Hills Corp,Coordinator,robert.gonzalez.3231@off-315.demo.com,Miami,FL,33101,USA
Lisa,Wilson,Black Hills Corp,Analyst,lisa.wilson.3232@off-315.demo.com,Portland,OR,97201,USA
William,Anderson,Black Hills Corp,Manager,william.anderson.3233@off-315.demo.com,Atlanta,GA,30301,USA
Betty,Thomas,Black Hills Corp,Director,betty.thomas.3234@off-315.demo.com,Boston,MA,02101,USA
Richard,Taylor,Black Hills Corp,VP,richard.taylor.3235@off-315.demo.com,Seattle,WA,98101,USA
Sandra,Moore,Black Hills Corp,Engineer,sandra.moore.3236@off-315.demo.com,Austin,TX,78701,USA
Thomas,Jackson,Black Hills Corp,Consultant,thomas.jackson.3237@off-315.demo.com,Chicago,IL,60601,USA
Patricia,Martin,Black Hills Corp,Specialist,patricia.martin.3238@off-315.demo.com,Denver,CO,80202,USA
Christopher,Lee,Black Hills Corp,Coordinator,christopher.lee.3239@off-315.demo.com,Miami,FL,33101,USA
Linda,Perez,Bank Mutual Corp,Analyst,linda.perez.3240@off-316.demo.com,Portland,OR,97201,USA
Matthew,Thompson,Bank Mutual Corp,Manager,matthew.thompson.3241@off-316.demo.com,Atlanta,GA,30301,USA
Barbara,White,Bank Mutual Corp,Director,barbara.white.3242@off-316.demo.com,Boston,MA,02101,USA
Mark,Harris,Bank Mutual Corp,VP,mark.harris.3243@off-316.demo.com,Seattle,WA,98101,USA
Jessica,Sanchez,Bank Mutual Corp,Engineer,jessica.sanchez.3244@off-316.demo.com,Austin,TX,78701,USA
John,Clark,Bank Mutual Corp,Consultant,john.clark.3245@off-316.demo.com,Chicago,IL,60601,USA
Karen,Ramirez,Bank Mutual Corp,Specialist,karen.ramirez.3246@off-316.demo.com,Denver,CO,80202,USA
Michael,Lewis,Bank Mutual Corp,Coordinator,michael.lewis.3247@off-316.demo.com,Miami,FL,33101,USA
Nancy,Robinson,Bank Mutual Corp,Analyst,nancy.robinson.3248@off-316.demo.com,Portland,OR,97201,USA
David,Smith,Bank Mutual Corp,Manager,david.smith.3249@off-316.demo.com,Atlanta,GA,30301,USA
Margaret,Johnson,Barnes & Noble,Analyst,margaret.johnson.3250@off-317.demo.com,Boston,MA,02101,USA
Joseph,Williams,Barnes & Noble,Manager,joseph.williams.3251@off-317.demo.com,Seattle,WA,98101,USA
Mary,Brown,Barnes & Noble,Director,mary.brown.3252@off-317.demo.com,Austin,TX,78701,USA
Charles,Jones,Barnes & Noble,VP,charles.jones.3253@off-317.demo.com,Chicago,IL,60601,USA
Jennifer,Garcia,Barnes & Noble,Engineer,jennifer.garcia.3254@off-317.demo.com,Denver,CO,80202,USA
Daniel,Miller,Barnes & Noble,Consultant,daniel.miller.3255@off-317.demo.com,Miami,FL,33101,USA
Elizabeth,Davis,Barnes & Noble,Specialist,elizabeth.davis.3256@off-317.demo.com,Portland,OR,97201,USA
Anthony,Rodriguez,Barnes & Noble,Coordinator,anthony.rodriguez.3257@off-317.demo.com,Atlanta,GA,30301,USA
Susan,Martinez,Barnes & Noble,Analyst,susan.martinez.3258@off-317.demo.com,Boston,MA,02101,USA
James,Hernandez,Barnes & Noble,Manager,james.hernandez.3259@off-317.demo.com,Seattle,WA,98101,USA
Sarah,Lopez,Blue Bird Corp,Director,sarah.lopez.3260@off-318.demo.com,Austin,TX,78701,USA
Robert,Gonzalez,Blue Bird Corp,VP,robert.gonzalez.3261@off-318.demo.com,Chicago,IL,60601,USA
Lisa,Wilson,Blue Bird Corp,Engineer,lisa.wilson.3262@off-318.demo.com,Denver,CO,80202,USA
William,Anderson,Blue Bird Corp,Consultant,william.anderson.3263@off-318.demo.com,Miami,FL,33101,USA
Betty,Thomas,Blue Bird Corp,Specialist,betty.thomas.3264@off-318.demo.com,Portland,OR,97201,USA
Richard,Taylor,Blue Bird Corp,Coordinator,richard.taylor.3265@off-318.demo.com,Atlanta,GA,30301,USA
Sandra,Moore,Blue Bird Corp,Analyst,sandra.moore.3266@off-318.demo.com,Boston,MA,02101,USA
Thomas,Jackson,Blue Bird Corp,Manager,thomas.jackson.3267@off-318.demo.com,Seattle,WA,98101,USA
Patricia,Martin,Blue Bird Corp,Director,patricia.martin.3268@off-318.demo.com,Austin,TX,78701,USA
Christopher,Lee,Blue Bird Corp,VP,christopher.lee.3269@off-318.demo.com,Chicago,IL,60601,USA
Linda,Perez,Bellicum Pharmaceuticals Inc,Director,linda.perez.3270@off-319.demo.com,Denver,CO,80202,USA
Matthew,Thompson,Bellicum Pharmaceuticals Inc,VP,matthew.thompson.3271@off-319.demo.com,Miami,FL,33101,USA
Barbara,White,Bellicum Pharmaceuticals Inc,Engineer,barbara.white.3272@off-319.demo.com,Portland,OR,97201,USA
Mark,Harris,Bellicum Pharmaceuticals Inc,Consultant,mark.harris.3273@off-319.demo.com,Atlanta,GA,30301,USA
Jessica,Sanchez,Bellicum Pharmaceuticals Inc,Specialist,jessica.sanchez.3274@off-319.demo.com,Boston,MA,02101,USA
John,Clark,Bellicum Pharmaceuticals Inc,Coordinator,john.clark.3275@off-319.demo.com,Seattle,WA,98101,USA
Karen,Ramirez,Bellicum Pharmaceuticals Inc,Analyst,karen.ramirez.3276@off-319.demo.com,Austin,TX,78701,USA
Michael,Lewis,Bellicum Pharmaceuticals Inc,Manager,michael.lewis.3277@off-319.demo.com,Chicago,IL,60601,USA
Nancy,Robinson,Bellicum Pharmaceuticals Inc,Director,nancy.robinson.3278@off-319.demo.com,Denver,CO,80202,USA
David,Smith,Bellicum Pharmaceuticals Inc,VP,david.smith.3279@off-319.demo.com,Miami,FL,33101,USA
Margaret,Johnson,Blackbaud Inc,Consultant,margaret.johnson.3280@off-320.demo.com,Portland,OR,97201,USA
Joseph,Williams,Blackbaud Inc,Specialist,joseph.williams.3281@off-320.demo.com,Atlanta,GA,30301,USA
Mary,Brown,Blackbaud Inc,Coordinator,mary.brown.3282@off-320.demo.com,Boston,MA,02101,USA
Charles,Jones,Blackbaud Inc,Analyst,charles.jones.3283@off-320.demo.com,Seattle,WA,98101,USA
Jennifer,Garcia,Blackbaud Inc,Manager,jennifer.garcia.3284@off-320.demo.com,Austin,TX,78701,USA
Daniel,Miller,Blackbaud Inc,Director,daniel.miller.3285@off-320.demo.com,Chicago,IL,60601,USA
Elizabeth,Davis,Blackbaud Inc,VP,elizabeth.davis.3286@off-320.demo.com,Denver,CO,80202,USA
Anthony,Rodriguez,Blackbaud Inc,Engineer,anthony.rodriguez.3287@off-320.demo.com,Miami,FL,33101,USA
Susan,Martinez,Blackbaud Inc,Consultant,susan.martinez.3288@off-320.demo.com,Portland,OR,97201,USA
James,Hernandez,Blackbaud Inc,Specialist,james.hernandez.3289@off-320.demo.com,Atlanta,GA,30301,USA
Sarah,Lopez,Bloomin' Brands Inc,Consultant,sarah.lopez.3290@off-321.demo.com,Boston,MA,02101,USA
Robert,Gonzalez,Bloomin' Brands Inc,Specialist,robert.gonzalez.3291@off-321.demo.com,Seattle,WA,98101,USA
Lisa,Wilson,Bloomin' Brands Inc,Coordinator,lisa.wilson.3292@off-321.demo.com,Austin,TX,78701,USA
William,Anderson,Bloomin' Brands Inc,Analyst,william.anderson.3293@off-321.demo.com,Chicago,IL,60601,USA
Betty,Thomas,Bloomin' Brands Inc,Manager,betty.thomas.3294@off-321.demo.com,Denver,CO,80202,USA
Richard,Taylor,Bloomin' Brands Inc,Director,richard.taylor.3295@off-321.demo.com,Miami,FL,33101,USA
Sandra,Moore,Bloomin' Brands Inc,VP,sandra.moore.3296@off-321.demo.com,Portland,OR,97201,USA
Thomas,Jackson,Bloomin' Brands Inc,Engineer,thomas.jackson.3297@off-321.demo.com,Atlanta,GA,30301,USA
Patricia,Martin,Bloomin' Brands Inc,Consultant,patricia.martin.3298@off-321.demo.com,Boston,MA,02101,USA
Christopher,Lee,Bloomin' Brands Inc,Specialist,christopher.lee.3299@off-321.demo.com,Seattle,WA,98101,USA
Linda,Perez,Bsb Bancorp Inc,VP,linda.perez.3300@off-322.demo.com,Austin,TX,78701,USA
Matthew,Thompson,Bsb Bancorp Inc,Engineer,matthew.thompson.3301@off-322.demo.com,Chicago,IL,60601,USA
Barbara,White,Bsb Bancorp Inc,Consultant,barbara.white.3302@off-322.demo.com,Denver,CO,80202,USA
Mark,Harris,Bsb Bancorp Inc,Specialist,mark.harris.3303@off-322.demo.com,Miami,FL,33101,USA
Jessica,Sanchez,Bsb Bancorp Inc,Coordinator,jessica.sanchez.3304@off-322.demo.com,Portland,OR,97201,USA
John,Clark,Bsb Bancorp Inc,Analyst,john.clark.3305@off-322.demo.com,Atlanta,GA,30301,USA
Karen,Ramirez,Bsb Bancorp Inc,Manager,karen.ramirez.3306@off-322.demo.com,Boston,MA,02101,USA
Michael,Lewis,Bsb Bancorp Inc,Director,michael.lewis.3307@off-322.demo.com,Seattle,WA,98101,USA
Nancy,Robinson,Bsb Bancorp Inc,VP,nancy.robinson.3308@off-322.demo.com,Austin,TX,78701,USA
David,Smith,Bsb Bancorp Inc,Engineer,david.smith.3309@off-322.demo.com,Chicago,IL,60601,USA
Margaret,Johnson,Infoblox Inc,Director,margaret.johnson.3310@off-323.demo.com,Denver,CO,80202,USA
Joseph,Williams,Infoblox Inc,VP,joseph.williams.3311@off-323.demo.com,Miami,FL,33101,USA
Mary,Brown,Infoblox Inc,Engineer,mary.brown.3312@off-323.demo.com,Portland,OR,97201,USA
Charles,Jones,Infoblox Inc,Consultant,charles.jones.3313@off-323.demo.com,Atlanta,GA,30301,USA
Jennifer,Garcia,Infoblox Inc,Specialist,jennifer.garcia.3314@off-323.demo.com,Boston,MA,02101,USA
Daniel,Miller,Infoblox Inc,Coordinator,daniel.miller.3315@off-323.demo.com,Seattle,WA,98101,USA
Elizabeth,Davis,Infoblox Inc,Analyst,elizabeth.davis.3316@off-323.demo.com,Austin,TX,78701,USA
Anthony,Rodriguez,Infoblox Inc,Manager,anthony.rodriguez.3317@off-323.demo.com,Chicago,IL,60601,USA
Susan,Martinez,Infoblox Inc,Director,susan.martinez.3318@off-323.demo.com,Denver,CO,80202,USA
James,Hernandez,Infoblox Inc,VP,james.hernandez.3319@off-323.demo.com,Miami,FL,33101,USA
Sarah,Lopez,Blount International,Engineer,sarah.lopez.3320@off-324.demo.com,Portland,OR,97201,USA
Robert,Gonzalez,Blount International,Consultant,robert.gonzalez.3321@off-324.demo.com,Atlanta,GA,30301,USA
Lisa,Wilson,Blount International,Specialist,lisa.wilson.3322@off-324.demo.com,Boston,MA,02101,USA
William,Anderson,Blount International,Coordinator,william.anderson.3323@off-324.demo.com,Seattle,WA,98101,USA
Betty,Thomas,Blount International,Analyst,betty.thomas.3324@off-324.demo.com,Austin,TX,78701,USA
Richard,Taylor,Blount International,Manager,richard.taylor.3325@off-324.demo.com,Chicago,IL,60601,USA
Sandra,Moore,Blount International,Director,sandra.moore.3326@off-324.demo.com,Denver,CO,80202,USA
Thomas,Jackson,Blount International,VP,thomas.jackson.3327@off-324.demo.com,Miami,FL,33101,USA
Patricia,Martin,Blount International,Engineer,patricia.martin.3328@off-324.demo.com,Portland,OR,97201,USA
Christopher,Lee,Blount International,Consultant,christopher.lee.3329@off-324.demo.com,Atlanta,GA,30301,USA
Linda,Perez,Banco Latinoamericano De Comercio,VP,linda.perez.3330@off-325.demo.com,Boston,MA,02101,USA
Matthew,Thompson,Banco Latinoamericano De Comercio,Engineer,matthew.thompson.3331@off-325.demo.com,Seattle,WA,98101,USA
Barbara,White,Banco Latinoamericano De Comercio,Consultant,barbara.white.3332@off-325.demo.com,Austin,TX,78701,USA
Mark,Harris,Banco Latinoamericano De Comercio,Specialist,mark.harris.3333@off-325.demo.com,Chicago,IL,60601,USA
Jessica,Sanchez,Banco Latinoamericano De Comercio,Coordinator,jessica.sanchez.3334@off-325.demo.com,Denver,CO,80202,USA
John,Clark,Banco Latinoamericano De Comercio,Analyst,john.clark.3335@off-325.demo.com,Miami,FL,33101,USA
Karen,Ramirez,Banco Latinoamericano De Comercio,Manager,karen.ramirez.3336@off-325.demo.com,Portland,OR,97201,USA
Michael,Lewis,Banco Latinoamericano De Comercio,Director,michael.lewis.3337@off-325.demo.com,Atlanta,GA,30301,USA
Nancy,Robinson,Banco Latinoamericano De Comercio,VP,nancy.robinson.3338@off-325.demo.com,Boston,MA,02101,USA
David,Smith,Banco Latinoamericano De Comercio,Engineer,david.smith.3339@off-325.demo.com,Seattle,WA,98101,USA
Margaret,Johnson,Badger Meter,Analyst,margaret.johnson.3340@off-326.demo.com,Austin,TX,78701,USA
Joseph,Williams,Badger Meter,Manager,joseph.williams.3341@off-326.demo.com,Chicago,IL,60601,USA
Mary,Brown,Badger Meter,Director,mary.brown.3342@off-326.demo.com,Denver,CO,80202,USA
Charles,Jones,Badger Meter,VP,charles.jones.3343@off-326.demo.com,Miami,FL,33101,USA
Jennifer,Garcia,Badger Meter,Engineer,jennifer.garcia.3344@off-326.demo.com,Portland,OR,97201,USA
Daniel,Miller,Badger Meter,Consultant,daniel.miller.3345@off-326.demo.com,Atlanta,GA,30301,USA
Elizabeth,Davis,Badger Meter,Specialist,elizabeth.davis.3346@off-326.demo.com,Boston,MA,02101,USA
Anthony,Rodriguez,Badger Meter,Coordinator,anthony.rodriguez.3347@off-326.demo.com,Seattle,WA,98101,USA
Susan,Martinez,Badger Meter,Analyst,susan.martinez.3348@off-326.demo.com,Austin,TX,78701,USA
James,Hernandez,Badger Meter,Manager,james.hernandez.3349@off-326.demo.com,Chicago,IL,60601,USA
Sarah,Lopez,Bank of Marin Bancorp,VP,sarah.lopez.3350@off-327.demo.com,Denver,CO,80202,USA
Robert,Gonzalez,Bank of Marin Bancorp,Engineer,robert.gonzalez.3351@off-327.demo.com,Miami,FL,33101,USA
Lisa,Wilson,Bank of Marin Bancorp,Consultant,lisa.wilson.3352@off-327.demo.com,Portland,OR,97201,USA
William,Anderson,Bank of Marin Bancorp,Specialist,william.anderson.3353@off-327.demo.com,Atlanta,GA,30301,USA
Betty,Thomas,Bank of Marin Bancorp,Coordinator,betty.thomas.3354@off-327.demo.com,Boston,MA,02101,USA
Richard,Taylor,Bank of Marin Bancorp,Analyst,richard.taylor.3355@off-327.demo.com,Seattle,WA,98101,USA
Sandra,Moore,Bank of Marin Bancorp,Manager,sandra.moore.3356@off-327.demo.com,Austin,TX,78701,USA
Thomas,Jackson,Bank of Marin Bancorp,Director,thomas.jackson.3357@off-327.demo.com,Chicago,IL,60601,USA
Patricia,Martin,Bank of Marin Bancorp,VP,patricia.martin.3358@off-327.demo.com,Denver,CO,80202,USA
Christopher,Lee,Bank of Marin Bancorp,Engineer,christopher.lee.3359@off-327.demo.com,Miami,FL,33101,USA
Linda,Perez,Bryn Mawr Bank Corp,VP,linda.perez.3360@off-328.demo.com,Portland,OR,97201,USA
Matthew,Thompson,Bryn Mawr Bank Corp,Engineer,matthew.thompson.3361@off-328.demo.com,Atlanta,GA,30301,USA
Barbara,White,Bryn Mawr Bank Corp,Consultant,barbara.white.3362@off-328.demo.com,Boston,MA,02101,USA
Mark,Harris,Bryn Mawr Bank Corp,Specialist,mark.harris.3363@off-328.demo.com,Seattle,WA,98101,USA
Jessica,Sanchez,Bryn Mawr Bank Corp,Coordinator,jessica.sanchez.3364@off-328.demo.com,Austin,TX,78701,USA
John,Clark,Bryn Mawr Bank Corp,Analyst,john.clark.3365@off-328.demo.com,Chicago,IL,60601,USA
Karen,Ramirez,Bryn Mawr Bank Corp,Manager,karen.ramirez.3366@off-328.demo.com,Denver,CO,80202,USA
Michael,Lewis,Bryn Mawr Bank Corp,Director,michael.lewis.3367@off-328.demo.com,Miami,FL,33101,USA
Nancy,Robinson,Bryn Mawr Bank Corp,VP,nancy.robinson.3368@off-328.demo.com,Portland,OR,97201,USA
David,Smith,Bryn Mawr Bank Corp,Engineer,david.smith.3369@off-328.demo.com,Atlanta,GA,30301,USA
Margaret,Johnson,Beneficial Mutual Bancorp,VP,margaret.johnson.3370@off-329.demo.com,Boston,MA,02101,USA
Joseph,Williams,Beneficial Mutual Bancorp,Engineer,joseph.williams.3371@off-329.demo.com,Seattle,WA,98101,USA
Mary,Brown,Beneficial Mutual Bancorp,Consultant,mary.brown.3372@off-329.demo.com,Austin,TX,78701,USA
Charles,Jones,Beneficial Mutual Bancorp,Specialist,charles.jones.3373@off-329.demo.com,Chicago,IL,60601,USA
Jennifer,Garcia,Beneficial Mutual Bancorp,Coordinator,jennifer.garcia.3374@off-329.demo.com,Denver,CO,80202,USA
Daniel,Miller,Beneficial Mutual Bancorp,Analyst,daniel.miller.3375@off-329.demo.com,Miami,FL,33101,USA
Elizabeth,Davis,Beneficial Mutual Bancorp,Manager,elizabeth.davis.3376@off-329.demo.com,Portland,OR,97201,USA
Anthony,Rodriguez,Beneficial Mutual Bancorp,Director,anthony.rodriguez.3377@off-329.demo.com,Atlanta,GA,30301,USA
Susan,Martinez,Beneficial Mutual Bancorp,VP,susan.martinez.3378@off-329.demo.com,Boston,MA,02101,USA
James,Hernandez,Beneficial Mutual Bancorp,Engineer,james.hernandez.3379@off-329.demo.com,Seattle,WA,98101,USA
Sarah,Lopez,BNC Bancorp,Coordinator,sarah.lopez.3380@off-330.demo.com,Austin,TX,78701,USA
Robert,Gonzalez,BNC Bancorp,Analyst,robert.gonzalez.3381@off-330.demo.com,Chicago,IL,60601,USA
Lisa,Wilson,BNC Bancorp,Manager,lisa.wilson.3382@off-330.demo.com,Denver,CO,80202,USA
William,Anderson,BNC Bancorp,Director,william.anderson.3383@off-330.demo.com,Miami,FL,33101,USA
Betty,Thomas,BNC Bancorp,VP,betty.thomas.3384@off-330.demo.com,Portland,OR,97201,USA
Richard,Taylor,BNC Bancorp,Engineer,richard.taylor.3385@off-330.demo.com,Atlanta,GA,30301,USA
Sandra,Moore,BNC Bancorp,Consultant,sandra.moore.3386@off-330.demo.com,Boston,MA,02101,USA
Thomas,Jackson,BNC Bancorp,Specialist,thomas.jackson.3387@off-330.demo.com,Seattle,WA,98101,USA
Patricia,Martin,BNC Bancorp,Coordinator,patricia.martin.3388@off-330.demo.com,Austin,TX,78701,USA
Christopher,Lee,BNC Bancorp,Analyst,christopher.lee.3389@off-330.demo.com,Chicago,IL,60601,USA
Linda,Perez,Benefitfocus Inc,Specialist,linda.perez.3390@off-331.demo.com,Denver,CO,80202,USA
Matthew,Thompson,Benefitfocus Inc,Coordinator,matthew.thompson.3391@off-331.demo.com,Miami,FL,33101,USA
Barbara,White,Benefitfocus Inc,Analyst,barbara.white.3392@off-331.demo.com,Portland,OR,97201,USA
Mark,Harris,Benefitfocus Inc,Manager,mark.harris.3393@off-331.demo.com,Atlanta,GA,30301,USA
Jessica,Sanchez,Benefitfocus Inc,Director,jessica.sanchez.3394@off-331.demo.com,Boston,MA,02101,USA
John,Clark,Benefitfocus Inc,VP,john.clark.3395@off-331.demo.com,Seattle,WA,98101,USA
Karen,Ramirez,Benefitfocus Inc,Engineer,karen.ramirez.3396@off-331.demo.com,Austin,TX,78701,USA
Michael,Lewis,Benefitfocus Inc,Consultant,michael.lewis.3397@off-331.demo.com,Chicago,IL,60601,USA
Nancy,Robinson,Benefitfocus Inc,Specialist,nancy.robinson.3398@off-331.demo.com,Denver,CO,80202,USA
David,Smith,Benefitfocus Inc,Coordinator,david.smith.3399@off-331.demo.com,Miami,FL,33101,USA
Margaret,Johnson,C1 Financial Inc,Analyst,margaret.johnson.3400@off-332.demo.com,Portland,OR,97201,USA
Joseph,Williams,C1 Financial Inc,Manager,joseph.williams.3401@off-332.demo.com,Atlanta,GA,30301,USA
Mary,Brown,C1 Financial Inc,Director,mary.brown.3402@off-332.demo.com,Boston,MA,02101,USA
Charles,Jones,C1 Financial Inc,VP,charles.jones.3403@off-332.demo.com,Seattle,WA,98101,USA
Jennifer,Garcia,C1 Financial Inc,Engineer,jennifer.garcia.3404@off-332.demo.com,Austin,TX,78701,USA
Daniel,Miller,C1 Financial Inc,Consultant,daniel.miller.3405@off-332.demo.com,Chicago,IL,60601,USA
Elizabeth,Davis,C1 Financial Inc,Specialist,elizabeth.davis.3406@off-332.demo.com,Denver,CO,80202,USA
Anthony,Rodriguez,C1 Financial Inc,Coordinator,anthony.rodriguez.3407@off-332.demo.com,Miami,FL,33101,USA
Susan,Martinez,C1 Financial Inc,Analyst,susan.martinez.3408@off-332.demo.com,Portland,OR,97201,USA
James,Hernandez,C1 Financial Inc,Manager,james.hernandez.3409@off-332.demo.com,Atlanta,GA,30301,USA
Sarah,Lopez,Bob Evans Farms,Manager,sarah.lopez.3410@off-333.demo.com,Boston,MA,02101,USA
Robert,Gonzalez,Bob Evans Farms,Director,robert.gonzalez.3411@off-333.demo.com,Seattle,WA,98101,USA
Lisa,Wilson,Bob Evans Farms,VP,lisa.wilson.3412@off-333.demo.com,Austin,TX,78701,USA
William,Anderson,Bob Evans Farms,Engineer,william.anderson.3413@off-333.demo.com,Chicago,IL,60601,USA
Betty,Thomas,Bob Evans Farms,Consultant,betty.thomas.3414@off-333.demo.com,Denver,CO,80202,USA
Richard,Taylor,Bob Evans Farms,Specialist,richard.taylor.3415@off-333.demo.com,Miami,FL,33101,USA
Sandra,Moore,Bob Evans Farms,Coordinator,sandra.moore.3416@off-333.demo.com,Portland,OR,97201,USA
Thomas,Jackson,Bob Evans Farms,Analyst,thomas.jackson.3417@off-333.demo.com,Atlanta,GA,30301,USA
Patricia,Martin,Bob Evans Farms,Manager,patricia.martin.3418@off-333.demo.com,Boston,MA,02101,USA
Christopher,Lee,Bob Evans Farms,Director,christopher.lee.3419@off-333.demo.com,Seattle,WA,98101,USA
Linda,Perez,Bofi Holding,Analyst,linda.perez.3420@off-334.demo.com,Austin,TX,78701,USA
Matthew,Thompson,Bofi Holding,Manager,matthew.thompson.3421@off-334.demo.com,Chicago,IL,60601,USA
Barbara,White,Bofi Holding,Director,barbara.white.3422@off-334.demo.com,Denver,CO,80202,USA
Mark,Harris,Bofi Holding,VP,mark.harris.3423@off-334.demo.com,Miami,FL,33101,USA
Jessica,Sanchez,Bofi Holding,Engineer,jessica.sanchez.3424@off-334.demo.com,Portland,OR,97201,USA
John,Clark,Bofi Holding,Consultant,john.clark.3425@off-334.demo.com,Atlanta,GA,30301,USA
Karen,Ramirez,Bofi Holding,Specialist,karen.ramirez.3426@off-334.demo.com,Boston,MA,02101,USA
Michael,Lewis,Bofi Holding,Coordinator,michael.lewis.3427@off-334.demo.com,Seattle,WA,98101,USA
Nancy,Robinson,Bofi Holding,Analyst,nancy.robinson.3428@off-334.demo.com,Austin,TX,78701,USA
David,Smith,Bofi Holding,Manager,david.smith.3429@off-334.demo.com,Chicago,IL,60601,USA
Margaret,Johnson,Bojangles' Inc,Engineer,margaret.johnson.3430@off-335.demo.com,Denver,CO,80202,USA
Joseph,Williams,Bojangles' Inc,Consultant,joseph.williams.3431@off-335.demo.com,Miami,FL,33101,USA
Mary,Brown,Bojangles' Inc,Specialist,mary.brown.3432@off-335.demo.com,Portland,OR,97201,USA
Charles,Jones,Bojangles' Inc,Coordinator,charles.jones.3433@off-335.demo.com,Atlanta,GA,30301,USA
Jennifer,Garcia,Bojangles' Inc,Analyst,jennifer.garcia.3434@off-335.demo.com,Boston,MA,02101,USA
Daniel,Miller,Bojangles' Inc,Manager,daniel.miller.3435@off-335.demo.com,Seattle,WA,98101,USA
Elizabeth,Davis,Bojangles' Inc,Director,elizabeth.davis.3436@off-335.demo.com,Austin,TX,78701,USA
Anthony,Rodriguez,Bojangles' Inc,VP,anthony.rodriguez.3437@off-335.demo.com,Chicago,IL,60601,USA
Susan,Martinez,Bojangles' Inc,Engineer,susan.martinez.3438@off-335.demo.com,Denver,CO,80202,USA
James,Hernandez,Bojangles' Inc,Consultant,james.hernandez.3439@off-335.demo.com,Miami,FL,33101,USA
Sarah,Lopez,Boot Barn Holdings Inc,Specialist,sarah.lopez.3440@off-336.demo.com,Portland,OR,97201,USA
Robert,Gonzalez,Boot Barn Holdings Inc,Coordinator,robert.gonzalez.3441@off-336.demo.com,Atlanta,GA,30301,USA
Lisa,Wilson,Boot Barn Holdings Inc,Analyst,lisa.wilson.3442@off-336.demo.com,Boston,MA,02101,USA
William,Anderson,Boot Barn Holdings Inc,Manager,william.anderson.3443@off-336.demo.com,Seattle,WA,98101,USA
Betty,Thomas,Boot Barn Holdings Inc,Director,betty.thomas.3444@off-336.demo.com,Austin,TX,78701,USA
Richard,Taylor,Boot Barn Holdings Inc,VP,richard.taylor.3445@off-336.demo.com,Chicago,IL,60601,USA
Sandra,Moore,Boot Barn Holdings Inc,Engineer,sandra.moore.3446@off-336.demo.com,Denver,CO,80202,USA
Thomas,Jackson,Boot Barn Holdings Inc,Consultant,thomas.jackson.3447@off-336.demo.com,Miami,FL,33101,USA
Patricia,Martin,Boot Barn Holdings Inc,Specialist,patricia.martin.3448@off-336.demo.com,Portland,OR,97201,USA
Christopher,Lee,Boot Barn Holdings Inc,Coordinator,christopher.lee.3449@off-336.demo.com,Atlanta,GA,30301,USA
Linda,Perez,Box Inc,Manager,linda.perez.3450@off-337.demo.com,Boston,MA,02101,USA
Matthew,Thompson,Box Inc,Director,matthew.thompson.3451@off-337.demo.com,Seattle,WA,98101,USA
Barbara,White,Box Inc,VP,barbara.white.3452@off-337.demo.com,Austin,TX,78701,USA
Mark,Harris,Box Inc,Engineer,mark.harris.3453@off-337.demo.com,Chicago,IL,60601,USA
Jessica,Sanchez,Box Inc,Consultant,jessica.sanchez.3454@off-337.demo.com,Denver,CO,80202,USA
John,Clark,Box Inc,Specialist,john.clark.3455@off-337.demo.com,Miami,FL,33101,USA
Karen,Ramirez,Box Inc,Coordinator,karen.ramirez.3456@off-337.demo.com,Portland,OR,97201,USA
Michael,Lewis,Box Inc,Analyst,michael.lewis.3457@off-337.demo.com,Atlanta,GA,30301,USA
Nancy,Robinson,Box Inc,Manager,nancy.robinson.3458@off-337.demo.com,Boston,MA,02101,USA
David,Smith,Box Inc,Director,david.smith.3459@off-337.demo.com,Seattle,WA,98101,USA
Margaret,Johnson,Boston Private Financial Holdings,Consultant,margaret.johnson.3460@off-338.demo.com,Austin,TX,78701,USA
Joseph,Williams,Boston Private Financial Holdings,Specialist,joseph.williams.3461@off-338.demo.com,Chicago,IL,60601,USA
Mary,Brown,Boston Private Financial Holdings,Coordinator,mary.brown.3462@off-338.demo.com,Denver,CO,80202,USA
Charles,Jones,Boston Private Financial Holdings,Analyst,charles.jones.3463@off-338.demo.com,Miami,FL,33101,USA
Jennifer,Garcia,Boston Private Financial Holdings,Manager,jennifer.garcia.3464@off-338.demo.com,Portland,OR,97201,USA
Daniel,Miller,Boston Private Financial Holdings,Director,daniel.miller.3465@off-338.demo.com,Atlanta,GA,30301,USA
Elizabeth,Davis,Boston Private Financial Holdings,VP,elizabeth.davis.3466@off-338.demo.com,Boston,MA,02101,USA
Anthony,Rodriguez,Boston Private Financial Holdings,Engineer,anthony.rodriguez.3467@off-338.demo.com,Seattle,WA,98101,USA
Susan,Martinez,Boston Private Financial Holdings,Consultant,susan.martinez.3468@off-338.demo.com,Austin,TX,78701,USA
James,Hernandez,Boston Private Financial Holdings,Specialist,james.hernandez.3469@off-338.demo.com,Chicago,IL,60601,USA
Sarah,Lopez,Bridgepoint Education,VP,sarah.lopez.3470@off-339.demo.com,Denver,CO,80202,USA
Robert,Gonzalez,Bridgepoint Education,Engineer,robert.gonzalez.3471@off-339.demo.com,Miami,FL,33101,USA
Lisa,Wilson,Bridgepoint Education,Consultant,lisa.wilson.3472@off-339.demo.com,Portland,OR,97201,USA
William,Anderson,Bridgepoint Education,Specialist,william.anderson.3473@off-339.demo.com,Atlanta,GA,30301,USA
Betty,Thomas,Bridgepoint Education,Coordinator,betty.thomas.3474@off-339.demo.com,Boston,MA,02101,USA
Richard,Taylor,Bridgepoint Education,Analyst,richard.taylor.3475@off-339.demo.com,Seattle,WA,98101,USA
Sandra,Moore,Bridgepoint Education,Manager,sandra.moore.3476@off-339.demo.com,Austin,TX,78701,USA
Thomas,Jackson,Bridgepoint Education,Director,thomas.jackson.3477@off-339.demo.com,Chicago,IL,60601,USA
Patricia,Martin,Bridgepoint Education,VP,patricia.martin.3478@off-339.demo.com,Denver,CO,80202,USA
Christopher,Lee,Bridgepoint Education,Engineer,christopher.lee.3479@off-339.demo.com,Miami,FL,33101,USA
Linda,Perez,Blueprint Medicines Corp,Analyst,linda.perez.3480@off-340.demo.com,Portland,OR,97201,USA
Matthew,Thompson,Blueprint Medicines Corp,Manager,matthew.thompson.3481@off-340.demo.com,Atlanta,GA,30301,USA
Barbara,White,Blueprint Medicines Corp,Director,barbara.white.3482@off-340.demo.com,Boston,MA,02101,USA
Mark,Harris,Blueprint Medicines Corp,VP,mark.harris.3483@off-340.demo.com,Seattle,WA,98101,USA
Jessica,Sanchez,Blueprint Medicines Corp,Engineer,jessica.sanchez.3484@off-340.demo.com,Austin,TX,78701,USA
John,Clark,Blueprint Medicines Corp,Consultant,john.clark.3485@off-340.demo.com,Chicago,IL,60601,USA
Karen,Ramirez,Blueprint Medicines Corp,Specialist,karen.ramirez.3486@off-340.demo.com,Denver,CO,80202,USA
Michael,Lewis,Blueprint Medicines Corp,Coordinator,michael.lewis.3487@off-340.demo.com,Miami,FL,33101,USA
Nancy,Robinson,Blueprint Medicines Corp,Analyst,nancy.robinson.3488@off-340.demo.com,Portland,OR,97201,USA
David,Smith,Blueprint Medicines Corp,Manager,david.smith.3489@off-340.demo.com,Atlanta,GA,30301,USA
Margaret,Johnson,Brady Corp,Engineer,margaret.johnson.3490@off-341.demo.com,Boston,MA,02101,USA
Joseph,Williams,Brady Corp,Consultant,joseph.williams.3491@off-341.demo.com,Seattle,WA,98101,USA
Mary,Brown,Brady Corp,Specialist,mary.brown.3492@off-341.demo.com,Austin,TX,78701,USA
Charles,Jones,Brady Corp,Coordinator,charles.jones.3493@off-341.demo.com,Chicago,IL,60601,USA
Jennifer,Garcia,Brady Corp,Analyst,jennifer.garcia.3494@off-341.demo.com,Denver,CO,80202,USA
Daniel,Miller,Brady Corp,Manager,daniel.miller.3495@off-341.demo.com,Miami,FL,33101,USA
Elizabeth,Davis,Brady Corp,Director,elizabeth.davis.3496@off-341.demo.com,Portland,OR,97201,USA
Anthony,Rodriguez,Brady Corp,VP,anthony.rodriguez.3497@off-341.demo.com,Atlanta,GA,30301,USA
Susan,Martinez,Brady Corp,Engineer,susan.martinez.3498@off-341.demo.com,Boston,MA,02101,USA
James,Hernandez,Brady Corp,Consultant,james.hernandez.3499@off-341.demo.com,Seattle,WA,98101,USA
Sarah,Lopez,Craft Brewers Alliance Inc,Specialist,sarah.lopez.3500@off-342.demo.com,Austin,TX,78701,USA
Robert,Gonzalez,Craft Brewers Alliance Inc,Coordinator,robert.gonzalez.3501@off-342.demo.com,Chicago,IL,60601,USA
Lisa,Wilson,Craft Brewers Alliance Inc,Analyst,lisa.wilson.3502@off-342.demo.com,Denver,CO,80202,USA
William,Anderson,Craft Brewers Alliance Inc,Manager,william.anderson.3503@off-342.demo.com,Miami,FL,33101,USA
Betty,Thomas,Craft Brewers Alliance Inc,Director,betty.thomas.3504@off-342.demo.com,Portland,OR,97201,USA
Richard,Taylor,Craft Brewers Alliance Inc,VP,richard.taylor.3505@off-342.demo.com,Atlanta,GA,30301,USA
Sandra,Moore,Craft Brewers Alliance Inc,Engineer,sandra.moore.3506@off-342.demo.com,Boston,MA,02101,USA
Thomas,Jackson,Craft Brewers Alliance Inc,Consultant,thomas.jackson.3507@off-342.demo.com,Seattle,WA,98101,USA
Patricia,Martin,Craft Brewers Alliance Inc,Specialist,patricia.martin.3508@off-342.demo.com,Austin,TX,78701,USA
Christopher,Lee,Craft Brewers Alliance Inc,Coordinator,christopher.lee.3509@off-342.demo.com,Chicago,IL,60601,USA
Linda,Perez,Bluerock Residential Growth Rei,Consultant,linda.perez.3510@off-343.demo.com,Denver,CO,80202,USA
Matthew,Thompson,Bluerock Residential Growth Rei,Specialist,matthew.thompson.3511@off-343.demo.com,Miami,FL,33101,USA
Barbara,White,Bluerock Residential Growth Rei,Coordinator,barbara.white.3512@off-343.demo.com,Portland,OR,97201,USA
Mark,Harris,Bluerock Residential Growth Rei,Analyst,mark.harris.3513@off-343.demo.com,Atlanta,GA,30301,USA
Jessica,Sanchez,Bluerock Residential Growth Rei,Manager,jessica.sanchez.3514@off-343.demo.com,Boston,MA,02101,USA
John,Clark,Bluerock Residential Growth Rei,Director,john.clark.3515@off-343.demo.com,Seattle,WA,98101,USA
Karen,Ramirez,Bluerock Residential Growth Rei,VP,karen.ramirez.3516@off-343.demo.com,Austin,TX,78701,USA
Michael,Lewis,Bluerock Residential Growth Rei,Engineer,michael.lewis.3517@off-343.demo.com,Chicago,IL,60601,USA
Nancy,Robinson,Bluerock Residential Growth Rei,Consultant,nancy.robinson.3518@off-343.demo.com,Denver,CO,80202,USA
David,Smith,Bluerock Residential Growth Rei,Specialist,david.smith.3519@off-343.demo.com,Miami,FL,33101,USA
Margaret,Johnson,Brookline Bancorp,Manager,margaret.johnson.3520@off-344.demo.com,Portland,OR,97201,USA
Joseph,Williams,Brookline Bancorp,Director,joseph.williams.3521@off-344.demo.com,Atlanta,GA,30301,USA
Mary,Brown,Brookline Bancorp,VP,mary.brown.3522@off-344.demo.com,Boston,MA,02101,USA
Charles,Jones,Brookline Bancorp,Engineer,charles.jones.3523@off-344.demo.com,Seattle,WA,98101,USA
Jennifer,Garcia,Brookline Bancorp,Consultant,jennifer.garcia.3524@off-344.demo.com,Austin,TX,78701,USA
Daniel,Miller,Brookline Bancorp,Specialist,daniel.miller.3525@off-344.demo.com,Chicago,IL,60601,USA
Elizabeth,Davis,Brookline Bancorp,Coordinator,elizabeth.davis.3526@off-344.demo.com,Denver,CO,80202,USA
Anthony,Rodriguez,Brookline Bancorp,Analyst,anthony.rodriguez.3527@off-344.demo.com,Miami,FL,33101,USA
Susan,Martinez,Brookline Bancorp,Manager,susan.martinez.3528@off-344.demo.com,Portland,OR,97201,USA
James,Hernandez,Brookline Bancorp,Director,james.hernandez.3529@off-344.demo.com,Atlanta,GA,30301,USA
Sarah,Lopez,Brooks Automation,VP,sarah.lopez.3530@off-345.demo.com,Boston,MA,02101,USA
Robert,Gonzalez,Brooks Automation,Engineer,robert.gonzalez.3531@off-345.demo.com,Seattle,WA,98101,USA
Lisa,Wilson,Brooks Automation,Consultant,lisa.wilson.3532@off-345.demo.com,Austin,TX,78701,USA
William,Anderson,Brooks Automation,Specialist,william.anderson.3533@off-345.demo.com,Chicago,IL,60601,USA
Betty,Thomas,Brooks Automation,Coordinator,betty.thomas.3534@off-345.demo.com,Denver,CO,80202,USA
Richard,Taylor,Brooks Automation,Analyst,richard.taylor.3535@off-345.demo.com,Miami,FL,33101,USA
Sandra,Moore,Brooks Automation,Manager,sandra.moore.3536@off-345.demo.com,Portland,OR,97201,USA
Thomas,Jackson,Brooks Automation,Director,thomas.jackson.3537@off-345.demo.com,Atlanta,GA,30301,USA
Patricia,Martin,Brooks Automation,VP,patricia.martin.3538@off-345.demo.com,Boston,MA,02101,USA
Christopher,Lee,Brooks Automation,Engineer,christopher.lee.3539@off-345.demo.com,Seattle,WA,98101,USA
Linda,Perez,Bristow Group Inc,Consultant,linda.perez.3540@off-346.demo.com,Austin,TX,78701,USA
Matthew,Thompson,Bristow Group Inc,Specialist,matthew.thompson.3541@off-346.demo.com,Chicago,IL,60601,USA
Barbara,White,Bristow Group Inc,Coordinator,barbara.white.3542@off-346.demo.com,Denver,CO,80202,USA
Mark,Harris,Bristow Group Inc,Analyst,mark.harris.3543@off-346.demo.com,Miami,FL,33101,USA
Jessica,Sanchez,Bristow Group Inc,Manager,jessica.sanchez.3544@off-346.demo.com,Portland,OR,97201,USA
John,Clark,Bristow Group Inc,Director,john.clark.3545@off-346.demo.com,Atlanta,GA,30301,USA
Karen,Ramirez,Bristow Group Inc,VP,karen.ramirez.3546@off-346.demo.com,Boston,MA,02101,USA
Michael,Lewis,Bristow Group Inc,Engineer,michael.lewis.3547@off-346.demo.com,Seattle,WA,98101,USA
Nancy,Robinson,Bristow Group Inc,Consultant,nancy.robinson.3548@off-346.demo.com,Austin,TX,78701,USA
David,Smith,Bristow Group Inc,Specialist,david.smith.3549@off-346.demo.com,Chicago,IL,60601,USA
Margaret,Johnson,Global Brass and Copper Holdin,Engineer,margaret.johnson.3550@off-347.demo.com,Denver,CO,80202,USA
Joseph,Williams,Global Brass and Copper Holdin,Consultant,joseph.williams.3551@off-347.demo.com,Miami,FL,33101,USA
Mary,Brown,Global Brass and Copper Holdin,Specialist,mary.brown.3552@off-347.demo.com,Portland,OR,97201,USA
Charles,Jones,Global Brass and Copper Holdin,Coordinator,charles.jones.3553@off-347.demo.com,Atlanta,GA,30301,USA
Jennifer,Garcia,Global Brass and Copper Holdin,Analyst,jennifer.garcia.3554@off-347.demo.com,Boston,MA,02101,USA
Daniel,Miller,Global Brass and Copper Holdin,Manager,daniel.miller.3555@off-347.demo.com,Seattle,WA,98101,USA
Elizabeth,Davis,Global Brass and Copper Holdin,Director,elizabeth.davis.3556@off-347.demo.com,Austin,TX,78701,USA
Anthony,Rodriguez,Global Brass and Copper Holdin,VP,anthony.rodriguez.3557@off-347.demo.com,Chicago,IL,60601,USA
Susan,Martinez,Global Brass and Copper Holdin,Engineer,susan.martinez.3558@off-347.demo.com,Denver,CO,80202,USA
James,Hernandez,Global Brass and Copper Holdin,Consultant,james.hernandez.3559@off-347.demo.com,Miami,FL,33101,USA
Sarah,Lopez,Bassett Furniture Industries Inc,Analyst,sarah.lopez.3560@off-348.demo.com,Portland,OR,97201,USA
Robert,Gonzalez,Bassett Furniture Industries Inc,Manager,robert.gonzalez.3561@off-348.demo.com,Atlanta,GA,30301,USA
Lisa,Wilson,Bassett Furniture Industries Inc,Director,lisa.wilson.3562@off-348.demo.com,Boston,MA,02101,USA
William,Anderson,Bassett Furniture Industries Inc,VP,william.anderson.3563@off-348.demo.com,Seattle,WA,98101,USA
Betty,Thomas,Bassett Furniture Industries Inc,Engineer,betty.thomas.3564@off-348.demo.com,Austin,TX,78701,USA
Richard,Taylor,Bassett Furniture Industries Inc,Consultant,richard.taylor.3565@off-348.demo.com,Chicago,IL,60601,USA
Sandra,Moore,Bassett Furniture Industries Inc,Specialist,sandra.moore.3566@off-348.demo.com,Denver,CO,80202,USA
Thomas,Jackson,Bassett Furniture Industries Inc,Coordinator,thomas.jackson.3567@off-348.demo.com,Miami,FL,33101,USA
Patricia,Martin,Bassett Furniture Industries Inc,Analyst,patricia.martin.3568@off-348.demo.com,Portland,OR,97201,USA
Christopher,Lee,Bassett Furniture Industries Inc,Manager,christopher.lee.3569@off-348.demo.com,Atlanta,GA,30301,USA
Linda,Perez,Bear State Financial Inc,Director,linda.perez.3570@off-349.demo.com,Boston,MA,02101,USA
Matthew,Thompson,Bear State Financial Inc,VP,matthew.thompson.3571@off-349.demo.com,Seattle,WA,98101,USA
Barbara,White,Bear State Financial Inc,Engineer,barbara.white.3572@off-349.demo.com,Austin,TX,78701,USA
Mark,Harris,Bear State Financial Inc,Consultant,mark.harris.3573@off-349.demo.com,Chicago,IL,60601,USA
Jessica,Sanchez,Bear State Financial Inc,Specialist,jessica.sanchez.3574@off-349.demo.com,Denver,CO,80202,USA
John,Clark,Bear State Financial Inc,Coordinator,john.clark.3575@off-349.demo.com,Miami,FL,33101,USA
Karen,Ramirez,Bear State Financial Inc,Analyst,karen.ramirez.3576@off-349.demo.com,Portland,OR,97201,USA
Michael,Lewis,Bear State Financial Inc,Manager,michael.lewis.3577@off-349.demo.com,Atlanta,GA,30301,USA
Nancy,Robinson,Bear State Financial Inc,Director,nancy.robinson.3578@off-349.demo.com,Boston,MA,02101,USA
David,Smith,Bear State Financial Inc,VP,david.smith.3579@off-349.demo.com,Seattle,WA,98101,USA
Margaret,Johnson,Broadsoft Inc,Manager,margaret.johnson.3580@off-350.demo.com,Austin,TX,78701,USA
Joseph,Williams,Broadsoft Inc,Director,joseph.williams.3581@off-350.demo.com,Chicago,IL,60601,USA
Mary,Brown,Broadsoft Inc,VP,mary.brown.3582@off-350.demo.com,Denver,CO,80202,USA
Charles,Jones,Broadsoft Inc,Engineer,charles.jones.3583@off-350.demo.com,Miami,FL,33101,USA
Jennifer,Garcia,Broadsoft Inc,Consultant,jennifer.garcia.3584@off-350.demo.com,Portland,OR,97201,USA
Daniel,Miller,Broadsoft Inc,Specialist,daniel.miller.3585@off-350.demo.com,Atlanta,GA,30301,USA
Elizabeth,Davis,Broadsoft Inc,Coordinator,elizabeth.davis.3586@off-350.demo.com,Boston,MA,02101,USA
Anthony,Rodriguez,Broadsoft Inc,Analyst,anthony.rodriguez.3587@off-350.demo.com,Seattle,WA,98101,USA
Susan,Martinez,Broadsoft Inc,Manager,susan.martinez.3588@off-350.demo.com,Austin,TX,78701,USA
James,Hernandez,Broadsoft Inc,Director,james.hernandez.3589@off-350.demo.com,Chicago,IL,60601,USA
Sarah,Lopez,Sierra Bancorp,Engineer,sarah.lopez.3590@off-351.demo.com,Denver,CO,80202,USA
Robert,Gonzalez,Sierra Bancorp,Consultant,robert.gonzalez.3591@off-351.demo.com,Miami,FL,33101,USA
Lisa,Wilson,Sierra Bancorp,Specialist,lisa.wilson.3592@off-351.demo.com,Portland,OR,97201,USA
William,Anderson,Sierra Bancorp,Coordinator,william.anderson.3593@off-351.demo.com,Atlanta,GA,30301,USA
Betty,Thomas,Sierra Bancorp,Analyst,betty.thomas.3594@off-351.demo.com,Boston,MA,02101,USA
Richard,Taylor,Sierra Bancorp,Manager,richard.taylor.3595@off-351.demo.com,Seattle,WA,98101,USA
Sandra,Moore,Sierra Bancorp,Director,sandra.moore.3596@off-351.demo.com,Austin,TX,78701,USA
Thomas,Jackson,Sierra Bancorp,VP,thomas.jackson.3597@off-351.demo.com,Chicago,IL,60601,USA
Patricia,Martin,Sierra Bancorp,Engineer,patricia.martin.3598@off-351.demo.com,Denver,CO,80202,USA
Christopher,Lee,Sierra Bancorp,Consultant,christopher.lee.3599@off-351.demo.com,Miami,FL,33101,USA
Linda,Perez,Biospecifics Technologies Corp,Specialist,linda.perez.3600@off-352.demo.com,Portland,OR,97201,USA
Matthew,Thompson,Biospecifics Technologies Corp,Coordinator,matthew.thompson.3601@off-352.demo.com,Atlanta,GA,30301,USA
Barbara,White,Biospecifics Technologies Corp,Analyst,barbara.white.3602@off-352.demo.com,Boston,MA,02101,USA
Mark,Harris,Biospecifics Technologies Corp,Manager,mark.harris.3603@off-352.demo.com,Seattle,WA,98101,USA
Jessica,Sanchez,Biospecifics Technologies Corp,Director,jessica.sanchez.3604@off-352.demo.com,Austin,TX,78701,USA
John,Clark,Biospecifics Technologies Corp,VP,john.clark.3605@off-352.demo.com,Chicago,IL,60601,USA
Karen,Ramirez,Biospecifics Technologies Corp,Engineer,karen.ramirez.3606@off-352.demo.com,Denver,CO,80202,USA
Michael,Lewis,Biospecifics Technologies Corp,Consultant,michael.lewis.3607@off-352.demo.com,Miami,FL,33101,USA
Nancy,Robinson,Biospecifics Technologies Corp,Specialist,nancy.robinson.3608@off-352.demo.com,Portland,OR,97201,USA
David,Smith,Biospecifics Technologies Corp,Coordinator,david.smith.3609@off-352.demo.com,Atlanta,GA,30301,USA
Margaret,Johnson,Peabody Energy Corp,Consultant,margaret.johnson.3610@off-353.demo.com,Boston,MA,02101,USA
Joseph,Williams,Peabody Energy Corp,Specialist,joseph.williams.3611@off-353.demo.com,Seattle,WA,98101,USA
Mary,Brown,Peabody Energy Corp,Coordinator,mary.brown.3612@off-353.demo.com,Austin,TX,78701,USA
Charles,Jones,Peabody Energy Corp,Analyst,charles.jones.3613@off-353.demo.com,Chicago,IL,60601,USA
Jennifer,Garcia,Peabody Energy Corp,Manager,jennifer.garcia.3614@off-353.demo.com,Denver,CO,80202,USA
Daniel,Miller,Peabody Energy Corp,Director,daniel.miller.3615@off-353.demo.com,Miami,FL,33101,USA
Elizabeth,Davis,Peabody Energy Corp,VP,elizabeth.davis.3616@off-353.demo.com,Portland,OR,97201,USA
Anthony,Rodriguez,Peabody Energy Corp,Engineer,anthony.rodriguez.3617@off-353.demo.com,Atlanta,GA,30301,USA
Susan,Martinez,Peabody Energy Corp,Consultant,susan.martinez.3618@off-353.demo.com,Boston,MA,02101,USA
James,Hernandez,Peabody Energy Corp,Specialist,james.hernandez.3619@off-353.demo.com,Seattle,WA,98101,USA
Sarah,Lopez,Biotime Inc,Coordinator,sarah.lopez.3620@off-354.demo.com,Austin,TX,78701,USA
Robert,Gonzalez,Biotime Inc,Analyst,robert.gonzalez.3621@off-354.demo.com,Chicago,IL,60601,USA
Lisa,Wilson,Biotime Inc,Manager,lisa.wilson.3622@off-354.demo.com,Denver,CO,80202,USA
William,Anderson,Biotime Inc,Director,william.anderson.3623@off-354.demo.com,Miami,FL,33101,USA
Betty,Thomas,Biotime Inc,VP,betty.thomas.3624@off-354.demo.com,Portland,OR,97201,USA
Richard,Taylor,Biotime Inc,Engineer,richard.taylor.3625@off-354.demo.com,Atlanta,GA,30301,USA
Sandra,Moore,Biotime Inc,Consultant,sandra.moore.3626@off-354.demo.com,Boston,MA,02101,USA
Thomas,Jackson,Biotime Inc,Specialist,thomas.jackson.3627@off-354.demo.com,Seattle,WA,98101,USA
Patricia,Martin,Biotime Inc,Coordinator,patricia.martin.3628@off-354.demo.com,Austin,TX,78701,USA
Christopher,Lee,Biotime Inc,Analyst,christopher.lee.3629@off-354.demo.com,Chicago,IL,60601,USA
Linda,Perez,Burlington Stores Inc,VP,linda.perez.3630@off-355.demo.com,Denver,CO,80202,USA
Matthew,Thompson,Burlington Stores Inc,Engineer,matthew.thompson.3631@off-355.demo.com,Miami,FL,33101,USA
Barbara,White,Burlington Stores Inc,Consultant,barbara.white.3632@off-355.demo.com,Portland,OR,97201,USA
Mark,Harris,Burlington Stores Inc,Specialist,mark.harris.3633@off-355.demo.com,Atlanta,GA,30301,USA
Jessica,Sanchez,Burlington Stores Inc,Coordinator,jessica.sanchez.3634@off-355.demo.com,Boston,MA,02101,USA
John,Clark,Burlington Stores Inc,Analyst,john.clark.3635@off-355.demo.com,Seattle,WA,98101,USA
Karen,Ramirez,Burlington Stores Inc,Manager,karen.ramirez.3636@off-355.demo.com,Austin,TX,78701,USA
Michael,Lewis,Burlington Stores Inc,Director,michael.lewis.3637@off-355.demo.com,Chicago,IL,60601,USA
Nancy,Robinson,Burlington Stores Inc,VP,nancy.robinson.3638@off-355.demo.com,Denver,CO,80202,USA
David,Smith,Burlington Stores Inc,Engineer,david.smith.3639@off-355.demo.com,Miami,FL,33101,USA
Margaret,Johnson,First Busey Corp,Analyst,margaret.johnson.3640@off-356.demo.com,Portland,OR,97201,USA
Joseph,Williams,First Busey Corp,Manager,joseph.williams.3641@off-356.demo.com,Atlanta,GA,30301,USA
Mary,Brown,First Busey Corp,Director,mary.brown.3642@off-356.demo.com,Boston,MA,02101,USA
Charles,Jones,First Busey Corp,VP,charles.jones.3643@off-356.demo.com,Seattle,WA,98101,USA
Jennifer,Garcia,First Busey Corp,Engineer,jennifer.garcia.3644@off-356.demo.com,Austin,TX,78701,USA
Daniel,Miller,First Busey Corp,Consultant,daniel.miller.3645@off-356.demo.com,Chicago,IL,60601,USA
Elizabeth,Davis,First Busey Corp,Specialist,elizabeth.davis.3646@off-356.demo.com,Denver,CO,80202,USA
Anthony,Rodriguez,First Busey Corp,Coordinator,anthony.rodriguez.3647@off-356.demo.com,Miami,FL,33101,USA
Susan,Martinez,First Busey Corp,Analyst,susan.martinez.3648@off-356.demo.com,Portland,OR,97201,USA
James,Hernandez,First Busey Corp,Manager,james.hernandez.3649@off-356.demo.com,Atlanta,GA,30301,USA
Sarah,Lopez,Bazaarvoice Inc,Manager,sarah.lopez.3650@off-357.demo.com,Boston,MA,02101,USA
Robert,Gonzalez,Bazaarvoice Inc,Director,robert.gonzalez.3651@off-357.demo.com,Seattle,WA,98101,USA
Lisa,Wilson,Bazaarvoice Inc,VP,lisa.wilson.3652@off-357.demo.com,Austin,TX,78701,USA
William,Anderson,Bazaarvoice Inc,Engineer,william.anderson.3653@off-357.demo.com,Chicago,IL,60601,USA
Betty,Thomas,Bazaarvoice Inc,Consultant,betty.thomas.3654@off-357.demo.com,Denver,CO,80202,USA
Richard,Taylor,Bazaarvoice Inc,Specialist,richard.taylor.3655@off-357.demo.com,Miami,FL,33101,USA
Sandra,Moore,Bazaarvoice Inc,Coordinator,sandra.moore.3656@off-357.demo.com,Portland,OR,97201,USA
Thomas,Jackson,Bazaarvoice Inc,Analyst,thomas.jackson.3657@off-357.demo.com,Atlanta,GA,30301,USA
Patricia,Martin,Bazaarvoice Inc,Manager,patricia.martin.3658@off-357.demo.com,Boston,MA,02101,USA
Christopher,Lee,Bazaarvoice Inc,Director,christopher.lee.3659@off-357.demo.com,Seattle,WA,98101,USA
Linda,Perez,Baldwin & Lyons,VP,linda.perez.3660@off-358.demo.com,Austin,TX,78701,USA
Matthew,Thompson,Baldwin & Lyons,Engineer,matthew.thompson.3661@off-358.demo.com,Chicago,IL,60601,USA
Barbara,White,Baldwin & Lyons,Consultant,barbara.white.3662@off-358.demo.com,Denver,CO,80202,USA
Mark,Harris,Baldwin & Lyons,Specialist,mark.harris.3663@off-358.demo.com,Miami,FL,33101,USA
Jessica,Sanchez,Baldwin & Lyons,Coordinator,jessica.sanchez.3664@off-358.demo.com,Portland,OR,97201,USA
John,Clark,Baldwin & Lyons,Analyst,john.clark.3665@off-358.demo.com,Atlanta,GA,30301,USA
Karen,Ramirez,Baldwin & Lyons,Manager,karen.ramirez.3666@off-358.demo.com,Boston,MA,02101,USA
Michael,Lewis,Baldwin & Lyons,Director,michael.lewis.3667@off-358.demo.com,Seattle,WA,98101,USA
Nancy,Robinson,Baldwin & Lyons,VP,nancy.robinson.3668@off-358.demo.com,Austin,TX,78701,USA
David,Smith,Baldwin & Lyons,Engineer,david.smith.3669@off-358.demo.com,Chicago,IL,60601,USA
Margaret,Johnson,Buffalo Wild Wings,Analyst,margaret.johnson.3670@off-359.demo.com,Denver,CO,80202,USA
Joseph,Williams,Buffalo Wild Wings,Manager,joseph.williams.3671@off-359.demo.com,Miami,FL,33101,USA
Mary,Brown,Buffalo Wild Wings,Director,mary.brown.3672@off-359.demo.com,Portland,OR,97201,USA
Charles,Jones,Buffalo Wild Wings,VP,charles.jones.3673@off-359.demo.com,Atlanta,GA,30301,USA
Jennifer,Garcia,Buffalo Wild Wings,Engineer,jennifer.garcia.3674@off-359.demo.com,Boston,MA,02101,USA
Daniel,Miller,Buffalo Wild Wings,Consultant,daniel.miller.3675@off-359.demo.com,Seattle,WA,98101,USA
Elizabeth,Davis,Buffalo Wild Wings,Specialist,elizabeth.davis.3676@off-359.demo.com,Austin,TX,78701,USA
Anthony,Rodriguez,Buffalo Wild Wings,Coordinator,anthony.rodriguez.3677@off-359.demo.com,Chicago,IL,60601,USA
Susan,Martinez,Buffalo Wild Wings,Analyst,susan.martinez.3678@off-359.demo.com,Denver,CO,80202,USA
James,Hernandez,Buffalo Wild Wings,Manager,james.hernandez.3679@off-359.demo.com,Miami,FL,33101,USA
Sarah,Lopez,Bancorpsouth Inc,Analyst,sarah.lopez.3680@off-360.demo.com,Portland,OR,97201,USA
Robert,Gonzalez,Bancorpsouth Inc,Manager,robert.gonzalez.3681@off-360.demo.com,Atlanta,GA,30301,USA
Lisa,Wilson,Bancorpsouth Inc,Director,lisa.wilson.3682@off-360.demo.com,Boston,MA,02101,USA
William,Anderson,Bancorpsouth Inc,VP,william.anderson.3683@off-360.demo.com,Seattle,WA,98101,USA
Betty,Thomas,Bancorpsouth Inc,Engineer,betty.thomas.3684@off-360.demo.com,Austin,TX,78701,USA
Richard,Taylor,Bancorpsouth Inc,Consultant,richard.taylor.3685@off-360.demo.com,Chicago,IL,60601,USA
Sandra,Moore,Bancorpsouth Inc,Specialist,sandra.moore.3686@off-360.demo.com,Denver,CO,80202,USA
Thomas,Jackson,Bancorpsouth Inc,Coordinator,thomas.jackson.3687@off-360.demo.com,Miami,FL,33101,USA
Patricia,Martin,Bancorpsouth Inc,Analyst,patricia.martin.3688@off-360.demo.com,Portland,OR,97201,USA
Christopher,Lee,Bancorpsouth Inc,Manager,christopher.lee.3689@off-360.demo.com,Atlanta,GA,30301,USA
Linda,Perez,Boyd Gaming Corp,Director,linda.perez.3690@off-361.demo.com,Boston,MA,02101,USA
Matthew,Thompson,Boyd Gaming Corp,VP,matthew.thompson.3691@off-361.demo.com,Seattle,WA,98101,USA
Barbara,White,Boyd Gaming Corp,Engineer,barbara.white.3692@off-361.demo.com,Austin,TX,78701,USA
Mark,Harris,Boyd Gaming Corp,Consultant,mark.harris.3693@off-361.demo.com,Chicago,IL,60601,USA
Jessica,Sanchez,Boyd Gaming Corp,Specialist,jessica.sanchez.3694@off-361.demo.com,Denver,CO,80202,USA
John,Clark,Boyd Gaming Corp,Coordinator,john.clark.3695@off-361.demo.com,Miami,FL,33101,USA
Karen,Ramirez,Boyd Gaming Corp,Analyst,karen.ramirez.3696@off-361.demo.com,Portland,OR,97201,USA
Michael,Lewis,Boyd Gaming Corp,Manager,michael.lewis.3697@off-361.demo.com,Atlanta,GA,30301,USA
Nancy,Robinson,Boyd Gaming Corp,Director,nancy.robinson.3698@off-361.demo.com,Boston,MA,02101,USA
David,Smith,Boyd Gaming Corp,VP,david.smith.3699@off-361.demo.com,Seattle,WA,98101,USA
Margaret,Johnson,Beazer Homes USA,Engineer,margaret.johnson.3700@off-362.demo.com,Austin,TX,78701,USA
Joseph,Williams,Beazer Homes USA,Consultant,joseph.williams.3701@off-362.demo.com,Chicago,IL,60601,USA
Mary,Brown,Beazer Homes USA,Specialist,mary.brown.3702@off-362.demo.com,Denver,CO,80202,USA
Charles,Jones,Beazer Homes USA,Coordinator,charles.jones.3703@off-362.demo.com,Miami,FL,33101,USA
Jennifer,Garcia,Beazer Homes USA,Analyst,jennifer.garcia.3704@off-362.demo.com,Portland,OR,97201,USA
Daniel,Miller,Beazer Homes USA,Manager,daniel.miller.3705@off-362.demo.com,Atlanta,GA,30301,USA
Elizabeth,Davis,Beazer Homes USA,Director,elizabeth.davis.3706@off-362.demo.com,Boston,MA,02101,USA
Anthony,Rodriguez,Beazer Homes USA,VP,anthony.rodriguez.3707@off-362.demo.com,Seattle,WA,98101,USA
Susan,Martinez,Beazer Homes USA,Engineer,susan.martinez.3708@off-362.demo.com,Austin,TX,78701,USA
James,Hernandez,Beazer Homes USA,Consultant,james.hernandez.3709@off-362.demo.com,Chicago,IL,60601,USA
Sarah,Lopez,Camden National Corp,Director,sarah.lopez.3710@off-363.demo.com,Denver,CO,80202,USA
Robert,Gonzalez,Camden National Corp,VP,robert.gonzalez.3711@off-363.demo.com,Miami,FL,33101,USA
Lisa,Wilson,Camden National Corp,Engineer,lisa.wilson.3712@off-363.demo.com,Portland,OR,97201,USA
William,Anderson,Camden National Corp,Consultant,william.anderson.3713@off-363.demo.com,Atlanta,GA,30301,USA
Betty,Thomas,Camden National Corp,Specialist,betty.thomas.3714@off-363.demo.com,Boston,MA,02101,USA
Richard,Taylor,Camden National Corp,Coordinator,richard.taylor.3715@off-363.demo.com,Seattle,WA,98101,USA
Sandra,Moore,Camden National Corp,Analyst,sandra.moore.3716@off-363.demo.com,Austin,TX,78701,USA
Thomas,Jackson,Camden National Corp,Manager,thomas.jackson.3717@off-363.demo.com,Chicago,IL,60601,USA
Patricia,Martin,Camden National Corp,Director,patricia.martin.3718@off-363.demo.com,Denver,CO,80202,USA
Christopher,Lee,Camden National Corp,VP,christopher.lee.3719@off-363.demo.com,Miami,FL,33101,USA
Linda,Perez,Cascade Bancorp,Coordinator,linda.perez.3720@off-364.demo.com,Portland,OR,97201,USA
Matthew,Thompson,Cascade Bancorp,Analyst,matthew.thompson.3721@off-364.demo.com,Atlanta,GA,30301,USA
Barbara,White,Cascade Bancorp,Manager,barbara.white.3722@off-364.demo.com,Boston,MA,02101,USA
Mark,Harris,Cascade Bancorp,Director,mark.harris.3723@off-364.demo.com,Seattle,WA,98101,USA
Jessica,Sanchez,Cascade Bancorp,VP,jessica.sanchez.3724@off-364.demo.com,Austin,TX,78701,USA
John,Clark,Cascade Bancorp,Engineer,john.clark.3725@off-364.demo.com,Chicago,IL,60601,USA
Karen,Ramirez,Cascade Bancorp,Consultant,karen.ramirez.3726@off-364.demo.com,Denver,CO,80202,USA
Michael,Lewis,Cascade Bancorp,Specialist,michael.lewis.3727@off-364.demo.com,Miami,FL,33101,USA
Nancy,Robinson,Cascade Bancorp,Coordinator,nancy.robinson.3728@off-364.demo.com,Portland,OR,97201,USA
David,Smith,Cascade Bancorp,Analyst,david.smith.3729@off-364.demo.com,Atlanta,GA,30301,USA
Margaret,Johnson,Caci International,Engineer,margaret.johnson.3730@off-365.demo.com,Boston,MA,02101,USA
Joseph,Williams,Caci International,Consultant,joseph.williams.3731@off-365.demo.com,Seattle,WA,98101,USA
Mary,Brown,Caci International,Specialist,mary.brown.3732@off-365.demo.com,Austin,TX,78701,USA
Charles,Jones,Caci International,Coordinator,charles.jones.3733@off-365.demo.com,Chicago,IL,60601,USA
Jennifer,Garcia,Caci International,Analyst,jennifer.garcia.3734@off-365.demo.com,Denver,CO,80202,USA
Daniel,Miller,Caci International,Manager,daniel.miller.3735@off-365.demo.com,Miami,FL,33101,USA
Elizabeth,Davis,Caci International,Director,elizabeth.davis.3736@off-365.demo.com,Portland,OR,97201,USA
Anthony,Rodriguez,Caci International,VP,anthony.rodriguez.3737@off-365.demo.com,Atlanta,GA,30301,USA
Susan,Martinez,Caci International,Engineer,susan.martinez.3738@off-365.demo.com,Boston,MA,02101,USA
James,Hernandez,Caci International,Consultant,james.hernandez.3739@off-365.demo.com,Seattle,WA,98101,USA
Sarah,Lopez,The Cheesecake Factory Inc,Specialist,sarah.lopez.3740@off-366.demo.com,Austin,TX,78701,USA
Robert,Gonzalez,The Cheesecake Factory Inc,Coordinator,robert.gonzalez.3741@off-366.demo.com,Chicago,IL,60601,USA
Lisa,Wilson,The Cheesecake Factory Inc,Analyst,lisa.wilson.3742@off-366.demo.com,Denver,CO,80202,USA
William,Anderson,The Cheesecake Factory Inc,Manager,william.anderson.3743@off-366.demo.com,Miami,FL,33101,USA
Betty,Thomas,The Cheesecake Factory Inc,Director,betty.thomas.3744@off-366.demo.com,Portland,OR,97201,USA
Richard,Taylor,The Cheesecake Factory Inc,VP,richard.taylor.3745@off-366.demo.com,Atlanta,GA,30301,USA
Sandra,Moore,The Cheesecake Factory Inc,Engineer,sandra.moore.3746@off-366.demo.com,Boston,MA,02101,USA
Thomas,Jackson,The Cheesecake Factory Inc,Consultant,thomas.jackson.3747@off-366.demo.com,Seattle,WA,98101,USA
Patricia,Martin,The Cheesecake Factory Inc,Specialist,patricia.martin.3748@off-366.demo.com,Austin,TX,78701,USA
Christopher,Lee,The Cheesecake Factory Inc,Coordinator,christopher.lee.3749@off-366.demo.com,Chicago,IL,60601,USA
Linda,Perez,Caleres Inc,Manager,linda.perez.3750@off-367.demo.com,Denver,CO,80202,USA
Matthew,Thompson,Caleres Inc,Director,matthew.thompson.3751@off-367.demo.com,Miami,FL,33101,USA
Barbara,White,Caleres Inc,VP,barbara.white.3752@off-367.demo.com,Portland,OR,97201,USA
Mark,Harris,Caleres Inc,Engineer,mark.harris.3753@off-367.demo.com,Atlanta,GA,30301,USA
Jessica,Sanchez,Caleres Inc,Consultant,jessica.sanchez.3754@off-367.demo.com,Boston,MA,02101,USA
John,Clark,Caleres Inc,Specialist,john.clark.3755@off-367.demo.com,Seattle,WA,98101,USA
Karen,Ramirez,Caleres Inc,Coordinator,karen.ramirez.3756@off-367.demo.com,Austin,TX,78701,USA
Michael,Lewis,Caleres Inc,Analyst,michael.lewis.3757@off-367.demo.com,Chicago,IL,60601,USA
Nancy,Robinson,Caleres Inc,Manager,nancy.robinson.3758@off-367.demo.com,Denver,CO,80202,USA
David,Smith,Caleres Inc,Director,david.smith.3759@off-367.demo.com,Miami,FL,33101,USA
Margaret,Johnson,Calithera Biosciences Inc,Manager,margaret.johnson.3760@off-368.demo.com,Portland,OR,97201,USA
Joseph,Williams,Calithera Biosciences Inc,Director,joseph.williams.3761@off-368.demo.com,Atlanta,GA,30301,USA
Mary,Brown,Calithera Biosciences Inc,VP,mary.brown.3762@off-368.demo.com,Boston,MA,02101,USA
Charles,Jones,Calithera Biosciences Inc,Engineer,charles.jones.3763@off-368.demo.com,Seattle,WA,98101,USA
Jennifer,Garcia,Calithera Biosciences Inc,Consultant,jennifer.garcia.3764@off-368.demo.com,Austin,TX,78701,USA
Daniel,Miller,Calithera Biosciences Inc,Specialist,daniel.miller.3765@off-368.demo.com,Chicago,IL,60601,USA
Elizabeth,Davis,Calithera Biosciences Inc,Coordinator,elizabeth.davis.3766@off-368.demo.com,Denver,CO,80202,USA
Anthony,Rodriguez,Calithera Biosciences Inc,Analyst,anthony.rodriguez.3767@off-368.demo.com,Miami,FL,33101,USA
Susan,Martinez,Calithera Biosciences Inc,Manager,susan.martinez.3768@off-368.demo.com,Portland,OR,97201,USA
James,Hernandez,Calithera Biosciences Inc,Director,james.hernandez.3769@off-368.demo.com,Atlanta,GA,30301,USA
Sarah,Lopez,Callidus Software,VP,sarah.lopez.3770@off-369.demo.com,Boston,MA,02101,USA
Robert,Gonzalez,Callidus Software,Engineer,robert.gonzalez.3771@off-369.demo.com,Seattle,WA,98101,USA
Lisa,Wilson,Callidus Software,Consultant,lisa.wilson.3772@off-369.demo.com,Austin,TX,78701,USA
William,Anderson,Callidus Software,Specialist,william.anderson.3773@off-369.demo.com,Chicago,IL,60601,USA
Betty,Thomas,Callidus Software,Coordinator,betty.thomas.3774@off-369.demo.com,Denver,CO,80202,USA
Richard,Taylor,Callidus Software,Analyst,richard.taylor.3775@off-369.demo.com,Miami,FL,33101,USA
Sandra,Moore,Callidus Software,Manager,sandra.moore.3776@off-369.demo.com,Portland,OR,97201,USA
Thomas,Jackson,Callidus Software,Director,thomas.jackson.3777@off-369.demo.com,Atlanta,GA,30301,USA
Patricia,Martin,Callidus Software,VP,patricia.martin.3778@off-369.demo.com,Boston,MA,02101,USA
Christopher,Lee,Callidus Software,Engineer,christopher.lee.3779@off-369.demo.com,Seattle,WA,98101,USA
Linda,Perez,Cal-Maine Foods,VP,linda.perez.3780@off-370.demo.com,Austin,TX,78701,USA
Matthew,Thompson,Cal-Maine Foods,Engineer,matthew.thompson.3781@off-370.demo.com,Chicago,IL,60601,USA
Barbara,White,Cal-Maine Foods,Consultant,barbara.white.3782@off-370.demo.com,Denver,CO,80202,USA
Mark,Harris,Cal-Maine Foods,Specialist,mark.harris.3783@off-370.demo.com,Miami,FL,33101,USA
Jessica,Sanchez,Cal-Maine Foods,Coordinator,jessica.sanchez.3784@off-370.demo.com,Portland,OR,97201,USA
John,Clark,Cal-Maine Foods,Analyst,john.clark.3785@off-370.demo.com,Atlanta,GA,30301,USA
Karen,Ramirez,Cal-Maine Foods,Manager,karen.ramirez.3786@off-370.demo.com,Boston,MA,02101,USA
Michael,Lewis,Cal-Maine Foods,Director,michael.lewis.3787@off-370.demo.com,Seattle,WA,98101,USA
Nancy,Robinson,Cal-Maine Foods,VP,nancy.robinson.3788@off-370.demo.com,Austin,TX,78701,USA
David,Smith,Cal-Maine Foods,Engineer,david.smith.3789@off-370.demo.com,Chicago,IL,60601,USA
Margaret,Johnson,Calix Inc,Coordinator,margaret.johnson.3790@off-371.demo.com,Denver,CO,80202,USA
Joseph,Williams,Calix Inc,Analyst,joseph.williams.3791@off-371.demo.com,Miami,FL,33101,USA
Mary,Brown,Calix Inc,Manager,mary.brown.3792@off-371.demo.com,Portland,OR,97201,USA
Charles,Jones,Calix Inc,Director,charles.jones.3793@off-371.demo.com,Atlanta,GA,30301,USA
Jennifer,Garcia,Calix Inc,VP,jennifer.garcia.3794@off-371.demo.com,Boston,MA,02101,USA
Daniel,Miller,Calix Inc,Engineer,daniel.miller.3795@off-371.demo.com,Seattle,WA,98101,USA
Elizabeth,Davis,Calix Inc,Consultant,elizabeth.davis.3796@off-371.demo.com,Austin,TX,78701,USA
Anthony,Rodriguez,Calix Inc,Specialist,anthony.rodriguez.3797@off-371.demo.com,Chicago,IL,60601,USA
Susan,Martinez,Calix Inc,Coordinator,susan.martinez.3798@off-371.demo.com,Denver,CO,80202,USA
James,Hernandez,Calix Inc,Analyst,james.hernandez.3799@off-371.demo.com,Miami,FL,33101,USA
Sarah,Lopez,Calamp Corp,VP,sarah.lopez.3800@off-372.demo.com,Portland,OR,97201,USA
Robert,Gonzalez,Calamp Corp,Engineer,robert.gonzalez.3801@off-372.demo.com,Atlanta,GA,30301,USA
Lisa,Wilson,Calamp Corp,Consultant,lisa.wilson.3802@off-372.demo.com,Boston,MA,02101,USA
William,Anderson,Calamp Corp,Specialist,william.anderson.3803@off-372.demo.com,Seattle,WA,98101,USA
Betty,Thomas,Calamp Corp,Coordinator,betty.thomas.3804@off-372.demo.com,Austin,TX,78701,USA
Richard,Taylor,Calamp Corp,Analyst,richard.taylor.3805@off-372.demo.com,Chicago,IL,60601,USA
Sandra,Moore,Calamp Corp,Manager,sandra.moore.3806@off-372.demo.com,Denver,CO,80202,USA
Thomas,Jackson,Calamp Corp,Director,thomas.jackson.3807@off-372.demo.com,Miami,FL,33101,USA
Patricia,Martin,Calamp Corp,VP,patricia.martin.3808@off-372.demo.com,Portland,OR,97201,USA
Christopher,Lee,Calamp Corp,Engineer,christopher.lee.3809@off-372.demo.com,Atlanta,GA,30301,USA
Linda,Perez,Cara Therapeutics Inc,Coordinator,linda.perez.3810@off-373.demo.com,Boston,MA,02101,USA
Matthew,Thompson,Cara Therapeutics Inc,Analyst,matthew.thompson.3811@off-373.demo.com,Seattle,WA,98101,USA
Barbara,White,Cara Therapeutics Inc,Manager,barbara.white.3812@off-373.demo.com,Austin,TX,78701,USA
Mark,Harris,Cara Therapeutics Inc,Director,mark.harris.3813@off-373.demo.com,Chicago,IL,60601,USA
Jessica,Sanchez,Cara Therapeutics Inc,VP,jessica.sanchez.3814@off-373.demo.com,Denver,CO,80202,USA
John,Clark,Cara Therapeutics Inc,Engineer,john.clark.3815@off-373.demo.com,Miami,FL,33101,USA
Karen,Ramirez,Cara Therapeutics Inc,Consultant,karen.ramirez.3816@off-373.demo.com,Portland,OR,97201,USA
Michael,Lewis,Cara Therapeutics Inc,Specialist,michael.lewis.3817@off-373.demo.com,Atlanta,GA,30301,USA
Nancy,Robinson,Cara Therapeutics Inc,Coordinator,nancy.robinson.3818@off-373.demo.com,Boston,MA,02101,USA
David,Smith,Cara Therapeutics Inc,Analyst,david.smith.3819@off-373.demo.com,Seattle,WA,98101,USA
Margaret,Johnson,Carbonite Inc,Manager,margaret.johnson.3820@off-374.demo.com,Austin,TX,78701,USA
Joseph,Williams,Carbonite Inc,Director,joseph.williams.3821@off-374.demo.com,Chicago,IL,60601,USA
Mary,Brown,Carbonite Inc,VP,mary.brown.3822@off-374.demo.com,Denver,CO,80202,USA
Charles,Jones,Carbonite Inc,Engineer,charles.jones.3823@off-374.demo.com,Miami,FL,33101,USA
Jennifer,Garcia,Carbonite Inc,Consultant,jennifer.garcia.3824@off-374.demo.com,Portland,OR,97201,USA
Daniel,Miller,Carbonite Inc,Specialist,daniel.miller.3825@off-374.demo.com,Atlanta,GA,30301,USA
Elizabeth,Davis,Carbonite Inc,Coordinator,elizabeth.davis.3826@off-374.demo.com,Boston,MA,02101,USA
Anthony,Rodriguez,Carbonite Inc,Analyst,anthony.rodriguez.3827@off-374.demo.com,Seattle,WA,98101,USA
Susan,Martinez,Carbonite Inc,Manager,susan.martinez.3828@off-374.demo.com,Austin,TX,78701,USA
James,Hernandez,Carbonite Inc,Director,james.hernandez.3829@off-374.demo.com,Chicago,IL,60601,USA
Sarah,Lopez,Meta Financial Group,Director,sarah.lopez.3830@off-375.demo.com,Denver,CO,80202,USA
Robert,Gonzalez,Meta Financial Group,VP,robert.gonzalez.3831@off-375.demo.com,Miami,FL,33101,USA
Lisa,Wilson,Meta Financial Group,Engineer,lisa.wilson.3832@off-375.demo.com,Portland,OR,97201,USA
William,Anderson,Meta Financial Group,Consultant,william.anderson.3833@off-375.demo.com,Atlanta,GA,30301,USA
Betty,Thomas,Meta Financial Group,Specialist,betty.thomas.3834@off-375.demo.com,Boston,MA,02101,USA
Richard,Taylor,Meta Financial Group,Coordinator,richard.taylor.3835@off-375.demo.com,Seattle,WA,98101,USA
Sandra,Moore,Meta Financial Group,Analyst,sandra.moore.3836@off-375.demo.com,Austin,TX,78701,USA
Thomas,Jackson,Meta Financial Group,Manager,thomas.jackson.3837@off-375.demo.com,Chicago,IL,60601,USA
Patricia,Martin,Meta Financial Group,Director,patricia.martin.3838@off-375.demo.com,Denver,CO,80202,USA
Christopher,Lee,Meta Financial Group,VP,christopher.lee.3839@off-375.demo.com,Miami,FL,33101,USA
Linda,Perez,Cass Information Systems Inc,Engineer,linda.perez.3840@off-376.demo.com,Portland,OR,97201,USA
Matthew,Thompson,Cass Information Systems Inc,Consultant,matthew.thompson.3841@off-376.demo.com,Atlanta,GA,30301,USA
Barbara,White,Cass Information Systems Inc,Specialist,barbara.white.3842@off-376.demo.com,Boston,MA,02101,USA
Mark,Harris,Cass Information Systems Inc,Coordinator,mark.harris.3843@off-376.demo.com,Seattle,WA,98101,USA
Jessica,Sanchez,Cass Information Systems Inc,Analyst,jessica.sanchez.3844@off-376.demo.com,Austin,TX,78701,USA
John,Clark,Cass Information Systems Inc,Manager,john.clark.3845@off-376.demo.com,Chicago,IL,60601,USA
Karen,Ramirez,Cass Information Systems Inc,Director,karen.ramirez.3846@off-376.demo.com,Denver,CO,80202,USA
Michael,Lewis,Cass Information Systems Inc,VP,michael.lewis.3847@off-376.demo.com,Miami,FL,33101,USA
Nancy,Robinson,Cass Information Systems Inc,Engineer,nancy.robinson.3848@off-376.demo.com,Portland,OR,97201,USA
David,Smith,Cass Information Systems Inc,Consultant,david.smith.3849@off-376.demo.com,Atlanta,GA,30301,USA
Margaret,Johnson,Caseys General Stores,Coordinator,margaret.johnson.3850@off-377.demo.com,Boston,MA,02101,USA
Joseph,Williams,Caseys General Stores,Analyst,joseph.williams.3851@off-377.demo.com,Seattle,WA,98101,USA
Mary,Brown,Caseys General Stores,Manager,mary.brown.3852@off-377.demo.com,Austin,TX,78701,USA
Charles,Jones,Caseys General Stores,Director,charles.jones.3853@off-377.demo.com,Chicago,IL,60601,USA
Jennifer,Garcia,Caseys General Stores,VP,jennifer.garcia.3854@off-377.demo.com,Denver,CO,80202,USA
Daniel,Miller,Caseys General Stores,Engineer,daniel.miller.3855@off-377.demo.com,Miami,FL,33101,USA
Elizabeth,Davis,Caseys General Stores,Consultant,elizabeth.davis.3856@off-377.demo.com,Portland,OR,97201,USA
Anthony,Rodriguez,Caseys General Stores,Specialist,anthony.rodriguez.3857@off-377.demo.com,Atlanta,GA,30301,USA
Susan,Martinez,Caseys General Stores,Coordinator,susan.martinez.3858@off-377.demo.com,Boston,MA,02101,USA
James,Hernandez,Caseys General Stores,Analyst,james.hernandez.3859@off-377.demo.com,Seattle,WA,98101,USA
Sarah,Lopez,Cardtronics Inc,VP,sarah.lopez.3860@off-378.demo.com,Austin,TX,78701,USA
Robert,Gonzalez,Cardtronics Inc,Engineer,robert.gonzalez.3861@off-378.demo.com,Chicago,IL,60601,USA
Lisa,Wilson,Cardtronics Inc,Consultant,lisa.wilson.3862@off-378.demo.com,Denver,CO,80202,USA
William,Anderson,Cardtronics Inc,Specialist,william.anderson.3863@off-378.demo.com,Miami,FL,33101,USA
Betty,Thomas,Cardtronics Inc,Coordinator,betty.thomas.3864@off-378.demo.com,Portland,OR,97201,USA
Richard,Taylor,Cardtronics Inc,Analyst,richard.taylor.3865@off-378.demo.com,Atlanta,GA,30301,USA
Sandra,Moore,Cardtronics Inc,Manager,sandra.moore.3866@off-378.demo.com,Boston,MA,02101,USA
Thomas,Jackson,Cardtronics Inc,Director,thomas.jackson.3867@off-378.demo.com,Seattle,WA,98101,USA
Patricia,Martin,Cardtronics Inc,VP,patricia.martin.3868@off-378.demo.com,Austin,TX,78701,USA
Christopher,Lee,Cardtronics Inc,Engineer,christopher.lee.3869@off-378.demo.com,Chicago,IL,60601,USA
Linda,Perez,Cato Corp,Coordinator,linda.perez.3870@off-379.demo.com,Denver,CO,80202,USA
Matthew,Thompson,Cato Corp,Analyst,matthew.thompson.3871@off-379.demo.com,Miami,FL,33101,USA
Barbara,White,Cato Corp,Manager,barbara.white.3872@off-379.demo.com,Portland,OR,97201,USA
Mark,Harris,Cato Corp,Director,mark.harris.3873@off-379.demo.com,Atlanta,GA,30301,USA
Jessica,Sanchez,Cato Corp,VP,jessica.sanchez.3874@off-379.demo.com,Boston,MA,02101,USA
John,Clark,Cato Corp,Engineer,john.clark.3875@off-379.demo.com,Seattle,WA,98101,USA
Karen,Ramirez,Cato Corp,Consultant,karen.ramirez.3876@off-379.demo.com,Austin,TX,78701,USA
Michael,Lewis,Cato Corp,Specialist,michael.lewis.3877@off-379.demo.com,Chicago,IL,60601,USA
Nancy,Robinson,Cato Corp,Coordinator,nancy.robinson.3878@off-379.demo.com,Denver,CO,80202,USA
David,Smith,Cato Corp,Analyst,david.smith.3879@off-379.demo.com,Miami,FL,33101,USA
Margaret,Johnson,Cathay General Bancorp,Specialist,margaret.johnson.3880@off-380.demo.com,Portland,OR,97201,USA
Joseph,Williams,Cathay General Bancorp,Coordinator,joseph.williams.3881@off-380.demo.com,Atlanta,GA,30301,USA
Mary,Brown,Cathay General Bancorp,Analyst,mary.brown.3882@off-380.demo.com,Boston,MA,02101,USA
Charles,Jones,Cathay General Bancorp,Manager,charles.jones.3883@off-380.demo.com,Seattle,WA,98101,USA
Jennifer,Garcia,Cathay General Bancorp,Director,jennifer.garcia.3884@off-380.demo.com,Austin,TX,78701,USA
Daniel,Miller,Cathay General Bancorp,VP,daniel.miller.3885@off-380.demo.com,Chicago,IL,60601,USA
Elizabeth,Davis,Cathay General Bancorp,Engineer,elizabeth.davis.3886@off-380.demo.com,Denver,CO,80202,USA
Anthony,Rodriguez,Cathay General Bancorp,Consultant,anthony.rodriguez.3887@off-380.demo.com,Miami,FL,33101,USA
Susan,Martinez,Cathay General Bancorp,Specialist,susan.martinez.3888@off-380.demo.com,Portland,OR,97201,USA
James,Hernandez,Cathay General Bancorp,Coordinator,james.hernandez.3889@off-380.demo.com,Atlanta,GA,30301,USA
Sarah,Lopez,Cavium Inc,Engineer,sarah.lopez.3890@off-381.demo.com,Boston,MA,02101,USA
Robert,Gonzalez,Cavium Inc,Consultant,robert.gonzalez.3891@off-381.demo.com,Seattle,WA,98101,USA
Lisa,Wilson,Cavium Inc,Specialist,lisa.wilson.3892@off-381.demo.com,Austin,TX,78701,USA
William,Anderson,Cavium Inc,Coordinator,william.anderson.3893@off-381.demo.com,Chicago,IL,60601,USA
Betty,Thomas,Cavium Inc,Analyst,betty.thomas.3894@off-381.demo.com,Denver,CO,80202,USA
Richard,Taylor,Cavium Inc,Manager,richard.taylor.3895@off-381.demo.com,Miami,FL,33101,USA
Sandra,Moore,Cavium Inc,Director,sandra.moore.3896@off-381.demo.com,Portland,OR,97201,USA
Thomas,Jackson,Cavium Inc,VP,thomas.jackson.3897@off-381.demo.com,Atlanta,GA,30301,USA
Patricia,Martin,Cavium Inc,Engineer,patricia.martin.3898@off-381.demo.com,Boston,MA,02101,USA
Christopher,Lee,Cavium Inc,Consultant,christopher.lee.3899@off-381.demo.com,Seattle,WA,98101,USA
Linda,Perez,Cincinnati Bell Inc,Coordinator,linda.perez.3900@off-382.demo.com,Austin,TX,78701,USA
Matthew,Thompson,Cincinnati Bell Inc,Analyst,matthew.thompson.3901@off-382.demo.com,Chicago,IL,60601,USA
Barbara,White,Cincinnati Bell Inc,Manager,barbara.white.3902@off-382.demo.com,Denver,CO,80202,USA
Mark,Harris,Cincinnati Bell Inc,Director,mark.harris.3903@off-382.demo.com,Miami,FL,33101,USA
Jessica,Sanchez,Cincinnati Bell Inc,VP,jessica.sanchez.3904@off-382.demo.com,Portland,OR,97201,USA
John,Clark,Cincinnati Bell Inc,Engineer,john.clark.3905@off-382.demo.com,Atlanta,GA,30301,USA
Karen,Ramirez,Cincinnati Bell Inc,Consultant,karen.ramirez.3906@off-382.demo.com,Boston,MA,02101,USA
Michael,Lewis,Cincinnati Bell Inc,Specialist,michael.lewis.3907@off-382.demo.com,Seattle,WA,98101,USA
Nancy,Robinson,Cincinnati Bell Inc,Coordinator,nancy.robinson.3908@off-382.demo.com,Austin,TX,78701,USA
David,Smith,Cincinnati Bell Inc,Analyst,david.smith.3909@off-382.demo.com,Chicago,IL,60601,USA
Margaret,Johnson,Capital Bank Financial Corp,Manager,margaret.johnson.3910@off-383.demo.com,Denver,CO,80202,USA
Joseph,Williams,Capital Bank Financial Corp,Director,joseph.williams.3911@off-383.demo.com,Miami,FL,33101,USA
Mary,Brown,Capital Bank Financial Corp,VP,mary.brown.3912@off-383.demo.com,Portland,OR,97201,USA
Charles,Jones,Capital Bank Financial Corp,Engineer,charles.jones.3913@off-383.demo.com,Atlanta,GA,30301,USA
Jennifer,Garcia,Capital Bank Financial Corp,Consultant,jennifer.garcia.3914@off-383.demo.com,Boston,MA,02101,USA
Daniel,Miller,Capital Bank Financial Corp,Specialist,daniel.miller.3915@off-383.demo.com,Seattle,WA,98101,USA
Elizabeth,Davis,Capital Bank Financial Corp,Coordinator,elizabeth.davis.3916@off-383.demo.com,Austin,TX,78701,USA
Anthony,Rodriguez,Capital Bank Financial Corp,Analyst,anthony.rodriguez.3917@off-383.demo.com,Chicago,IL,60601,USA
Susan,Martinez,Capital Bank Financial Corp,Manager,susan.martinez.3918@off-383.demo.com,Denver,CO,80202,USA
James,Hernandez,Capital Bank Financial Corp,Director,james.hernandez.3919@off-383.demo.com,Miami,FL,33101,USA
Sarah,Lopez,Christopher & Banks Corp,Analyst,sarah.lopez.3920@off-384.demo.com,Portland,OR,97201,USA
Robert,Gonzalez,Christopher & Banks Corp,Manager,robert.gonzalez.3921@off-384.demo.com,Atlanta,GA,30301,USA
Lisa,Wilson,Christopher & Banks Corp,Director,lisa.wilson.3922@off-384.demo.com,Boston,MA,02101,USA
William,Anderson,Christopher & Banks Corp,VP,william.anderson.3923@off-384.demo.com,Seattle,WA,98101,USA
Betty,Thomas,Christopher & Banks Corp,Engineer,betty.thomas.3924@off-384.demo.com,Austin,TX,78701,USA
Richard,Taylor,Christopher & Banks Corp,Consultant,richard.taylor.3925@off-384.demo.com,Chicago,IL,60601,USA
Sandra,Moore,Christopher & Banks Corp,Specialist,sandra.moore.3926@off-384.demo.com,Denver,CO,80202,USA
Thomas,Jackson,Christopher & Banks Corp,Coordinator,thomas.jackson.3927@off-384.demo.com,Miami,FL,33101,USA
Patricia,Martin,Christopher & Banks Corp,Analyst,patricia.martin.3928@off-384.demo.com,Portland,OR,97201,USA
Christopher,Lee,Christopher & Banks Corp,Manager,christopher.lee.3929@off-384.demo.com,Atlanta,GA,30301,USA
Linda,Perez,Cambrex Corp,Specialist,linda.perez.3930@off-385.demo.com,Boston,MA,02101,USA
Matthew,Thompson,Cambrex Corp,Coordinator,matthew.thompson.3931@off-385.demo.com,Seattle,WA,98101,USA
Barbara,White,Cambrex Corp,Analyst,barbara.white.3932@off-385.demo.com,Austin,TX,78701,USA
Mark,Harris,Cambrex Corp,Manager,mark.harris.3933@off-385.demo.com,Chicago,IL,60601,USA
Jessica,Sanchez,Cambrex Corp,Director,jessica.sanchez.3934@off-385.demo.com,Denver,CO,80202,USA
John,Clark,Cambrex Corp,VP,john.clark.3935@off-385.demo.com,Miami,FL,33101,USA
Karen,Ramirez,Cambrex Corp,Engineer,karen.ramirez.3936@off-385.demo.com,Portland,OR,97201,USA
Michael,Lewis,Cambrex Corp,Consultant,michael.lewis.3937@off-385.demo.com,Atlanta,GA,30301,USA
Nancy,Robinson,Cambrex Corp,Specialist,nancy.robinson.3938@off-385.demo.com,Boston,MA,02101,USA
David,Smith,Cambrex Corp,Coordinator,david.smith.3939@off-385.demo.com,Seattle,WA,98101,USA
Margaret,Johnson,Cellular Biomedicine Group Inc,Director,margaret.johnson.3940@off-386.demo.com,Austin,TX,78701,USA
Joseph,Williams,Cellular Biomedicine Group Inc,VP,joseph.williams.3941@off-386.demo.com,Chicago,IL,60601,USA
Mary,Brown,Cellular Biomedicine Group Inc,Engineer,mary.brown.3942@off-386.demo.com,Denver,CO,80202,USA
Charles,Jones,Cellular Biomedicine Group Inc,Consultant,charles.jones.3943@off-386.demo.com,Miami,FL,33101,USA
Jennifer,Garcia,Cellular Biomedicine Group Inc,Specialist,jennifer.garcia.3944@off-386.demo.com,Portland,OR,97201,USA
Daniel,Miller,Cellular Biomedicine Group Inc,Coordinator,daniel.miller.3945@off-386.demo.com,Atlanta,GA,30301,USA
Elizabeth,Davis,Cellular Biomedicine Group Inc,Analyst,elizabeth.davis.3946@off-386.demo.com,Boston,MA,02101,USA
Anthony,Rodriguez,Cellular Biomedicine Group Inc,Manager,anthony.rodriguez.3947@off-386.demo.com,Seattle,WA,98101,USA
Susan,Martinez,Cellular Biomedicine Group Inc,Director,susan.martinez.3948@off-386.demo.com,Austin,TX,78701,USA
James,Hernandez,Cellular Biomedicine Group Inc,VP,james.hernandez.3949@off-386.demo.com,Chicago,IL,60601,USA
Sarah,Lopez,Continental Building Products,VP,sarah.lopez.3950@off-387.demo.com,Denver,CO,80202,USA
Robert,Gonzalez,Continental Building Products,Engineer,robert.gonzalez.3951@off-387.demo.com,Miami,FL,33101,USA
Lisa,Wilson,Continental Building Products,Consultant,lisa.wilson.3952@off-387.demo.com,Portland,OR,97201,USA
William,Anderson,Continental Building Products,Specialist,william.anderson.3953@off-387.demo.com,Atlanta,GA,30301,USA
Betty,Thomas,Continental Building Products,Coordinator,betty.thomas.3954@off-387.demo.com,Boston,MA,02101,USA
Richard,Taylor,Continental Building Products,Analyst,richard.taylor.3955@off-387.demo.com,Seattle,WA,98101,USA
Sandra,Moore,Continental Building Products,Manager,sandra.moore.3956@off-387.demo.com,Austin,TX,78701,USA
Thomas,Jackson,Continental Building Products,Director,thomas.jackson.3957@off-387.demo.com,Chicago,IL,60601,USA
Patricia,Martin,Continental Building Products,VP,patricia.martin.3958@off-387.demo.com,Denver,CO,80202,USA
Christopher,Lee,Continental Building Products,Engineer,christopher.lee.3959@off-387.demo.com,Miami,FL,33101,USA
Linda,Perez,Ciber Inc,Manager,linda.perez.3960@off-388.demo.com,Portland,OR,97201,USA
Matthew,Thompson,Ciber Inc,Director,matthew.thompson.3961@off-388.demo.com,Atlanta,GA,30301,USA
Barbara,White,Ciber Inc,VP,barbara.white.3962@off-388.demo.com,Boston,MA,02101,USA
Mark,Harris,Ciber Inc,Engineer,mark.harris.3963@off-388.demo.com,Seattle,WA,98101,USA
Jessica,Sanchez,Ciber Inc,Consultant,jessica.sanchez.3964@off-388.demo.com,Austin,TX,78701,USA
John,Clark,Ciber Inc,Specialist,john.clark.3965@off-388.demo.com,Chicago,IL,60601,USA
Karen,Ramirez,Ciber Inc,Coordinator,karen.ramirez.3966@off-388.demo.com,Denver,CO,80202,USA
Michael,Lewis,Ciber Inc,Analyst,michael.lewis.3967@off-388.demo.com,Miami,FL,33101,USA
Nancy,Robinson,Ciber Inc,Manager,nancy.robinson.3968@off-388.demo.com,Portland,OR,97201,USA
David,Smith,Ciber Inc,Director,david.smith.3969@off-388.demo.com,Atlanta,GA,30301,USA
Margaret,Johnson,Cracker Barrel Old Country Store,Director,margaret.johnson.3970@off-389.demo.com,Boston,MA,02101,USA
Joseph,Williams,Cracker Barrel Old Country Store,VP,joseph.williams.3971@off-389.demo.com,Seattle,WA,98101,USA
Mary,Brown,Cracker Barrel Old Country Store,Engineer,mary.brown.3972@off-389.demo.com,Austin,TX,78701,USA
Charles,Jones,Cracker Barrel Old Country Store,Consultant,charles.jones.3973@off-389.demo.com,Chicago,IL,60601,USA
Jennifer,Garcia,Cracker Barrel Old Country Store,Specialist,jennifer.garcia.3974@off-389.demo.com,Denver,CO,80202,USA
Daniel,Miller,Cracker Barrel Old Country Store,Coordinator,daniel.miller.3975@off-389.demo.com,Miami,FL,33101,USA
Elizabeth,Davis,Cracker Barrel Old Country Store,Analyst,elizabeth.davis.3976@off-389.demo.com,Portland,OR,97201,USA
Anthony,Rodriguez,Cracker Barrel Old Country Store,Manager,anthony.rodriguez.3977@off-389.demo.com,Atlanta,GA,30301,USA
Susan,Martinez,Cracker Barrel Old Country Store,Director,susan.martinez.3978@off-389.demo.com,Boston,MA,02101,USA
James,Hernandez,Cracker Barrel Old Country Store,VP,james.hernandez.3979@off-389.demo.com,Seattle,WA,98101,USA
Sarah,Lopez,Community Bank System,Manager,sarah.lopez.3980@off-390.demo.com,Austin,TX,78701,USA
Robert,Gonzalez,Community Bank System,Director,robert.gonzalez.3981@off-390.demo.com,Chicago,IL,60601,USA
Lisa,Wilson,Community Bank System,VP,lisa.wilson.3982@off-390.demo.com,Denver,CO,80202,USA
William,Anderson,Community Bank System,Engineer,william.anderson.3983@off-390.demo.com,Miami,FL,33101,USA
Betty,Thomas,Community Bank System,Consultant,betty.thomas.3984@off-390.demo.com,Portland,OR,97201,USA
Richard,Taylor,Community Bank System,Specialist,richard.taylor.3985@off-390.demo.com,Atlanta,GA,30301,USA
Sandra,Moore,Community Bank System,Coordinator,sandra.moore.3986@off-390.demo.com,Boston,MA,02101,USA
Thomas,Jackson,Community Bank System,Analyst,thomas.jackson.3987@off-390.demo.com,Seattle,WA,98101,USA
Patricia,Martin,Community Bank System,Manager,patricia.martin.3988@off-390.demo.com,Austin,TX,78701,USA
Christopher,Lee,Community Bank System,Director,christopher.lee.3989@off-390.demo.com,Chicago,IL,60601,USA
Linda,Perez,Carbylan Therapeutics Inc,Coordinator,linda.perez.3990@off-391.demo.com,Denver,CO,80202,USA
Matthew,Thompson,Carbylan Therapeutics Inc,Analyst,matthew.thompson.3991@off-391.demo.com,Miami,FL,33101,USA
Barbara,White,Carbylan Therapeutics Inc,Manager,barbara.white.3992@off-391.demo.com,Portland,OR,97201,USA
Mark,Harris,Carbylan Therapeutics Inc,Director,mark.harris.3993@off-391.demo.com,Atlanta,GA,30301,USA
Jessica,Sanchez,Carbylan Therapeutics Inc,VP,jessica.sanchez.3994@off-391.demo.com,Boston,MA,02101,USA
John,Clark,Carbylan Therapeutics Inc,Engineer,john.clark.3995@off-391.demo.com,Seattle,WA,98101,USA
Karen,Ramirez,Carbylan Therapeutics Inc,Consultant,karen.ramirez.3996@off-391.demo.com,Austin,TX,78701,USA
Michael,Lewis,Carbylan Therapeutics Inc,Specialist,michael.lewis.3997@off-391.demo.com,Chicago,IL,60601,USA
Nancy,Robinson,Carbylan Therapeutics Inc,Coordinator,nancy.robinson.3998@off-391.demo.com,Denver,CO,80202,USA
David,Smith,Carbylan Therapeutics Inc,Analyst,david.smith.3999@off-391.demo.com,Miami,FL,33101,USA
Margaret,Johnson,Cbiz Inc,Analyst,margaret.johnson.4000@off-392.demo.com,Portland,OR,97201,USA
Joseph,Williams,Cbiz Inc,Manager,joseph.williams.4001@off-392.demo.com,Atlanta,GA,30301,USA
Mary,Brown,Cbiz Inc,Director,mary.brown.4002@off-392.demo.com,Boston,MA,02101,USA
Charles,Jones,Cbiz Inc,VP,charles.jones.4003@off-392.demo.com,Seattle,WA,98101,USA
Jennifer,Garcia,Cbiz Inc,Engineer,jennifer.garcia.4004@off-392.demo.com,Austin,TX,78701,USA
Daniel,Miller,Cbiz Inc,Consultant,daniel.miller.4005@off-392.demo.com,Chicago,IL,60601,USA
Elizabeth,Davis,Cbiz Inc,Specialist,elizabeth.davis.4006@off-392.demo.com,Denver,CO,80202,USA
Anthony,Rodriguez,Cbiz Inc,Coordinator,anthony.rodriguez.4007@off-392.demo.com,Miami,FL,33101,USA
Susan,Martinez,Cbiz Inc,Analyst,susan.martinez.4008@off-392.demo.com,Portland,OR,97201,USA
James,Hernandez,Cbiz Inc,Manager,james.hernandez.4009@off-392.demo.com,Atlanta,GA,30301,USA
Sarah,Lopez,Capital City Bank Group,Manager,sarah.lopez.4010@off-393.demo.com,Boston,MA,02101,USA
Robert,Gonzalez,Capital City Bank Group,Director,robert.gonzalez.4011@off-393.demo.com,Seattle,WA,98101,USA
Lisa,Wilson,Capital City Bank Group,VP,lisa.wilson.4012@off-393.demo.com,Austin,TX,78701,USA
William,Anderson,Capital City Bank Group,Engineer,william.anderson.4013@off-393.demo.com,Chicago,IL,60601,USA
Betty,Thomas,Capital City Bank Group,Consultant,betty.thomas.4014@off-393.demo.com,Denver,CO,80202,USA
Richard,Taylor,Capital City Bank Group,Specialist,richard.taylor.4015@off-393.demo.com,Miami,FL,33101,USA
Sandra,Moore,Capital City Bank Group,Coordinator,sandra.moore.4016@off-393.demo.com,Portland,OR,97201,USA
Thomas,Jackson,Capital City Bank Group,Analyst,thomas.jackson.4017@off-393.demo.com,Atlanta,GA,30301,USA
Patricia,Martin,Capital City Bank Group,Manager,patricia.martin.4018@off-393.demo.com,Boston,MA,02101,USA
Christopher,Lee,Capital City Bank Group,Director,christopher.lee.4019@off-393.demo.com,Seattle,WA,98101,USA
Linda,Perez,Calgon Carbon Corp,Specialist,linda.perez.4020@off-394.demo.com,Austin,TX,78701,USA
Matthew,Thompson,Calgon Carbon Corp,Coordinator,matthew.thompson.4021@off-394.demo.com,Chicago,IL,60601,USA
Barbara,White,Calgon Carbon Corp,Analyst,barbara.white.4022@off-394.demo.com,Denver,CO,80202,USA
Mark,Harris,Calgon Carbon Corp,Manager,mark.harris.4023@off-394.demo.com,Miami,FL,33101,USA
Jessica,Sanchez,Calgon Carbon Corp,Director,jessica.sanchez.4024@off-394.demo.com,Portland,OR,97201,USA
John,Clark,Calgon Carbon Corp,VP,john.clark.4025@off-394.demo.com,Atlanta,GA,30301,USA
Karen,Ramirez,Calgon Carbon Corp,Engineer,karen.ramirez.4026@off-394.demo.com,Boston,MA,02101,USA
Michael,Lewis,Calgon Carbon Corp,Consultant,michael.lewis.4027@off-394.demo.com,Seattle,WA,98101,USA
Nancy,Robinson,Calgon Carbon Corp,Specialist,nancy.robinson.4028@off-394.demo.com,Austin,TX,78701,USA
David,Smith,Calgon Carbon Corp,Coordinator,david.smith.4029@off-394.demo.com,Chicago,IL,60601,USA
Margaret,Johnson,Chase Corp,Analyst,margaret.johnson.4030@off-395.demo.com,Denver,CO,80202,USA
Joseph,Williams,Chase Corp,Manager,joseph.williams.4031@off-395.demo.com,Miami,FL,33101,USA
Mary,Brown,Chase Corp,Director,mary.brown.4032@off-395.demo.com,Portland,OR,97201,USA
Charles,Jones,Chase Corp,VP,charles.jones.4033@off-395.demo.com,Atlanta,GA,30301,USA
Jennifer,Garcia,Chase Corp,Engineer,jennifer.garcia.4034@off-395.demo.com,Boston,MA,02101,USA
Daniel,Miller,Chase Corp,Consultant,daniel.miller.4035@off-395.demo.com,Seattle,WA,98101,USA
Elizabeth,Davis,Chase Corp,Specialist,elizabeth.davis.4036@off-395.demo.com,Austin,TX,78701,USA
Anthony,Rodriguez,Chase Corp,Coordinator,anthony.rodriguez.4037@off-395.demo.com,Chicago,IL,60601,USA
Susan,Martinez,Chase Corp,Analyst,susan.martinez.4038@off-395.demo.com,Denver,CO,80202,USA
James,Hernandez,Chase Corp,Manager,james.hernandez.4039@off-395.demo.com,Miami,FL,33101,USA
Sarah,Lopez,Campus Crest Communities,Analyst,sarah.lopez.4040@off-396.demo.com,Portland,OR,97201,USA
Robert,Gonzalez,Campus Crest Communities,Manager,robert.gonzalez.4041@off-396.demo.com,Atlanta,GA,30301,USA
Lisa,Wilson,Campus Crest Communities,Director,lisa.wilson.4042@off-396.demo.com,Boston,MA,02101,USA
William,Anderson,Campus Crest Communities,VP,william.anderson.4043@off-396.demo.com,Seattle,WA,98101,USA
Betty,Thomas,Campus Crest Communities,Engineer,betty.thomas.4044@off-396.demo.com,Austin,TX,78701,USA
Richard,Taylor,Campus Crest Communities,Consultant,richard.taylor.4045@off-396.demo.com,Chicago,IL,60601,USA
Sandra,Moore,Campus Crest Communities,Specialist,sandra.moore.4046@off-396.demo.com,Denver,CO,80202,USA
Thomas,Jackson,Campus Crest Communities,Coordinator,thomas.jackson.4047@off-396.demo.com,Miami,FL,33101,USA
Patricia,Martin,Campus Crest Communities,Analyst,patricia.martin.4048@off-396.demo.com,Portland,OR,97201,USA
Christopher,Lee,Campus Crest Communities,Manager,christopher.lee.4049@off-396.demo.com,Atlanta,GA,30301,USA
Linda,Perez,Cabot Microelectronics Corp,Consultant,linda.perez.4050@off-397.demo.com,Boston,MA,02101,USA
Matthew,Thompson,Cabot Microelectronics Corp,Specialist,matthew.thompson.4051@off-397.demo.com,Seattle,WA,98101,USA
Barbara,White,Cabot Microelectronics Corp,Coordinator,barbara.white.4052@off-397.demo.com,Austin,TX,78701,USA
Mark,Harris,Cabot Microelectronics Corp,Analyst,mark.harris.4053@off-397.demo.com,Chicago,IL,60601,USA
Jessica,Sanchez,Cabot Microelectronics Corp,Manager,jessica.sanchez.4054@off-397.demo.com,Denver,CO,80202,USA
John,Clark,Cabot Microelectronics Corp,Director,john.clark.4055@off-397.demo.com,Miami,FL,33101,USA
Karen,Ramirez,Cabot Microelectronics Corp,VP,karen.ramirez.4056@off-397.demo.com,Portland,OR,97201,USA
Michael,Lewis,Cabot Microelectronics Corp,Engineer,michael.lewis.4057@off-397.demo.com,Atlanta,GA,30301,USA
Nancy,Robinson,Cabot Microelectronics Corp,Consultant,nancy.robinson.4058@off-397.demo.com,Boston,MA,02101,USA
David,Smith,Cabot Microelectronics Corp,Specialist,david.smith.4059@off-397.demo.com,Seattle,WA,98101,USA
Margaret,Johnson,Cnb Financial Corp,Specialist,margaret.johnson.4060@off-398.demo.com,Austin,TX,78701,USA
Joseph,Williams,Cnb Financial Corp,Coordinator,joseph.williams.4061@off-398.demo.com,Chicago,IL,60601,USA
Mary,Brown,Cnb Financial Corp,Analyst,mary.brown.4062@off-398.demo.com,Denver,CO,80202,USA
Charles,Jones,Cnb Financial Corp,Manager,charles.jones.4063@off-398.demo.com,Miami,FL,33101,USA
Jennifer,Garcia,Cnb Financial Corp,Director,jennifer.garcia.4064@off-398.demo.com,Portland,OR,97201,USA
Daniel,Miller,Cnb Financial Corp,VP,daniel.miller.4065@off-398.demo.com,Atlanta,GA,30301,USA
Elizabeth,Davis,Cnb Financial Corp,Engineer,elizabeth.davis.4066@off-398.demo.com,Boston,MA,02101,USA
Anthony,Rodriguez,Cnb Financial Corp,Consultant,anthony.rodriguez.4067@off-398.demo.com,Seattle,WA,98101,USA
Susan,Martinez,Cnb Financial Corp,Specialist,susan.martinez.4068@off-398.demo.com,Austin,TX,78701,USA
James,Hernandez,Cnb Financial Corp,Coordinator,james.hernandez.4069@off-398.demo.com,Chicago,IL,60601,USA
Sarah,Lopez,Cogent Communications Group,Manager,sarah.lopez.4070@off-399.demo.com,Denver,CO,80202,USA
Robert,Gonzalez,Cogent Communications Group,Director,robert.gonzalez.4071@off-399.demo.com,Miami,FL,33101,USA
Lisa,Wilson,Cogent Communications Group,VP,lisa.wilson.4072@off-399.demo.com,Portland,OR,97201,USA
William,Anderson,Cogent Communications Group,Engineer,william.anderson.4073@off-399.demo.com,Atlanta,GA,30301,USA
Betty,Thomas,Cogent Communications Group,Consultant,betty.thomas.4074@off-399.demo.com,Boston,MA,02101,USA
Richard,Taylor,Cogent Communications Group,Specialist,richard.taylor.4075@off-399.demo.com,Seattle,WA,98101,USA
Sandra,Moore,Cogent Communications Group,Coordinator,sandra.moore.4076@off-399.demo.com,Austin,TX,78701,USA
Thomas,Jackson,Cogent Communications Group,Analyst,thomas.jackson.4077@off-399.demo.com,Chicago,IL,60601,USA
Patricia,Martin,Cogent Communications Group,Manager,patricia.martin.4078@off-399.demo.com,Denver,CO,80202,USA
Christopher,Lee,Cogent Communications Group,Director,christopher.lee.4079@off-399.demo.com,Miami,FL,33101,USA
Linda,Perez,Cross Country Healthcare,Analyst,linda.perez.4080@off-400.demo.com,Portland,OR,97201,USA
Matthew,Thompson,Cross Country Healthcare,Manager,matthew.thompson.4081@off-400.demo.com,Atlanta,GA,30301,USA
Barbara,White,Cross Country Healthcare,Director,barbara.white.4082@off-400.demo.com,Boston,MA,02101,USA
Mark,Harris,Cross Country Healthcare,VP,mark.harris.4083@off-400.demo.com,Seattle,WA,98101,USA
Jessica,Sanchez,Cross Country Healthcare,Engineer,jessica.sanchez.4084@off-400.demo.com,Austin,TX,78701,USA
John,Clark,Cross Country Healthcare,Consultant,john.clark.4085@off-400.demo.com,Chicago,IL,60601,USA
Karen,Ramirez,Cross Country Healthcare,Specialist,karen.ramirez.4086@off-400.demo.com,Denver,CO,80202,USA
Michael,Lewis,Cross Country Healthcare,Coordinator,michael.lewis.4087@off-400.demo.com,Miami,FL,33101,USA
Nancy,Robinson,Cross Country Healthcare,Analyst,nancy.robinson.4088@off-400.demo.com,Portland,OR,97201,USA
David,Smith,Cross Country Healthcare,Manager,david.smith.4089@off-400.demo.com,Atlanta,GA,30301,USA
Margaret,Johnson,Century Communities Inc,Manager,margaret.johnson.4090@off-401.demo.com,Boston,MA,02101,USA
Joseph,Williams,Century Communities Inc,Director,joseph.williams.4091@off-401.demo.com,Seattle,WA,98101,USA
Mary,Brown,Century Communities Inc,VP,mary.brown.4092@off-401.demo.com,Austin,TX,78701,USA
Charles,Jones,Century Communities Inc,Engineer,charles.jones.4093@off-401.demo.com,Chicago,IL,60601,USA
Jennifer,Garcia,Century Communities Inc,Consultant,jennifer.garcia.4094@off-401.demo.com,Denver,CO,80202,USA
Daniel,Miller,Century Communities Inc,Specialist,daniel.miller.4095@off-401.demo.com,Miami,FL,33101,USA
Elizabeth,Davis,Century Communities Inc,Coordinator,elizabeth.davis.4096@off-401.demo.com,Portland,OR,97201,USA
Anthony,Rodriguez,Century Communities Inc,Analyst,anthony.rodriguez.4097@off-401.demo.com,Atlanta,GA,30301,USA
Susan,Martinez,Century Communities Inc,Manager,susan.martinez.4098@off-401.demo.com,Boston,MA,02101,USA
James,Hernandez,Century Communities Inc,Director,james.hernandez.4099@off-401.demo.com,Seattle,WA,98101,USA
Sarah,Lopez,Chemocentryx Inc,Engineer,sarah.lopez.4100@off-402.demo.com,Austin,TX,78701,USA
Robert,Gonzalez,Chemocentryx Inc,Consultant,robert.gonzalez.4101@off-402.demo.com,Chicago,IL,60601,USA
Lisa,Wilson,Chemocentryx Inc,Specialist,lisa.wilson.4102@off-402.demo.com,Denver,CO,80202,USA
William,Anderson,Chemocentryx Inc,Coordinator,william.anderson.4103@off-402.demo.com,Miami,FL,33101,USA
Betty,Thomas,Chemocentryx Inc,Analyst,betty.thomas.4104@off-402.demo.com,Portland,OR,97201,USA
Richard,Taylor,Chemocentryx Inc,Manager,richard.taylor.4105@off-402.demo.com,Atlanta,GA,30301,USA
Sandra,Moore,Chemocentryx Inc,Director,sandra.moore.4106@off-402.demo.com,Boston,MA,02101,USA
Thomas,Jackson,Chemocentryx Inc,VP,thomas.jackson.4107@off-402.demo.com,Seattle,WA,98101,USA
Patricia,Martin,Chemocentryx Inc,Engineer,patricia.martin.4108@off-402.demo.com,Austin,TX,78701,USA
Christopher,Lee,Chemocentryx Inc,Consultant,christopher.lee.4109@off-402.demo.com,Chicago,IL,60601,USA
Linda,Perez,Coeur Mining Inc,Specialist,linda.perez.4110@off-403.demo.com,Denver,CO,80202,USA
Matthew,Thompson,Coeur Mining Inc,Coordinator,matthew.thompson.4111@off-403.demo.com,Miami,FL,33101,USA
Barbara,White,Coeur Mining Inc,Analyst,barbara.white.4112@off-403.demo.com,Portland,OR,97201,USA
Mark,Harris,Coeur Mining Inc,Manager,mark.harris.4113@off-403.demo.com,Atlanta,GA,30301,USA
Jessica,Sanchez,Coeur Mining Inc,Director,jessica.sanchez.4114@off-403.demo.com,Boston,MA,02101,USA
John,Clark,Coeur Mining Inc,VP,john.clark.4115@off-403.demo.com,Seattle,WA,98101,USA
Karen,Ramirez,Coeur Mining Inc,Engineer,karen.ramirez.4116@off-403.demo.com,Austin,TX,78701,USA
Michael,Lewis,Coeur Mining Inc,Consultant,michael.lewis.4117@off-403.demo.com,Chicago,IL,60601,USA
Nancy,Robinson,Coeur Mining Inc,Specialist,nancy.robinson.4118@off-403.demo.com,Denver,CO,80202,USA
David,Smith,Coeur Mining Inc,Coordinator,david.smith.4119@off-403.demo.com,Miami,FL,33101,USA
Margaret,Johnson,Cdi Corp,Analyst,margaret.johnson.4120@off-404.demo.com,Portland,OR,97201,USA
Joseph,Williams,Cdi Corp,Manager,joseph.williams.4121@off-404.demo.com,Atlanta,GA,30301,USA
Mary,Brown,Cdi Corp,Director,mary.brown.4122@off-404.demo.com,Boston,MA,02101,USA
Charles,Jones,Cdi Corp,VP,charles.jones.4123@off-404.demo.com,Seattle,WA,98101,USA
Jennifer,Garcia,Cdi Corp,Engineer,jennifer.garcia.4124@off-404.demo.com,Austin,TX,78701,USA
Daniel,Miller,Cdi Corp,Consultant,daniel.miller.4125@off-404.demo.com,Chicago,IL,60601,USA
Elizabeth,Davis,Cdi Corp,Specialist,elizabeth.davis.4126@off-404.demo.com,Denver,CO,80202,USA
Anthony,Rodriguez,Cdi Corp,Coordinator,anthony.rodriguez.4127@off-404.demo.com,Miami,FL,33101,USA
Susan,Martinez,Cdi Corp,Analyst,susan.martinez.4128@off-404.demo.com,Portland,OR,97201,USA
James,Hernandez,Cdi Corp,Manager,james.hernandez.4129@off-404.demo.com,Atlanta,GA,30301,USA
Sarah,Lopez,Cedar Shopping Centers Inc,Engineer,sarah.lopez.4130@off-405.demo.com,Boston,MA,02101,USA
Robert,Gonzalez,Cedar Shopping Centers Inc,Consultant,robert.gonzalez.4131@off-405.demo.com,Seattle,WA,98101,USA
Lisa,Wilson,Cedar Shopping Centers Inc,Specialist,lisa.wilson.4132@off-405.demo.com,Austin,TX,78701,USA
William,Anderson,Cedar Shopping Centers Inc,Coordinator,william.anderson.4133@off-405.demo.com,Chicago,IL,60601,USA
Betty,Thomas,Cedar Shopping Centers Inc,Analyst,betty.thomas.4134@off-405.demo.com,Denver,CO,80202,USA
Richard,Taylor,Cedar Shopping Centers Inc,Manager,richard.taylor.4135@off-405.demo.com,Miami,FL,33101,USA
Sandra,Moore,Cedar Shopping Centers Inc,Director,sandra.moore.4136@off-405.demo.com,Portland,OR,97201,USA
Thomas,Jackson,Cedar Shopping Centers Inc,VP,thomas.jackson.4137@off-405.demo.com,Atlanta,GA,30301,USA
Patricia,Martin,Cedar Shopping Centers Inc,Engineer,patricia.martin.4138@off-405.demo.com,Boston,MA,02101,USA
Christopher,Lee,Cedar Shopping Centers Inc,Consultant,christopher.lee.4139@off-405.demo.com,Seattle,WA,98101,USA
Linda,Perez,Code Rebel Corp,VP,linda.perez.4140@off-406.demo.com,Austin,TX,78701,USA
Matthew,Thompson,Code Rebel Corp,Engineer,matthew.thompson.4141@off-406.demo.com,Chicago,IL,60601,USA
Barbara,White,Code Rebel Corp,Consultant,barbara.white.4142@off-406.demo.com,Denver,CO,80202,USA
Mark,Harris,Code Rebel Corp,Specialist,mark.harris.4143@off-406.demo.com,Miami,FL,33101,USA
Jessica,Sanchez,Code Rebel Corp,Coordinator,jessica.sanchez.4144@off-406.demo.com,Portland,OR,97201,USA
John,Clark,Code Rebel Corp,Analyst,john.clark.4145@off-406.demo.com,Atlanta,GA,30301,USA
Karen,Ramirez,Code Rebel Corp,Manager,karen.ramirez.4146@off-406.demo.com,Boston,MA,02101,USA
Michael,Lewis,Code Rebel Corp,Director,michael.lewis.4147@off-406.demo.com,Seattle,WA,98101,USA
Nancy,Robinson,Code Rebel Corp,VP,nancy.robinson.4148@off-406.demo.com,Austin,TX,78701,USA
David,Smith,Code Rebel Corp,Engineer,david.smith.4149@off-406.demo.com,Chicago,IL,60601,USA
Margaret,Johnson,Cidara Therapeutics Inc,Consultant,margaret.johnson.4150@off-407.demo.com,Denver,CO,80202,USA
Joseph,Williams,Cidara Therapeutics Inc,Specialist,joseph.williams.4151@off-407.demo.com,Miami,FL,33101,USA
Mary,Brown,Cidara Therapeutics Inc,Coordinator,mary.brown.4152@off-407.demo.com,Portland,OR,97201,USA
Charles,Jones,Cidara Therapeutics Inc,Analyst,charles.jones.4153@off-407.demo.com,Atlanta,GA,30301,USA
Jennifer,Garcia,Cidara Therapeutics Inc,Manager,jennifer.garcia.4154@off-407.demo.com,Boston,MA,02101,USA
Daniel,Miller,Cidara Therapeutics Inc,Director,daniel.miller.4155@off-407.demo.com,Seattle,WA,98101,USA
Elizabeth,Davis,Cidara Therapeutics Inc,VP,elizabeth.davis.4156@off-407.demo.com,Austin,TX,78701,USA
Anthony,Rodriguez,Cidara Therapeutics Inc,Engineer,anthony.rodriguez.4157@off-407.demo.com,Chicago,IL,60601,USA
Susan,Martinez,Cidara Therapeutics Inc,Consultant,susan.martinez.4158@off-407.demo.com,Denver,CO,80202,USA
James,Hernandez,Cidara Therapeutics Inc,Specialist,james.hernandez.4159@off-407.demo.com,Miami,FL,33101,USA
Sarah,Lopez,The Corporate Executive Board Company,Consultant,sarah.lopez.4160@off-408.demo.com,Portland,OR,97201,USA
Robert,Gonzalez,The Corporate Executive Board Company,Specialist,robert.gonzalez.4161@off-408.demo.com,Atlanta,GA,30301,USA
Lisa,Wilson,The Corporate Executive Board Company,Coordinator,lisa.wilson.4162@off-408.demo.com,Boston,MA,02101,USA
William,Anderson,The Corporate Executive Board Company,Analyst,william.anderson.4163@off-408.demo.com,Seattle,WA,98101,USA
Betty,Thomas,The Corporate Executive Board Company,Manager,betty.thomas.4164@off-408.demo.com,Austin,TX,78701,USA
Richard,Taylor,The Corporate Executive Board Company,Director,richard.taylor.4165@off-408.demo.com,Chicago,IL,60601,USA
Sandra,Moore,The Corporate Executive Board Company,VP,sandra.moore.4166@off-408.demo.com,Denver,CO,80202,USA
Thomas,Jackson,The Corporate Executive Board Company,Engineer,thomas.jackson.4167@off-408.demo.com,Miami,FL,33101,USA
Patricia,Martin,The Corporate Executive Board Company,Consultant,patricia.martin.4168@off-408.demo.com,Portland,OR,97201,USA
Christopher,Lee,The Corporate Executive Board Company,Specialist,christopher.lee.4169@off-408.demo.com,Atlanta,GA,30301,USA
Linda,Perez,Ceco Environmental,Engineer,linda.perez.4170@off-409.demo.com,Boston,MA,02101,USA
Matthew,Thompson,Ceco Environmental,Consultant,matthew.thompson.4171@off-409.demo.com,Seattle,WA,98101,USA
Barbara,White,Ceco Environmental,Specialist,barbara.white.4172@off-409.demo.com,Austin,TX,78701,USA
Mark,Harris,Ceco Environmental,Coordinator,mark.harris.4173@off-409.demo.com,Chicago,IL,60601,USA
Jessica,Sanchez,Ceco Environmental,Analyst,jessica.sanchez.4174@off-409.demo.com,Denver,CO,80202,USA
John,Clark,Ceco Environmental,Manager,john.clark.4175@off-409.demo.com,Miami,FL,33101,USA
Karen,Ramirez,Ceco Environmental,Director,karen.ramirez.4176@off-409.demo.com,Portland,OR,97201,USA
Michael,Lewis,Ceco Environmental,VP,michael.lewis.4177@off-409.demo.com,Atlanta,GA,30301,USA
Nancy,Robinson,Ceco Environmental,Engineer,nancy.robinson.4178@off-409.demo.com,Boston,MA,02101,USA
David,Smith,Ceco Environmental,Consultant,david.smith.4179@off-409.demo.com,Seattle,WA,98101,USA
Margaret,Johnson,Career Education Corp,Manager,margaret.johnson.4180@off-410.demo.com,Austin,TX,78701,USA
Joseph,Williams,Career Education Corp,Director,joseph.williams.4181@off-410.demo.com,Chicago,IL,60601,USA
Mary,Brown,Career Education Corp,VP,mary.brown.4182@off-410.demo.com,Denver,CO,80202,USA
Charles,Jones,Career Education Corp,Engineer,charles.jones.4183@off-410.demo.com,Miami,FL,33101,USA
Jennifer,Garcia,Career Education Corp,Consultant,jennifer.garcia.4184@off-410.demo.com,Portland,OR,97201,USA
Daniel,Miller,Career Education Corp,Specialist,daniel.miller.4185@off-410.demo.com,Atlanta,GA,30301,USA
Elizabeth,Davis,Career Education Corp,Coordinator,elizabeth.davis.4186@off-410.demo.com,Boston,MA,02101,USA
Anthony,Rodriguez,Career Education Corp,Analyst,anthony.rodriguez.4187@off-410.demo.com,Seattle,WA,98101,USA
Susan,Martinez,Career Education Corp,Manager,susan.martinez.4188@off-410.demo.com,Austin,TX,78701,USA
James,Hernandez,Career Education Corp,Director,james.hernandez.4189@off-410.demo.com,Chicago,IL,60601,USA
Sarah,Lopez,Cempra Inc,Analyst,sarah.lopez.4190@off-411.demo.com,Denver,CO,80202,USA
Robert,Gonzalez,Cempra Inc,Manager,robert.gonzalez.4191@off-411.demo.com,Miami,FL,33101,USA
Lisa,Wilson,Cempra Inc,Director,lisa.wilson.4192@off-411.demo.com,Portland,OR,97201,USA
William,Anderson,Cempra Inc,VP,william.anderson.4193@off-411.demo.com,Atlanta,GA,30301,USA
Betty,Thomas,Cempra Inc,Engineer,betty.thomas.4194@off-411.demo.com,Boston,MA,02101,USA
Richard,Taylor,Cempra Inc,Consultant,richard.taylor.4195@off-411.demo.com,Seattle,WA,98101,USA
Sandra,Moore,Cempra Inc,Specialist,sandra.moore.4196@off-411.demo.com,Austin,TX,78701,USA
Thomas,Jackson,Cempra Inc,Coordinator,thomas.jackson.4197@off-411.demo.com,Chicago,IL,60601,USA
Patricia,Martin,Cempra Inc,Analyst,patricia.martin.4198@off-411.demo.com,Denver,CO,80202,USA
Christopher,Lee,Cempra Inc,Manager,christopher.lee.4199@off-411.demo.com,Miami,FL,33101,USA
Linda,Perez,Central Garden & Pet Company,Engineer,linda.perez.4200@off-412.demo.com,Portland,OR,97201,USA
Matthew,Thompson,Central Garden & Pet Company,Consultant,matthew.thompson.4201@off-412.demo.com,Atlanta,GA,30301,USA
Barbara,White,Central Garden & Pet Company,Specialist,barbara.white.4202@off-412.demo.com,Boston,MA,02101,USA
Mark,Harris,Central Garden & Pet Company,Coordinator,mark.harris.4203@off-412.demo.com,Seattle,WA,98101,USA
Jessica,Sanchez,Central Garden & Pet Company,Analyst,jessica.sanchez.4204@off-412.demo.com,Austin,TX,78701,USA
John,Clark,Central Garden & Pet Company,Manager,john.clark.4205@off-412.demo.com,Chicago,IL,60601,USA
Karen,Ramirez,Central Garden & Pet Company,Director,karen.ramirez.4206@off-412.demo.com,Denver,CO,80202,USA
Michael,Lewis,Central Garden & Pet Company,VP,michael.lewis.4207@off-412.demo.com,Miami,FL,33101,USA
Nancy,Robinson,Central Garden & Pet Company,Engineer,nancy.robinson.4208@off-412.demo.com,Portland,OR,97201,USA
David,Smith,Central Garden & Pet Company,Consultant,david.smith.4209@off-412.demo.com,Atlanta,GA,30301,USA
Margaret,Johnson,Century Aluminum Company,Director,margaret.johnson.4210@off-413.demo.com,Boston,MA,02101,USA
Joseph,Williams,Century Aluminum Company,VP,joseph.williams.4211@off-413.demo.com,Seattle,WA,98101,USA
Mary,Brown,Century Aluminum Company,Engineer,mary.brown.4212@off-413.demo.com,Austin,TX,78701,USA
Charles,Jones,Century Aluminum Company,Consultant,charles.jones.4213@off-413.demo.com,Chicago,IL,60601,USA
Jennifer,Garcia,Century Aluminum Company,Specialist,jennifer.garcia.4214@off-413.demo.com,Denver,CO,80202,USA
Daniel,Miller,Century Aluminum Company,Coordinator,daniel.miller.4215@off-413.demo.com,Miami,FL,33101,USA
Elizabeth,Davis,Century Aluminum Company,Analyst,elizabeth.davis.4216@off-413.demo.com,Portland,OR,97201,USA
Anthony,Rodriguez,Century Aluminum Company,Manager,anthony.rodriguez.4217@off-413.demo.com,Atlanta,GA,30301,USA
Susan,Martinez,Century Aluminum Company,Director,susan.martinez.4218@off-413.demo.com,Boston,MA,02101,USA
James,Hernandez,Century Aluminum Company,VP,james.hernandez.4219@off-413.demo.com,Seattle,WA,98101,USA
Sarah,Lopez,Cerus Corp,Specialist,sarah.lopez.4220@off-414.demo.com,Austin,TX,78701,USA
Robert,Gonzalez,Cerus Corp,Coordinator,robert.gonzalez.4221@off-414.demo.com,Chicago,IL,60601,USA
Lisa,Wilson,Cerus Corp,Analyst,lisa.wilson.4222@off-414.demo.com,Denver,CO,80202,USA
William,Anderson,Cerus Corp,Manager,william.anderson.4223@off-414.demo.com,Miami,FL,33101,USA
Betty,Thomas,Cerus Corp,Director,betty.thomas.4224@off-414.demo.com,Portland,OR,97201,USA
Richard,Taylor,Cerus Corp,VP,richard.taylor.4225@off-414.demo.com,Atlanta,GA,30301,USA
Sandra,Moore,Cerus Corp,Engineer,sandra.moore.4226@off-414.demo.com,Boston,MA,02101,USA
Thomas,Jackson,Cerus Corp,Consultant,thomas.jackson.4227@off-414.demo.com,Seattle,WA,98101,USA
Patricia,Martin,Cerus Corp,Specialist,patricia.martin.4228@off-414.demo.com,Austin,TX,78701,USA
Christopher,Lee,Cerus Corp,Coordinator,christopher.lee.4229@off-414.demo.com,Chicago,IL,60601,USA
Linda,Perez,Central European Media Enterprises,Analyst,linda.perez.4230@off-415.demo.com,Denver,CO,80202,USA
Matthew,Thompson,Central European Media Enterprises,Manager,matthew.thompson.4231@off-415.demo.com,Miami,FL,33101,USA
Barbara,White,Central European Media Enterprises,Director,barbara.white.4232@off-415.demo.com,Portland,OR,97201,USA
Mark,Harris,Central European Media Enterprises,VP,mark.harris.4233@off-415.demo.com,Atlanta,GA,30301,USA
Jessica,Sanchez,Central European Media Enterprises,Engineer,jessica.sanchez.4234@off-415.demo.com,Boston,MA,02101,USA
John,Clark,Central European Media Enterprises,Consultant,john.clark.4235@off-415.demo.com,Seattle,WA,98101,USA
Karen,Ramirez,Central European Media Enterprises,Specialist,karen.ramirez.4236@off-415.demo.com,Austin,TX,78701,USA
Michael,Lewis,Central European Media Enterprises,Coordinator,michael.lewis.4237@off-415.demo.com,Chicago,IL,60601,USA
Nancy,Robinson,Central European Media Enterprises,Analyst,nancy.robinson.4238@off-415.demo.com,Denver,CO,80202,USA
David,Smith,Central European Media Enterprises,Manager,david.smith.4239@off-415.demo.com,Miami,FL,33101,USA
Margaret,Johnson,Ceva Inc,Analyst,margaret.johnson.4240@off-416.demo.com,Portland,OR,97201,USA
Joseph,Williams,Ceva Inc,Manager,joseph.williams.4241@off-416.demo.com,Atlanta,GA,30301,USA
Mary,Brown,Ceva Inc,Director,mary.brown.4242@off-416.demo.com,Boston,MA,02101,USA
Charles,Jones,Ceva Inc,VP,charles.jones.4243@off-416.demo.com,Seattle,WA,98101,USA
Jennifer,Garcia,Ceva Inc,Engineer,jennifer.garcia.4244@off-416.demo.com,Austin,TX,78701,USA
Daniel,Miller,Ceva Inc,Consultant,daniel.miller.4245@off-416.demo.com,Chicago,IL,60601,USA
Elizabeth,Davis,Ceva Inc,Specialist,elizabeth.davis.4246@off-416.demo.com,Denver,CO,80202,USA
Anthony,Rodriguez,Ceva Inc,Coordinator,anthony.rodriguez.4247@off-416.demo.com,Miami,FL,33101,USA
Susan,Martinez,Ceva Inc,Analyst,susan.martinez.4248@off-416.demo.com,Portland,OR,97201,USA
James,Hernandez,Ceva Inc,Manager,james.hernandez.4249@off-416.demo.com,Atlanta,GA,30301,USA
Sarah,Lopez,Capitol Federal Financial,VP,sarah.lopez.4250@off-417.demo.com,Boston,MA,02101,USA
Robert,Gonzalez,Capitol Federal Financial,Engineer,robert.gonzalez.4251@off-417.demo.com,Seattle,WA,98101,USA
Lisa,Wilson,Capitol Federal Financial,Consultant,lisa.wilson.4252@off-417.demo.com,Austin,TX,78701,USA
William,Anderson,Capitol Federal Financial,Specialist,william.anderson.4253@off-417.demo.com,Chicago,IL,60601,USA
Betty,Thomas,Capitol Federal Financial,Coordinator,betty.thomas.4254@off-417.demo.com,Denver,CO,80202,USA
Richard,Taylor,Capitol Federal Financial,Analyst,richard.taylor.4255@off-417.demo.com,Miami,FL,33101,USA
Sandra,Moore,Capitol Federal Financial,Manager,sandra.moore.4256@off-417.demo.com,Portland,OR,97201,USA
Thomas,Jackson,Capitol Federal Financial,Director,thomas.jackson.4257@off-417.demo.com,Atlanta,GA,30301,USA
Patricia,Martin,Capitol Federal Financial,VP,patricia.martin.4258@off-417.demo.com,Boston,MA,02101,USA
Christopher,Lee,Capitol Federal Financial,Engineer,christopher.lee.4259@off-417.demo.com,Seattle,WA,98101,USA
Linda,Perez,Culp Inc,Engineer,linda.perez.4260@off-418.demo.com,Austin,TX,78701,USA
Matthew,Thompson,Culp Inc,Consultant,matthew.thompson.4261@off-418.demo.com,Chicago,IL,60601,USA
Barbara,White,Culp Inc,Specialist,barbara.white.4262@off-418.demo.com,Denver,CO,80202,USA
Mark,Harris,Culp Inc,Coordinator,mark.harris.4263@off-418.demo.com,Miami,FL,33101,USA
Jessica,Sanchez,Culp Inc,Analyst,jessica.sanchez.4264@off-418.demo.com,Portland,OR,97201,USA
John,Clark,Culp Inc,Manager,john.clark.4265@off-418.demo.com,Atlanta,GA,30301,USA
Karen,Ramirez,Culp Inc,Director,karen.ramirez.4266@off-418.demo.com,Boston,MA,02101,USA
Michael,Lewis,Culp Inc,VP,michael.lewis.4267@off-418.demo.com,Seattle,WA,98101,USA
Nancy,Robinson,Culp Inc,Engineer,nancy.robinson.4268@off-418.demo.com,Austin,TX,78701,USA
David,Smith,Culp Inc,Consultant,david.smith.4269@off-418.demo.com,Chicago,IL,60601,USA
Margaret,Johnson,Cardinal Financial Corp,Consultant,margaret.johnson.4270@off-419.demo.com,Denver,CO,80202,USA
Joseph,Williams,Cardinal Financial Corp,Specialist,joseph.williams.4271@off-419.demo.com,Miami,FL,33101,USA
Mary,Brown,Cardinal Financial Corp,Coordinator,mary.brown.4272@off-419.demo.com,Portland,OR,97201,USA
Charles,Jones,Cardinal Financial Corp,Analyst,charles.jones.4273@off-419.demo.com,Atlanta,GA,30301,USA
Jennifer,Garcia,Cardinal Financial Corp,Manager,jennifer.garcia.4274@off-419.demo.com,Boston,MA,02101,USA
Daniel,Miller,Cardinal Financial Corp,Director,daniel.miller.4275@off-419.demo.com,Seattle,WA,98101,USA
Elizabeth,Davis,Cardinal Financial Corp,VP,elizabeth.davis.4276@off-419.demo.com,Austin,TX,78701,USA
Anthony,Rodriguez,Cardinal Financial Corp,Engineer,anthony.rodriguez.4277@off-419.demo.com,Chicago,IL,60601,USA
Susan,Martinez,Cardinal Financial Corp,Consultant,susan.martinez.4278@off-419.demo.com,Denver,CO,80202,USA
James,Hernandez,Cardinal Financial Corp,Specialist,james.hernandez.4279@off-419.demo.com,Miami,FL,33101,USA
Sarah,Lopez,Celadon Group,Consultant,sarah.lopez.4280@off-420.demo.com,Portland,OR,97201,USA
Robert,Gonzalez,Celadon Group,Specialist,robert.gonzalez.4281@off-420.demo.com,Atlanta,GA,30301,USA
Lisa,Wilson,Celadon Group,Coordinator,lisa.wilson.4282@off-420.demo.com,Boston,MA,02101,USA
William,Anderson,Celadon Group,Analyst,william.anderson.4283@off-420.demo.com,Seattle,WA,98101,USA
Betty,Thomas,Celadon Group,Manager,betty.thomas.4284@off-420.demo.com,Austin,TX,78701,USA
Richard,Taylor,Celadon Group,Director,richard.taylor.4285@off-420.demo.com,Chicago,IL,60601,USA
Sandra,Moore,Celadon Group,VP,sandra.moore.4286@off-420.demo.com,Denver,CO,80202,USA
Thomas,Jackson,Celadon Group,Engineer,thomas.jackson.4287@off-420.demo.com,Miami,FL,33101,USA
Patricia,Martin,Celadon Group,Consultant,patricia.martin.4288@off-420.demo.com,Portland,OR,97201,USA
Christopher,Lee,Celadon Group,Specialist,christopher.lee.4289@off-420.demo.com,Atlanta,GA,30301,USA
Linda,Perez,City Holding Company,Specialist,linda.perez.4290@off-421.demo.com,Boston,MA,02101,USA
Matthew,Thompson,City Holding Company,Coordinator,matthew.thompson.4291@off-421.demo.com,Seattle,WA,98101,USA
Barbara,White,City Holding Company,Analyst,barbara.white.4292@off-421.demo.com,Austin,TX,78701,USA
Mark,Harris,City Holding Company,Manager,mark.harris.4293@off-421.demo.com,Chicago,IL,60601,USA
Jessica,Sanchez,City Holding Company,Director,jessica.sanchez.4294@off-421.demo.com,Denver,CO,80202,USA
John,Clark,City Holding Company,VP,john.clark.4295@off-421.demo.com,Miami,FL,33101,USA
Karen,Ramirez,City Holding Company,Engineer,karen.ramirez.4296@off-421.demo.com,Portland,OR,97201,USA
Michael,Lewis,City Holding Company,Consultant,michael.lewis.4297@off-421.demo.com,Atlanta,GA,30301,USA
Nancy,Robinson,City Holding Company,Specialist,nancy.robinson.4298@off-421.demo.com,Boston,MA,02101,USA
David,Smith,City Holding Company,Coordinator,david.smith.4299@off-421.demo.com,Seattle,WA,98101,USA
Margaret,Johnson,Churchill Downs Inc,Coordinator,margaret.johnson.4300@off-422.demo.com,Austin,TX,78701,USA
Joseph,Williams,Churchill Downs Inc,Analyst,joseph.williams.4301@off-422.demo.com,Chicago,IL,60601,USA
Mary,Brown,Churchill Downs Inc,Manager,mary.brown.4302@off-422.demo.com,Denver,CO,80202,USA
Charles,Jones,Churchill Downs Inc,Director,charles.jones.4303@off-422.demo.com,Miami,FL,33101,USA
Jennifer,Garcia,Churchill Downs Inc,VP,jennifer.garcia.4304@off-422.demo.com,Portland,OR,97201,USA
Daniel,Miller,Churchill Downs Inc,Engineer,daniel.miller.4305@off-422.demo.com,Atlanta,GA,30301,USA
Elizabeth,Davis,Churchill Downs Inc,Consultant,elizabeth.davis.4306@off-422.demo.com,Boston,MA,02101,USA
Anthony,Rodriguez,Churchill Downs Inc,Specialist,anthony.rodriguez.4307@off-422.demo.com,Seattle,WA,98101,USA
Susan,Martinez,Churchill Downs Inc,Coordinator,susan.martinez.4308@off-422.demo.com,Austin,TX,78701,USA
James,Hernandez,Churchill Downs Inc,Analyst,james.hernandez.4309@off-422.demo.com,Chicago,IL,60601,USA
Sarah,Lopez,Chemed Inc,Analyst,sarah.lopez.4310@off-423.demo.com,Denver,CO,80202,USA
Robert,Gonzalez,Chemed Inc,Manager,robert.gonzalez.4311@off-423.demo.com,Miami,FL,33101,USA
Lisa,Wilson,Chemed Inc,Director,lisa.wilson.4312@off-423.demo.com,Portland,OR,97201,USA
William,Anderson,Chemed Inc,VP,william.anderson.4313@off-423.demo.com,Atlanta,GA,30301,USA
Betty,Thomas,Chemed Inc,Engineer,betty.thomas.4314@off-423.demo.com,Boston,MA,02101,USA
Richard,Taylor,Chemed Inc,Consultant,richard.taylor.4315@off-423.demo.com,Seattle,WA,98101,USA
Sandra,Moore,Chemed Inc,Specialist,sandra.moore.4316@off-423.demo.com,Austin,TX,78701,USA
Thomas,Jackson,Chemed Inc,Coordinator,thomas.jackson.4317@off-423.demo.com,Chicago,IL,60601,USA
Patricia,Martin,Chemed Inc,Analyst,patricia.martin.4318@off-423.demo.com,Denver,CO,80202,USA
Christopher,Lee,Chemed Inc,Manager,christopher.lee.4319@off-423.demo.com,Miami,FL,33101,USA
Linda,Perez,The Chefs' Warehouse Inc,Analyst,linda.perez.4320@off-424.demo.com,Portland,OR,97201,USA
Matthew,Thompson,The Chefs' Warehouse Inc,Manager,matthew.thompson.4321@off-424.demo.com,Atlanta,GA,30301,USA
Barbara,White,The Chefs' Warehouse Inc,Director,barbara.white.4322@off-424.demo.com,Boston,MA,02101,USA
Mark,Harris,The Chefs' Warehouse Inc,VP,mark.harris.4323@off-424.demo.com,Seattle,WA,98101,USA
Jessica,Sanchez,The Chefs' Warehouse Inc,Engineer,jessica.sanchez.4324@off-424.demo.com,Austin,TX,78701,USA
John,Clark,The Chefs' Warehouse Inc,Consultant,john.clark.4325@off-424.demo.com,Chicago,IL,60601,USA
Karen,Ramirez,The Chefs' Warehouse Inc,Specialist,karen.ramirez.4326@off-424.demo.com,Denver,CO,80202,USA
Michael,Lewis,The Chefs' Warehouse Inc,Coordinator,michael.lewis.4327@off-424.demo.com,Miami,FL,33101,USA
Nancy,Robinson,The Chefs' Warehouse Inc,Analyst,nancy.robinson.4328@off-424.demo.com,Portland,OR,97201,USA
David,Smith,The Chefs' Warehouse Inc,Manager,david.smith.4329@off-424.demo.com,Atlanta,GA,30301,USA
Margaret,Johnson,Chemical Financial Corp,Manager,margaret.johnson.4330@off-425.demo.com,Boston,MA,02101,USA
Joseph,Williams,Chemical Financial Corp,Director,joseph.williams.4331@off-425.demo.com,Seattle,WA,98101,USA
Mary,Brown,Chemical Financial Corp,VP,mary.brown.4332@off-425.demo.com,Austin,TX,78701,USA
Charles,Jones,Chemical Financial Corp,Engineer,charles.jones.4333@off-425.demo.com,Chicago,IL,60601,USA
Jennifer,Garcia,Chemical Financial Corp,Consultant,jennifer.garcia.4334@off-425.demo.com,Denver,CO,80202,USA
Daniel,Miller,Chemical Financial Corp,Specialist,daniel.miller.4335@off-425.demo.com,Miami,FL,33101,USA
Elizabeth,Davis,Chemical Financial Corp,Coordinator,elizabeth.davis.4336@off-425.demo.com,Portland,OR,97201,USA
Anthony,Rodriguez,Chemical Financial Corp,Analyst,anthony.rodriguez.4337@off-425.demo.com,Atlanta,GA,30301,USA
Susan,Martinez,Chemical Financial Corp,Manager,susan.martinez.4338@off-425.demo.com,Boston,MA,02101,USA
James,Hernandez,Chemical Financial Corp,Director,james.hernandez.4339@off-425.demo.com,Seattle,WA,98101,USA
Sarah,Lopez,Charter Financial,Consultant,sarah.lopez.4340@off-426.demo.com,Austin,TX,78701,USA
Robert,Gonzalez,Charter Financial,Specialist,robert.gonzalez.4341@off-426.demo.com,Chicago,IL,60601,USA
Lisa,Wilson,Charter Financial,Coordinator,lisa.wilson.4342@off-426.demo.com,Denver,CO,80202,USA
William,Anderson,Charter Financial,Analyst,william.anderson.4343@off-426.demo.com,Miami,FL,33101,USA
Betty,Thomas,Charter Financial,Manager,betty.thomas.4344@off-426.demo.com,Portland,OR,97201,USA
Richard,Taylor,Charter Financial,Director,richard.taylor.4345@off-426.demo.com,Atlanta,GA,30301,USA
Sandra,Moore,Charter Financial,VP,sandra.moore.4346@off-426.demo.com,Boston,MA,02101,USA
Thomas,Jackson,Charter Financial,Engineer,thomas.jackson.4347@off-426.demo.com,Seattle,WA,98101,USA
Patricia,Martin,Charter Financial,Consultant,patricia.martin.4348@off-426.demo.com,Austin,TX,78701,USA
Christopher,Lee,Charter Financial,Specialist,christopher.lee.4349@off-426.demo.com,Chicago,IL,60601,USA
Linda,Perez,Chegg Inc,Coordinator,linda.perez.4350@off-427.demo.com,Denver,CO,80202,USA
Matthew,Thompson,Chegg Inc,Analyst,matthew.thompson.4351@off-427.demo.com,Miami,FL,33101,USA
Barbara,White,Chegg Inc,Manager,barbara.white.4352@off-427.demo.com,Portland,OR,97201,USA
Mark,Harris,Chegg Inc,Director,mark.harris.4353@off-427.demo.com,Atlanta,GA,30301,USA
Jessica,Sanchez,Chegg Inc,VP,jessica.sanchez.4354@off-427.demo.com,Boston,MA,02101,USA
John,Clark,Chegg Inc,Engineer,john.clark.4355@off-427.demo.com,Seattle,WA,98101,USA
Karen,Ramirez,Chegg Inc,Consultant,karen.ramirez.4356@off-427.demo.com,Austin,TX,78701,USA
Michael,Lewis,Chegg Inc,Specialist,michael.lewis.4357@off-427.demo.com,Chicago,IL,60601,USA
Nancy,Robinson,Chegg Inc,Coordinator,nancy.robinson.4358@off-427.demo.com,Denver,CO,80202,USA
David,Smith,Chegg Inc,Analyst,david.smith.4359@off-427.demo.com,Miami,FL,33101,USA
Margaret,Johnson,Cherokee Inc,Engineer,margaret.johnson.4360@off-428.demo.com,Portland,OR,97201,USA
Joseph,Williams,Cherokee Inc,Consultant,joseph.williams.4361@off-428.demo.com,Atlanta,GA,30301,USA
Mary,Brown,Cherokee Inc,Specialist,mary.brown.4362@off-428.demo.com,Boston,MA,02101,USA
Charles,Jones,Cherokee Inc,Coordinator,charles.jones.4363@off-428.demo.com,Seattle,WA,98101,USA
Jennifer,Garcia,Cherokee Inc,Analyst,jennifer.garcia.4364@off-428.demo.com,Austin,TX,78701,USA
Daniel,Miller,Cherokee Inc,Manager,daniel.miller.4365@off-428.demo.com,Chicago,IL,60601,USA
Elizabeth,Davis,Cherokee Inc,Director,elizabeth.davis.4366@off-428.demo.com,Denver,CO,80202,USA
Anthony,Rodriguez,Cherokee Inc,VP,anthony.rodriguez.4367@off-428.demo.com,Miami,FL,33101,USA
Susan,Martinez,Cherokee Inc,Engineer,susan.martinez.4368@off-428.demo.com,Portland,OR,97201,USA
James,Hernandez,Cherokee Inc,Consultant,james.hernandez.4369@off-428.demo.com,Atlanta,GA,30301,USA
Sarah,Lopez,Chemtura Corp,Coordinator,sarah.lopez.4370@off-429.demo.com,Boston,MA,02101,USA
Robert,Gonzalez,Chemtura Corp,Analyst,robert.gonzalez.4371@off-429.demo.com,Seattle,WA,98101,USA
Lisa,Wilson,Chemtura Corp,Manager,lisa.wilson.4372@off-429.demo.com,Austin,TX,78701,USA
William,Anderson,Chemtura Corp,Director,william.anderson.4373@off-429.demo.com,Chicago,IL,60601,USA
Betty,Thomas,Chemtura Corp,VP,betty.thomas.4374@off-429.demo.com,Denver,CO,80202,USA
Richard,Taylor,Chemtura Corp,Engineer,richard.taylor.4375@off-429.demo.com,Miami,FL,33101,USA
Sandra,Moore,Chemtura Corp,Consultant,sandra.moore.4376@off-429.demo.com,Portland,OR,97201,USA
Thomas,Jackson,Chemtura Corp,Specialist,thomas.jackson.4377@off-429.demo.com,Atlanta,GA,30301,USA
Patricia,Martin,Chemtura Corp,Coordinator,patricia.martin.4378@off-429.demo.com,Boston,MA,02101,USA
Christopher,Lee,Chemtura Corp,Analyst,christopher.lee.4379@off-429.demo.com,Seattle,WA,98101,USA
Linda,Perez,Coherus Biosciences Inc,VP,linda.perez.4380@off-430.demo.com,Austin,TX,78701,USA
Matthew,Thompson,Coherus Biosciences Inc,Engineer,matthew.thompson.4381@off-430.demo.com,Chicago,IL,60601,USA
Barbara,White,Coherus Biosciences Inc,Consultant,barbara.white.4382@off-430.demo.com,Denver,CO,80202,USA
Mark,Harris,Coherus Biosciences Inc,Specialist,mark.harris.4383@off-430.demo.com,Miami,FL,33101,USA
Jessica,Sanchez,Coherus Biosciences Inc,Coordinator,jessica.sanchez.4384@off-430.demo.com,Portland,OR,97201,USA
John,Clark,Coherus Biosciences Inc,Analyst,john.clark.4385@off-430.demo.com,Atlanta,GA,30301,USA
Karen,Ramirez,Coherus Biosciences Inc,Manager,karen.ramirez.4386@off-430.demo.com,Boston,MA,02101,USA
Michael,Lewis,Coherus Biosciences Inc,Director,michael.lewis.4387@off-430.demo.com,Seattle,WA,98101,USA
Nancy,Robinson,Coherus Biosciences Inc,VP,nancy.robinson.4388@off-430.demo.com,Austin,TX,78701,USA
David,Smith,Coherus Biosciences Inc,Engineer,david.smith.4389@off-430.demo.com,Chicago,IL,60601,USA
Margaret,Johnson,Chico's Fas,Manager,margaret.johnson.4390@off-431.demo.com,Denver,CO,80202,USA
Joseph,Williams,Chico's Fas,Director,joseph.williams.4391@off-431.demo.com,Miami,FL,33101,USA
Mary,Brown,Chico's Fas,VP,mary.brown.4392@off-431.demo.com,Portland,OR,97201,USA
Charles,Jones,Chico's Fas,Engineer,charles.jones.4393@off-431.demo.com,Atlanta,GA,30301,USA
Jennifer,Garcia,Chico's Fas,Consultant,jennifer.garcia.4394@off-431.demo.com,Boston,MA,02101,USA
Daniel,Miller,Chico's Fas,Specialist,daniel.miller.4395@off-431.demo.com,Seattle,WA,98101,USA
Elizabeth,Davis,Chico's Fas,Coordinator,elizabeth.davis.4396@off-431.demo.com,Austin,TX,78701,USA
Anthony,Rodriguez,Chico's Fas,Analyst,anthony.rodriguez.4397@off-431.demo.com,Chicago,IL,60601,USA
Susan,Martinez,Chico's Fas,Manager,susan.martinez.4398@off-431.demo.com,Denver,CO,80202,USA
James,Hernandez,Chico's Fas,Director,james.hernandez.4399@off-431.demo.com,Miami,FL,33101,USA
Sarah,Lopez,Chesapeake Lodging Trust,Analyst,sarah.lopez.4400@off-432.demo.com,Portland,OR,97201,USA
Robert,Gonzalez,Chesapeake Lodging Trust,Manager,robert.gonzalez.4401@off-432.demo.com,Atlanta,GA,30301,USA
Lisa,Wilson,Chesapeake Lodging Trust,Director,lisa.wilson.4402@off-432.demo.com,Boston,MA,02101,USA
William,Anderson,Chesapeake Lodging Trust,VP,william.anderson.4403@off-432.demo.com,Seattle,WA,98101,USA
Betty,Thomas,Chesapeake Lodging Trust,Engineer,betty.thomas.4404@off-432.demo.com,Austin,TX,78701,USA
Richard,Taylor,Chesapeake Lodging Trust,Consultant,richard.taylor.4405@off-432.demo.com,Chicago,IL,60601,USA
Sandra,Moore,Chesapeake Lodging Trust,Specialist,sandra.moore.4406@off-432.demo.com,Denver,CO,80202,USA
Thomas,Jackson,Chesapeake Lodging Trust,Coordinator,thomas.jackson.4407@off-432.demo.com,Miami,FL,33101,USA
Patricia,Martin,Chesapeake Lodging Trust,Analyst,patricia.martin.4408@off-432.demo.com,Portland,OR,97201,USA
Christopher,Lee,Chesapeake Lodging Trust,Manager,christopher.lee.4409@off-432.demo.com,Atlanta,GA,30301,USA
Linda,Perez,Chuy's Holding Inc,Engineer,linda.perez.4410@off-433.demo.com,Boston,MA,02101,USA
Matthew,Thompson,Chuy's Holding Inc,Consultant,matthew.thompson.4411@off-433.demo.com,Seattle,WA,98101,USA
Barbara,White,Chuy's Holding Inc,Specialist,barbara.white.4412@off-433.demo.com,Austin,TX,78701,USA
Mark,Harris,Chuy's Holding Inc,Coordinator,mark.harris.4413@off-433.demo.com,Chicago,IL,60601,USA
Jessica,Sanchez,Chuy's Holding Inc,Analyst,jessica.sanchez.4414@off-433.demo.com,Denver,CO,80202,USA
John,Clark,Chuy's Holding Inc,Manager,john.clark.4415@off-433.demo.com,Miami,FL,33101,USA
Karen,Ramirez,Chuy's Holding Inc,Director,karen.ramirez.4416@off-433.demo.com,Portland,OR,97201,USA
Michael,Lewis,Chuy's Holding Inc,VP,michael.lewis.4417@off-433.demo.com,Atlanta,GA,30301,USA
Nancy,Robinson,Chuy's Holding Inc,Engineer,nancy.robinson.4418@off-433.demo.com,Boston,MA,02101,USA
David,Smith,Chuy's Holding Inc,Consultant,david.smith.4419@off-433.demo.com,Seattle,WA,98101,USA
Margaret,Johnson,Citizens Inc,Analyst,margaret.johnson.4420@off-434.demo.com,Austin,TX,78701,USA
Joseph,Williams,Citizens Inc,Manager,joseph.williams.4421@off-434.demo.com,Chicago,IL,60601,USA
Mary,Brown,Citizens Inc,Director,mary.brown.4422@off-434.demo.com,Denver,CO,80202,USA
Charles,Jones,Citizens Inc,VP,charles.jones.4423@off-434.demo.com,Miami,FL,33101,USA
Jennifer,Garcia,Citizens Inc,Engineer,jennifer.garcia.4424@off-434.demo.com,Portland,OR,97201,USA
Daniel,Miller,Citizens Inc,Consultant,daniel.miller.4425@off-434.demo.com,Atlanta,GA,30301,USA
Elizabeth,Davis,Citizens Inc,Specialist,elizabeth.davis.4426@off-434.demo.com,Boston,MA,02101,USA
Anthony,Rodriguez,Citizens Inc,Coordinator,anthony.rodriguez.4427@off-434.demo.com,Seattle,WA,98101,USA
Susan,Martinez,Citizens Inc,Analyst,susan.martinez.4428@off-434.demo.com,Austin,TX,78701,USA
James,Hernandez,Citizens Inc,Manager,james.hernandez.4429@off-434.demo.com,Chicago,IL,60601,USA
Sarah,Lopez,Ciena Corp,Analyst,sarah.lopez.4430@off-435.demo.com,Denver,CO,80202,USA
Robert,Gonzalez,Ciena Corp,Manager,robert.gonzalez.4431@off-435.demo.com,Miami,FL,33101,USA
Lisa,Wilson,Ciena Corp,Director,lisa.wilson.4432@off-435.demo.com,Portland,OR,97201,USA
William,Anderson,Ciena Corp,VP,william.anderson.4433@off-435.demo.com,Atlanta,GA,30301,USA
Betty,Thomas,Ciena Corp,Engineer,betty.thomas.4434@off-435.demo.com,Boston,MA,02101,USA
Richard,Taylor,Ciena Corp,Consultant,richard.taylor.4435@off-435.demo.com,Seattle,WA,98101,USA
Sandra,Moore,Ciena Corp,Specialist,sandra.moore.4436@off-435.demo.com,Austin,TX,78701,USA
Thomas,Jackson,Ciena Corp,Coordinator,thomas.jackson.4437@off-435.demo.com,Chicago,IL,60601,USA
Patricia,Martin,Ciena Corp,Analyst,patricia.martin.4438@off-435.demo.com,Denver,CO,80202,USA
Christopher,Lee,Ciena Corp,Manager,christopher.lee.4439@off-435.demo.com,Miami,FL,33101,USA
Linda,Perez,Cifc Corp,Manager,linda.perez.4440@off-436.demo.com,Portland,OR,97201,USA
Matthew,Thompson,Cifc Corp,Director,matthew.thompson.4441@off-436.demo.com,Atlanta,GA,30301,USA
Barbara,White,Cifc Corp,VP,barbara.white.4442@off-436.demo.com,Boston,MA,02101,USA
Mark,Harris,Cifc Corp,Engineer,mark.harris.4443@off-436.demo.com,Seattle,WA,98101,USA
Jessica,Sanchez,Cifc Corp,Consultant,jessica.sanchez.4444@off-436.demo.com,Austin,TX,78701,USA
John,Clark,Cifc Corp,Specialist,john.clark.4445@off-436.demo.com,Chicago,IL,60601,USA
Karen,Ramirez,Cifc Corp,Coordinator,karen.ramirez.4446@off-436.demo.com,Denver,CO,80202,USA
Michael,Lewis,Cifc Corp,Analyst,michael.lewis.4447@off-436.demo.com,Miami,FL,33101,USA
Nancy,Robinson,Cifc Corp,Manager,nancy.robinson.4448@off-436.demo.com,Portland,OR,97201,USA
David,Smith,Cifc Corp,Director,david.smith.4449@off-436.demo.com,Atlanta,GA,30301,USA
Margaret,Johnson,Circor International,Specialist,margaret.johnson.4450@off-437.demo.com,Boston,MA,02101,USA
Joseph,Williams,Circor International,Coordinator,joseph.williams.4451@off-437.demo.com,Seattle,WA,98101,USA
Mary,Brown,Circor International,Analyst,mary.brown.4452@off-437.demo.com,Austin,TX,78701,USA
Charles,Jones,Circor International,Manager,charles.jones.4453@off-437.demo.com,Chicago,IL,60601,USA
Jennifer,Garcia,Circor International,Director,jennifer.garcia.4454@off-437.demo.com,Denver,CO,80202,USA
Daniel,Miller,Circor International,VP,daniel.miller.4455@off-437.demo.com,Miami,FL,33101,USA
Elizabeth,Davis,Circor International,Engineer,elizabeth.davis.4456@off-437.demo.com,Portland,OR,97201,USA
Anthony,Rodriguez,Circor International,Consultant,anthony.rodriguez.4457@off-437.demo.com,Atlanta,GA,30301,USA
Susan,Martinez,Circor International,Specialist,susan.martinez.4458@off-437.demo.com,Boston,MA,02101,USA
James,Hernandez,Circor International,Coordinator,james.hernandez.4459@off-437.demo.com,Seattle,WA,98101,USA
Sarah,Lopez,Civitas Solutions Inc,Manager,sarah.lopez.4460@off-438.demo.com,Austin,TX,78701,USA
Robert,Gonzalez,Civitas Solutions Inc,Director,robert.gonzalez.4461@off-438.demo.com,Chicago,IL,60601,USA
Lisa,Wilson,Civitas Solutions Inc,VP,lisa.wilson.4462@off-438.demo.com,Denver,CO,80202,USA
William,Anderson,Civitas Solutions Inc,Engineer,william.anderson.4463@off-438.demo.com,Miami,FL,33101,USA
Betty,Thomas,Civitas Solutions Inc,Consultant,betty.thomas.4464@off-438.demo.com,Portland,OR,97201,USA
Richard,Taylor,Civitas Solutions Inc,Specialist,richard.taylor.4465@off-438.demo.com,Atlanta,GA,30301,USA
Sandra,Moore,Civitas Solutions Inc,Coordinator,sandra.moore.4466@off-438.demo.com,Boston,MA,02101,USA
Thomas,Jackson,Civitas Solutions Inc,Analyst,thomas.jackson.4467@off-438.demo.com,Seattle,WA,98101,USA
Patricia,Martin,Civitas Solutions Inc,Manager,patricia.martin.4468@off-438.demo.com,Austin,TX,78701,USA
Christopher,Lee,Civitas Solutions Inc,Director,christopher.lee.4469@off-438.demo.com,Chicago,IL,60601,USA
Linda,Perez,C&J Energy Services Inc,Consultant,linda.perez.4470@off-439.demo.com,Denver,CO,80202,USA
Matthew,Thompson,C&J Energy Services Inc,Specialist,matthew.thompson.4471@off-439.demo.com,Miami,FL,33101,USA
Barbara,White,C&J Energy Services Inc,Coordinator,barbara.white.4472@off-439.demo.com,Portland,OR,97201,USA
Mark,Harris,C&J Energy Services Inc,Analyst,mark.harris.4473@off-439.demo.com,Atlanta,GA,30301,USA
Jessica,Sanchez,C&J Energy Services Inc,Manager,jessica.sanchez.4474@off-439.demo.com,Boston,MA,02101,USA
John,Clark,C&J Energy Services Inc,Director,john.clark.4475@off-439.demo.com,Seattle,WA,98101,USA
Karen,Ramirez,C&J Energy Services Inc,VP,karen.ramirez.4476@off-439.demo.com,Austin,TX,78701,USA
Michael,Lewis,C&J Energy Services Inc,Engineer,michael.lewis.4477@off-439.demo.com,Chicago,IL,60601,USA
Nancy,Robinson,C&J Energy Services Inc,Consultant,nancy.robinson.4478@off-439.demo.com,Denver,CO,80202,USA
David,Smith,C&J Energy Services Inc,Specialist,david.smith.4479@off-439.demo.com,Miami,FL,33101,USA
Margaret,Johnson,Carmike Cinemas,Coordinator,margaret.johnson.4480@off-440.demo.com,Portland,OR,97201,USA
Joseph,Williams,Carmike Cinemas,Analyst,joseph.williams.4481@off-440.demo.com,Atlanta,GA,30301,USA
Mary,Brown,Carmike Cinemas,Manager,mary.brown.4482@off-440.demo.com,Boston,MA,02101,USA
Charles,Jones,Carmike Cinemas,Director,charles.jones.4483@off-440.demo.com,Seattle,WA,98101,USA
Jennifer,Garcia,Carmike Cinemas,VP,jennifer.garcia.4484@off-440.demo.com,Austin,TX,78701,USA
Daniel,Miller,Carmike Cinemas,Engineer,daniel.miller.4485@off-440.demo.com,Chicago,IL,60601,USA
Elizabeth,Davis,Carmike Cinemas,Consultant,elizabeth.davis.4486@off-440.demo.com,Denver,CO,80202,USA
Anthony,Rodriguez,Carmike Cinemas,Specialist,anthony.rodriguez.4487@off-440.demo.com,Miami,FL,33101,USA
Susan,Martinez,Carmike Cinemas,Coordinator,susan.martinez.4488@off-440.demo.com,Portland,OR,97201,USA
James,Hernandez,Carmike Cinemas,Analyst,james.hernandez.4489@off-440.demo.com,Atlanta,GA,30301,USA
Sarah,Lopez,Seacor Smit Inc,Manager,sarah.lopez.4490@off-441.demo.com,Boston,MA,02101,USA
Robert,Gonzalez,Seacor Smit Inc,Director,robert.gonzalez.4491@off-441.demo.com,Seattle,WA,98101,USA
Lisa,Wilson,Seacor Smit Inc,VP,lisa.wilson.4492@off-441.demo.com,Austin,TX,78701,USA
William,Anderson,Seacor Smit Inc,Engineer,william.anderson.4493@off-441.demo.com,Chicago,IL,60601,USA
Betty,Thomas,Seacor Smit Inc,Consultant,betty.thomas.4494@off-441.demo.com,Denver,CO,80202,USA
Richard,Taylor,Seacor Smit Inc,Specialist,richard.taylor.4495@off-441.demo.com,Miami,FL,33101,USA
Sandra,Moore,Seacor Smit Inc,Coordinator,sandra.moore.4496@off-441.demo.com,Portland,OR,97201,USA
Thomas,Jackson,Seacor Smit Inc,Analyst,thomas.jackson.4497@off-441.demo.com,Atlanta,GA,30301,USA
Patricia,Martin,Seacor Smit Inc,Manager,patricia.martin.4498@off-441.demo.com,Boston,MA,02101,USA
Christopher,Lee,Seacor Smit Inc,Director,christopher.lee.4499@off-441.demo.com,Seattle,WA,98101,USA
Linda,Perez,Checkpoint Systms,Consultant,linda.perez.4500@off-442.demo.com,Austin,TX,78701,USA
Matthew,Thompson,Checkpoint Systms,Specialist,matthew.thompson.4501@off-442.demo.com,Chicago,IL,60601,USA
Barbara,White,Checkpoint Systms,Coordinator,barbara.white.4502@off-442.demo.com,Denver,CO,80202,USA
Mark,Harris,Checkpoint Systms,Analyst,mark.harris.4503@off-442.demo.com,Miami,FL,33101,USA
Jessica,Sanchez,Checkpoint Systms,Manager,jessica.sanchez.4504@off-442.demo.com,Portland,OR,97201,USA
John,Clark,Checkpoint Systms,Director,john.clark.4505@off-442.demo.com,Atlanta,GA,30301,USA
Karen,Ramirez,Checkpoint Systms,VP,karen.ramirez.4506@off-442.demo.com,Boston,MA,02101,USA
Michael,Lewis,Checkpoint Systms,Engineer,michael.lewis.4507@off-442.demo.com,Seattle,WA,98101,USA
Nancy,Robinson,Checkpoint Systms,Consultant,nancy.robinson.4508@off-442.demo.com,Austin,TX,78701,USA
David,Smith,Checkpoint Systms,Specialist,david.smith.4509@off-442.demo.com,Chicago,IL,60601,USA
Margaret,Johnson,Clarcor Inc,Manager,margaret.johnson.4510@off-443.demo.com,Denver,CO,80202,USA
Joseph,Williams,Clarcor Inc,Director,joseph.williams.4511@off-443.demo.com,Miami,FL,33101,USA
Mary,Brown,Clarcor Inc,VP,mary.brown.4512@off-443.demo.com,Portland,OR,97201,USA
Charles,Jones,Clarcor Inc,Engineer,charles.jones.4513@off-443.demo.com,Atlanta,GA,30301,USA
Jennifer,Garcia,Clarcor Inc,Consultant,jennifer.garcia.4514@off-443.demo.com,Boston,MA,02101,USA
Daniel,Miller,Clarcor Inc,Specialist,daniel.miller.4515@off-443.demo.com,Seattle,WA,98101,USA
Elizabeth,Davis,Clarcor Inc,Coordinator,elizabeth.davis.4516@off-443.demo.com,Austin,TX,78701,USA
Anthony,Rodriguez,Clarcor Inc,Analyst,anthony.rodriguez.4517@off-443.demo.com,Chicago,IL,60601,USA
Susan,Martinez,Clarcor Inc,Manager,susan.martinez.4518@off-443.demo.com,Denver,CO,80202,USA
James,Hernandez,Clarcor Inc,Director,james.hernandez.4519@off-443.demo.com,Miami,FL,33101,USA
Sarah,Lopez,Collectors Universe,VP,sarah.lopez.4520@off-444.demo.com,Portland,OR,97201,USA
Robert,Gonzalez,Collectors Universe,Engineer,robert.gonzalez.4521@off-444.demo.com,Atlanta,GA,30301,USA
Lisa,Wilson,Collectors Universe,Consultant,lisa.wilson.4522@off-444.demo.com,Boston,MA,02101,USA
William,Anderson,Collectors Universe,Specialist,william.anderson.4523@off-444.demo.com,Seattle,WA,98101,USA
Betty,Thomas,Collectors Universe,Coordinator,betty.thomas.4524@off-444.demo.com,Austin,TX,78701,USA
Richard,Taylor,Collectors Universe,Analyst,richard.taylor.4525@off-444.demo.com,Chicago,IL,60601,USA
Sandra,Moore,Collectors Universe,Manager,sandra.moore.4526@off-444.demo.com,Denver,CO,80202,USA
Thomas,Jackson,Collectors Universe,Director,thomas.jackson.4527@off-444.demo.com,Miami,FL,33101,USA
Patricia,Martin,Collectors Universe,VP,patricia.martin.4528@off-444.demo.com,Portland,OR,97201,USA
Christopher,Lee,Collectors Universe,Engineer,christopher.lee.4529@off-444.demo.com,Atlanta,GA,30301,USA
Linda,Perez,Cloud Peak Energy Inc,Coordinator,linda.perez.4530@off-445.demo.com,Boston,MA,02101,USA
Matthew,Thompson,Cloud Peak Energy Inc,Analyst,matthew.thompson.4531@off-445.demo.com,Seattle,WA,98101,USA
Barbara,White,Cloud Peak Energy Inc,Manager,barbara.white.4532@off-445.demo.com,Austin,TX,78701,USA
Mark,Harris,Cloud Peak Energy Inc,Director,mark.harris.4533@off-445.demo.com,Chicago,IL,60601,USA
Jessica,Sanchez,Cloud Peak Energy Inc,VP,jessica.sanchez.4534@off-445.demo.com,Denver,CO,80202,USA
John,Clark,Cloud Peak Energy Inc,Engineer,john.clark.4535@off-445.demo.com,Miami,FL,33101,USA
Karen,Ramirez,Cloud Peak Energy Inc,Consultant,karen.ramirez.4536@off-445.demo.com,Portland,OR,97201,USA
Michael,Lewis,Cloud Peak Energy Inc,Specialist,michael.lewis.4537@off-445.demo.com,Atlanta,GA,30301,USA
Nancy,Robinson,Cloud Peak Energy Inc,Coordinator,nancy.robinson.4538@off-445.demo.com,Boston,MA,02101,USA
David,Smith,Cloud Peak Energy Inc,Analyst,david.smith.4539@off-445.demo.com,Seattle,WA,98101,USA
Margaret,Johnson,Chatham Lodging Trust [Reit],Analyst,margaret.johnson.4540@off-446.demo.com,Austin,TX,78701,USA
Joseph,Williams,Chatham Lodging Trust [Reit],Manager,joseph.williams.4541@off-446.demo.com,Chicago,IL,60601,USA
Mary,Brown,Chatham Lodging Trust [Reit],Director,mary.brown.4542@off-446.demo.com,Denver,CO,80202,USA
Charles,Jones,Chatham Lodging Trust [Reit],VP,charles.jones.4543@off-446.demo.com,Miami,FL,33101,USA
Jennifer,Garcia,Chatham Lodging Trust [Reit],Engineer,jennifer.garcia.4544@off-446.demo.com,Portland,OR,97201,USA
Daniel,Miller,Chatham Lodging Trust [Reit],Consultant,daniel.miller.4545@off-446.demo.com,Atlanta,GA,30301,USA
Elizabeth,Davis,Chatham Lodging Trust [Reit],Specialist,elizabeth.davis.4546@off-446.demo.com,Boston,MA,02101,USA
Anthony,Rodriguez,Chatham Lodging Trust [Reit],Coordinator,anthony.rodriguez.4547@off-446.demo.com,Seattle,WA,98101,USA
Susan,Martinez,Chatham Lodging Trust [Reit],Analyst,susan.martinez.4548@off-446.demo.com,Austin,TX,78701,USA
James,Hernandez,Chatham Lodging Trust [Reit],Manager,james.hernandez.4549@off-446.demo.com,Chicago,IL,60601,USA
Sarah,Lopez,Celldex Therapeutics Inc,Specialist,sarah.lopez.4550@off-447.demo.com,Denver,CO,80202,USA
Robert,Gonzalez,Celldex Therapeutics Inc,Coordinator,robert.gonzalez.4551@off-447.demo.com,Miami,FL,33101,USA
Lisa,Wilson,Celldex Therapeutics Inc,Analyst,lisa.wilson.4552@off-447.demo.com,Portland,OR,97201,USA
William,Anderson,Celldex Therapeutics Inc,Manager,william.anderson.4553@off-447.demo.com,Atlanta,GA,30301,USA
Betty,Thomas,Celldex Therapeutics Inc,Director,betty.thomas.4554@off-447.demo.com,Boston,MA,02101,USA
Richard,Taylor,Celldex Therapeutics Inc,VP,richard.taylor.4555@off-447.demo.com,Seattle,WA,98101,USA
Sandra,Moore,Celldex Therapeutics Inc,Engineer,sandra.moore.4556@off-447.demo.com,Austin,TX,78701,USA
Thomas,Jackson,Celldex Therapeutics Inc,Consultant,thomas.jackson.4557@off-447.demo.com,Chicago,IL,60601,USA
Patricia,Martin,Celldex Therapeutics Inc,Specialist,patricia.martin.4558@off-447.demo.com,Denver,CO,80202,USA
Christopher,Lee,Celldex Therapeutics Inc,Coordinator,christopher.lee.4559@off-447.demo.com,Miami,FL,33101,USA
Linda,Perez,Cliffs Natural Resources Inc,Engineer,linda.perez.4560@off-448.demo.com,Portland,OR,97201,USA
Matthew,Thompson,Cliffs Natural Resources Inc,Consultant,matthew.thompson.4561@off-448.demo.com,Atlanta,GA,30301,USA
Barbara,White,Cliffs Natural Resources Inc,Specialist,barbara.white.4562@off-448.demo.com,Boston,MA,02101,USA
Mark,Harris,Cliffs Natural Resources Inc,Coordinator,mark.harris.4563@off-448.demo.com,Seattle,WA,98101,USA
Jessica,Sanchez,Cliffs Natural Resources Inc,Analyst,jessica.sanchez.4564@off-448.demo.com,Austin,TX,78701,USA
John,Clark,Cliffs Natural Resources Inc,Manager,john.clark.4565@off-448.demo.com,Chicago,IL,60601,USA
Karen,Ramirez,Cliffs Natural Resources Inc,Director,karen.ramirez.4566@off-448.demo.com,Denver,CO,80202,USA
Michael,Lewis,Cliffs Natural Resources Inc,VP,michael.lewis.4567@off-448.demo.com,Miami,FL,33101,USA
Nancy,Robinson,Cliffs Natural Resources Inc,Engineer,nancy.robinson.4568@off-448.demo.com,Portland,OR,97201,USA
David,Smith,Cliffs Natural Resources Inc,Consultant,david.smith.4569@off-448.demo.com,Atlanta,GA,30301,USA
Margaret,Johnson,Clearfield,Engineer,margaret.johnson.4570@off-449.demo.com,Boston,MA,02101,USA
Joseph,Williams,Clearfield,Consultant,joseph.williams.4571@off-449.demo.com,Seattle,WA,98101,USA
Mary,Brown,Clearfield,Specialist,mary.brown.4572@off-449.demo.com,Austin,TX,78701,USA
Charles,Jones,Clearfield,Coordinator,charles.jones.4573@off-449.demo.com,Chicago,IL,60601,USA
Jennifer,Garcia,Clearfield,Analyst,jennifer.garcia.4574@off-449.demo.com,Denver,CO,80202,USA
Daniel,Miller,Clearfield,Manager,daniel.miller.4575@off-449.demo.com,Miami,FL,33101,USA
Elizabeth,Davis,Clearfield,Director,elizabeth.davis.4576@off-449.demo.com,Portland,OR,97201,USA
Anthony,Rodriguez,Clearfield,VP,anthony.rodriguez.4577@off-449.demo.com,Atlanta,GA,30301,USA
Susan,Martinez,Clearfield,Engineer,susan.martinez.4578@off-449.demo.com,Boston,MA,02101,USA
James,Hernandez,Clearfield,Consultant,james.hernandez.4579@off-449.demo.com,Seattle,WA,98101,USA
Sarah,Lopez,Mack-Cali Realty Corp,Manager,sarah.lopez.4580@off-450.demo.com,Austin,TX,78701,USA
Robert,Gonzalez,Mack-Cali Realty Corp,Director,robert.gonzalez.4581@off-450.demo.com,Chicago,IL,60601,USA
Lisa,Wilson,Mack-Cali Realty Corp,VP,lisa.wilson.4582@off-450.demo.com,Denver,CO,80202,USA
William,Anderson,Mack-Cali Realty Corp,Engineer,william.anderson.4583@off-450.demo.com,Miami,FL,33101,USA
Betty,Thomas,Mack-Cali Realty Corp,Consultant,betty.thomas.4584@off-450.demo.com,Portland,OR,97201,USA
Richard,Taylor,Mack-Cali Realty Corp,Specialist,richard.taylor.4585@off-450.demo.com,Atlanta,GA,30301,USA
Sandra,Moore,Mack-Cali Realty Corp,Coordinator,sandra.moore.4586@off-450.demo.com,Boston,MA,02101,USA
Thomas,Jackson,Mack-Cali Realty Corp,Analyst,thomas.jackson.4587@off-450.demo.com,Seattle,WA,98101,USA
Patricia,Martin,Mack-Cali Realty Corp,Manager,patricia.martin.4588@off-450.demo.com,Austin,TX,78701,USA
Christopher,Lee,Mack-Cali Realty Corp,Director,christopher.lee.4589@off-450.demo.com,Chicago,IL,60601,USA
Linda,Perez,Calamos Asset Management,Specialist,linda.perez.4590@off-451.demo.com,Denver,CO,80202,USA
Matthew,Thompson,Calamos Asset Management,Coordinator,matthew.thompson.4591@off-451.demo.com,Miami,FL,33101,USA
Barbara,White,Calamos Asset Management,Analyst,barbara.white.4592@off-451.demo.com,Portland,OR,97201,USA
Mark,Harris,Calamos Asset Management,Manager,mark.harris.4593@off-451.demo.com,Atlanta,GA,30301,USA
Jessica,Sanchez,Calamos Asset Management,Director,jessica.sanchez.4594@off-451.demo.com,Boston,MA,02101,USA
John,Clark,Calamos Asset Management,VP,john.clark.4595@off-451.demo.com,Seattle,WA,98101,USA
Karen,Ramirez,Calamos Asset Management,Engineer,karen.ramirez.4596@off-451.demo.com,Austin,TX,78701,USA
Michael,Lewis,Calamos Asset Management,Consultant,michael.lewis.4597@off-451.demo.com,Chicago,IL,60601,USA
Nancy,Robinson,Calamos Asset Management,Specialist,nancy.robinson.4598@off-451.demo.com,Denver,CO,80202,USA
David,Smith,Calamos Asset Management,Coordinator,david.smith.4599@off-451.demo.com,Miami,FL,33101,USA
Margaret,Johnson,Clean Energy Fuels,Director,margaret.johnson.4600@off-452.demo.com,Portland,OR,97201,USA
Joseph,Williams,Clean Energy Fuels,VP,joseph.williams.4601@off-452.demo.com,Atlanta,GA,30301,USA
Mary,Brown,Clean Energy Fuels,Engineer,mary.brown.4602@off-452.demo.com,Boston,MA,02101,USA
Charles,Jones,Clean Energy Fuels,Consultant,charles.jones.4603@off-452.demo.com,Seattle,WA,98101,USA
Jennifer,Garcia,Clean Energy Fuels,Specialist,jennifer.garcia.4604@off-452.demo.com,Austin,TX,78701,USA
Daniel,Miller,Clean Energy Fuels,Coordinator,daniel.miller.4605@off-452.demo.com,Chicago,IL,60601,USA
Elizabeth,Davis,Clean Energy Fuels,Analyst,elizabeth.davis.4606@off-452.demo.com,Denver,CO,80202,USA
Anthony,Rodriguez,Clean Energy Fuels,Manager,anthony.rodriguez.4607@off-452.demo.com,Miami,FL,33101,USA
Susan,Martinez,Clean Energy Fuels,Director,susan.martinez.4608@off-452.demo.com,Portland,OR,97201,USA
James,Hernandez,Clean Energy Fuels,VP,james.hernandez.4609@off-452.demo.com,Atlanta,GA,30301,USA
Sarah,Lopez,Colony Financial Inc,Specialist,sarah.lopez.4610@off-453.demo.com,Boston,MA,02101,USA
Robert,Gonzalez,Colony Financial Inc,Coordinator,robert.gonzalez.4611@off-453.demo.com,Seattle,WA,98101,USA
Lisa,Wilson,Colony Financial Inc,Analyst,lisa.wilson.4612@off-453.demo.com,Austin,TX,78701,USA
William,Anderson,Colony Financial Inc,Manager,william.anderson.4613@off-453.demo.com,Chicago,IL,60601,USA
Betty,Thomas,Colony Financial Inc,Director,betty.thomas.4614@off-453.demo.com,Denver,CO,80202,USA
Richard,Taylor,Colony Financial Inc,VP,richard.taylor.4615@off-453.demo.com,Miami,FL,33101,USA
Sandra,Moore,Colony Financial Inc,Engineer,sandra.moore.4616@off-453.demo.com,Portland,OR,97201,USA
Thomas,Jackson,Colony Financial Inc,Consultant,thomas.jackson.4617@off-453.demo.com,Atlanta,GA,30301,USA
Patricia,Martin,Colony Financial Inc,Specialist,patricia.martin.4618@off-453.demo.com,Boston,MA,02101,USA
Christopher,Lee,Colony Financial Inc,Coordinator,christopher.lee.4619@off-453.demo.com,Seattle,WA,98101,USA
Linda,Perez,Clovis Oncology Inc,Coordinator,linda.perez.4620@off-454.demo.com,Austin,TX,78701,USA
Matthew,Thompson,Clovis Oncology Inc,Analyst,matthew.thompson.4621@off-454.demo.com,Chicago,IL,60601,USA
Barbara,White,Clovis Oncology Inc,Manager,barbara.white.4622@off-454.demo.com,Denver,CO,80202,USA
Mark,Harris,Clovis Oncology Inc,Director,mark.harris.4623@off-454.demo.com,Miami,FL,33101,USA
Jessica,Sanchez,Clovis Oncology Inc,VP,jessica.sanchez.4624@off-454.demo.com,Portland,OR,97201,USA
John,Clark,Clovis Oncology Inc,Engineer,john.clark.4625@off-454.demo.com,Atlanta,GA,30301,USA
Karen,Ramirez,Clovis Oncology Inc,Consultant,karen.ramirez.4626@off-454.demo.com,Boston,MA,02101,USA
Michael,Lewis,Clovis Oncology Inc,Specialist,michael.lewis.4627@off-454.demo.com,Seattle,WA,98101,USA
Nancy,Robinson,Clovis Oncology Inc,Coordinator,nancy.robinson.4628@off-454.demo.com,Austin,TX,78701,USA
David,Smith,Clovis Oncology Inc,Analyst,david.smith.4629@off-454.demo.com,Chicago,IL,60601,USA
Margaret,Johnson,Clearwater Paper Corp,VP,margaret.johnson.4630@off-455.demo.com,Denver,CO,80202,USA
Joseph,Williams,Clearwater Paper Corp,Engineer,joseph.williams.4631@off-455.demo.com,Miami,FL,33101,USA
Mary,Brown,Clearwater Paper Corp,Consultant,mary.brown.4632@off-455.demo.com,Portland,OR,97201,USA
Charles,Jones,Clearwater Paper Corp,Specialist,charles.jones.4633@off-455.demo.com,Atlanta,GA,30301,USA
Jennifer,Garcia,Clearwater Paper Corp,Coordinator,jennifer.garcia.4634@off-455.demo.com,Boston,MA,02101,USA
Daniel,Miller,Clearwater Paper Corp,Analyst,daniel.miller.4635@off-455.demo.com,Seattle,WA,98101,USA
Elizabeth,Davis,Clearwater Paper Corp,Manager,elizabeth.davis.4636@off-455.demo.com,Austin,TX,78701,USA
Anthony,Rodriguez,Clearwater Paper Corp,Director,anthony.rodriguez.4637@off-455.demo.com,Chicago,IL,60601,USA
Susan,Martinez,Clearwater Paper Corp,VP,susan.martinez.4638@off-455.demo.com,Denver,CO,80202,USA
James,Hernandez,Clearwater Paper Corp,Engineer,james.hernandez.4639@off-455.demo.com,Miami,FL,33101,USA
Sarah,Lopez,Commercial Metals Company,Manager,sarah.lopez.4640@off-456.demo.com,Portland,OR,97201,USA
Robert,Gonzalez,Commercial Metals Company,Director,robert.gonzalez.4641@off-456.demo.com,Atlanta,GA,30301,USA
Lisa,Wilson,Commercial Metals Company,VP,lisa.wilson.4642@off-456.demo.com,Boston,MA,02101,USA
William,Anderson,Commercial Metals Company,Engineer,william.anderson.4643@off-456.demo.com,Seattle,WA,98101,USA
Betty,Thomas,Commercial Metals Company,Consultant,betty.thomas.4644@off-456.demo.com,Austin,TX,78701,USA
Richard,Taylor,Commercial Metals Company,Specialist,richard.taylor.4645@off-456.demo.com,Chicago,IL,60601,USA
Sandra,Moore,Commercial Metals Company,Coordinator,sandra.moore.4646@off-456.demo.com,Denver,CO,80202,USA
Thomas,Jackson,Commercial Metals Company,Analyst,thomas.jackson.4647@off-456.demo.com,Miami,FL,33101,USA
Patricia,Martin,Commercial Metals Company,Manager,patricia.martin.4648@off-456.demo.com,Portland,OR,97201,USA
Christopher,Lee,Commercial Metals Company,Director,christopher.lee.4649@off-456.demo.com,Atlanta,GA,30301,USA
Linda,Perez,Columbus Mckinnon Corp,Analyst,linda.perez.4650@off-457.demo.com,Boston,MA,02101,USA
Matthew,Thompson,Columbus Mckinnon Corp,Manager,matthew.thompson.4651@off-457.demo.com,Seattle,WA,98101,USA
Barbara,White,Columbus Mckinnon Corp,Director,barbara.white.4652@off-457.demo.com,Austin,TX,78701,USA
Mark,Harris,Columbus Mckinnon Corp,VP,mark.harris.4653@off-457.demo.com,Chicago,IL,60601,USA
Jessica,Sanchez,Columbus Mckinnon Corp,Engineer,jessica.sanchez.4654@off-457.demo.com,Denver,CO,80202,USA
John,Clark,Columbus Mckinnon Corp,Consultant,john.clark.4655@off-457.demo.com,Miami,FL,33101,USA
Karen,Ramirez,Columbus Mckinnon Corp,Specialist,karen.ramirez.4656@off-457.demo.com,Portland,OR,97201,USA
Michael,Lewis,Columbus Mckinnon Corp,Coordinator,michael.lewis.4657@off-457.demo.com,Atlanta,GA,30301,USA
Nancy,Robinson,Columbus Mckinnon Corp,Analyst,nancy.robinson.4658@off-457.demo.com,Boston,MA,02101,USA
David,Smith,Columbus Mckinnon Corp,Manager,david.smith.4659@off-457.demo.com,Seattle,WA,98101,USA
Margaret,Johnson,Cumulus Media Inc,Consultant,margaret.johnson.4660@off-458.demo.com,Austin,TX,78701,USA
Joseph,Williams,Cumulus Media Inc,Specialist,joseph.williams.4661@off-458.demo.com,Chicago,IL,60601,USA
Mary,Brown,Cumulus Media Inc,Coordinator,mary.brown.4662@off-458.demo.com,Denver,CO,80202,USA
Charles,Jones,Cumulus Media Inc,Analyst,charles.jones.4663@off-458.demo.com,Miami,FL,33101,USA
Jennifer,Garcia,Cumulus Media Inc,Manager,jennifer.garcia.4664@off-458.demo.com,Portland,OR,97201,USA
Daniel,Miller,Cumulus Media Inc,Director,daniel.miller.4665@off-458.demo.com,Atlanta,GA,30301,USA
Elizabeth,Davis,Cumulus Media Inc,VP,elizabeth.davis.4666@off-458.demo.com,Boston,MA,02101,USA
Anthony,Rodriguez,Cumulus Media Inc,Engineer,anthony.rodriguez.4667@off-458.demo.com,Seattle,WA,98101,USA
Susan,Martinez,Cumulus Media Inc,Consultant,susan.martinez.4668@off-458.demo.com,Austin,TX,78701,USA
James,Hernandez,Cumulus Media Inc,Specialist,james.hernandez.4669@off-458.demo.com,Chicago,IL,60601,USA
Sarah,Lopez,Cantel Medical,Engineer,sarah.lopez.4670@off-459.demo.com,Denver,CO,80202,USA
Robert,Gonzalez,Cantel Medical,Consultant,robert.gonzalez.4671@off-459.demo.com,Miami,FL,33101,USA
Lisa,Wilson,Cantel Medical,Specialist,lisa.wilson.4672@off-459.demo.com,Portland,OR,97201,USA
William,Anderson,Cantel Medical,Coordinator,william.anderson.4673@off-459.demo.com,Atlanta,GA,30301,USA
Betty,Thomas,Cantel Medical,Analyst,betty.thomas.4674@off-459.demo.com,Boston,MA,02101,USA
Richard,Taylor,Cantel Medical,Manager,richard.taylor.4675@off-459.demo.com,Seattle,WA,98101,USA
Sandra,Moore,Cantel Medical,Director,sandra.moore.4676@off-459.demo.com,Austin,TX,78701,USA
Thomas,Jackson,Cantel Medical,VP,thomas.jackson.4677@off-459.demo.com,Chicago,IL,60601,USA
Patricia,Martin,Cantel Medical,Engineer,patricia.martin.4678@off-459.demo.com,Denver,CO,80202,USA
Christopher,Lee,Cantel Medical,Consultant,christopher.lee.4679@off-459.demo.com,Miami,FL,33101,USA
Linda,Perez,Capstead Mortgage Corp,Specialist,linda.perez.4680@off-460.demo.com,Portland,OR,97201,USA
Matthew,Thompson,Capstead Mortgage Corp,Coordinator,matthew.thompson.4681@off-460.demo.com,Atlanta,GA,30301,USA
Barbara,White,Capstead Mortgage Corp,Analyst,barbara.white.4682@off-460.demo.com,Boston,MA,02101,USA
Mark,Harris,Capstead Mortgage Corp,Manager,mark.harris.4683@off-460.demo.com,Seattle,WA,98101,USA
Jessica,Sanchez,Capstead Mortgage Corp,Director,jessica.sanchez.4684@off-460.demo.com,Austin,TX,78701,USA
John,Clark,Capstead Mortgage Corp,VP,john.clark.4685@off-460.demo.com,Chicago,IL,60601,USA
Karen,Ramirez,Capstead Mortgage Corp,Engineer,karen.ramirez.4686@off-460.demo.com,Denver,CO,80202,USA
Michael,Lewis,Capstead Mortgage Corp,Consultant,michael.lewis.4687@off-460.demo.com,Miami,FL,33101,USA
Nancy,Robinson,Capstead Mortgage Corp,Specialist,nancy.robinson.4688@off-460.demo.com,Portland,OR,97201,USA
David,Smith,Capstead Mortgage Corp,Coordinator,david.smith.4689@off-460.demo.com,Atlanta,GA,30301,USA
Margaret,Johnson,Cimpress N.V.,Coordinator,margaret.johnson.4690@off-461.demo.com,Boston,MA,02101,USA
Joseph,Williams,Cimpress N.V.,Analyst,joseph.williams.4691@off-461.demo.com,Seattle,WA,98101,USA
Mary,Brown,Cimpress N.V.,Manager,mary.brown.4692@off-461.demo.com,Austin,TX,78701,USA
Charles,Jones,Cimpress N.V.,Director,charles.jones.4693@off-461.demo.com,Chicago,IL,60601,USA
Jennifer,Garcia,Cimpress N.V.,VP,jennifer.garcia.4694@off-461.demo.com,Denver,CO,80202,USA
Daniel,Miller,Cimpress N.V.,Engineer,daniel.miller.4695@off-461.demo.com,Miami,FL,33101,USA
Elizabeth,Davis,Cimpress N.V.,Consultant,elizabeth.davis.4696@off-461.demo.com,Portland,OR,97201,USA
Anthony,Rodriguez,Cimpress N.V.,Specialist,anthony.rodriguez.4697@off-461.demo.com,Atlanta,GA,30301,USA
Susan,Martinez,Cimpress N.V.,Coordinator,susan.martinez.4698@off-461.demo.com,Boston,MA,02101,USA
James,Hernandez,Cimpress N.V.,Analyst,james.hernandez.4699@off-461.demo.com,Seattle,WA,98101,USA
Sarah,Lopez,Chimerix Inc,Analyst,sarah.lopez.4700@off-462.demo.com,Austin,TX,78701,USA
Robert,Gonzalez,Chimerix Inc,Manager,robert.gonzalez.4701@off-462.demo.com,Chicago,IL,60601,USA
Lisa,Wilson,Chimerix Inc,Director,lisa.wilson.4702@off-462.demo.com,Denver,CO,80202,USA
William,Anderson,Chimerix Inc,VP,william.anderson.4703@off-462.demo.com,Miami,FL,33101,USA
Betty,Thomas,Chimerix Inc,Engineer,betty.thomas.4704@off-462.demo.com,Portland,OR,97201,USA
Richard,Taylor,Chimerix Inc,Consultant,richard.taylor.4705@off-462.demo.com,Atlanta,GA,30301,USA
Sandra,Moore,Chimerix Inc,Specialist,sandra.moore.4706@off-462.demo.com,Boston,MA,02101,USA
Thomas,Jackson,Chimerix Inc,Coordinator,thomas.jackson.4707@off-462.demo.com,Seattle,WA,98101,USA
Patricia,Martin,Chimerix Inc,Analyst,patricia.martin.4708@off-462.demo.com,Austin,TX,78701,USA
Christopher,Lee,Chimerix Inc,Manager,christopher.lee.4709@off-462.demo.com,Chicago,IL,60601,USA
Linda,Perez,Core Molding Technologies Inc,VP,linda.perez.4710@off-463.demo.com,Denver,CO,80202,USA
Matthew,Thompson,Core Molding Technologies Inc,Engineer,matthew.thompson.4711@off-463.demo.com,Miami,FL,33101,USA
Barbara,White,Core Molding Technologies Inc,Consultant,barbara.white.4712@off-463.demo.com,Portland,OR,97201,USA
Mark,Harris,Core Molding Technologies Inc,Specialist,mark.harris.4713@off-463.demo.com,Atlanta,GA,30301,USA
Jessica,Sanchez,Core Molding Technologies Inc,Coordinator,jessica.sanchez.4714@off-463.demo.com,Boston,MA,02101,USA
John,Clark,Core Molding Technologies Inc,Analyst,john.clark.4715@off-463.demo.com,Seattle,WA,98101,USA
Karen,Ramirez,Core Molding Technologies Inc,Manager,karen.ramirez.4716@off-463.demo.com,Austin,TX,78701,USA
Michael,Lewis,Core Molding Technologies Inc,Director,michael.lewis.4717@off-463.demo.com,Chicago,IL,60601,USA
Nancy,Robinson,Core Molding Technologies Inc,VP,nancy.robinson.4718@off-463.demo.com,Denver,CO,80202,USA
David,Smith,Core Molding Technologies Inc,Engineer,david.smith.4719@off-463.demo.com,Miami,FL,33101,USA
Margaret,Johnson,Comtech Telecommunications,Director,margaret.johnson.4720@off-464.demo.com,Portland,OR,97201,USA
Joseph,Williams,Comtech Telecommunications,VP,joseph.williams.4721@off-464.demo.com,Atlanta,GA,30301,USA
Mary,Brown,Comtech Telecommunications,Engineer,mary.brown.4722@off-464.demo.com,Boston,MA,02101,USA
Charles,Jones,Comtech Telecommunications,Consultant,charles.jones.4723@off-464.demo.com,Seattle,WA,98101,USA
Jennifer,Garcia,Comtech Telecommunications,Specialist,jennifer.garcia.4724@off-464.demo.com,Austin,TX,78701,USA
Daniel,Miller,Comtech Telecommunications,Coordinator,daniel.miller.4725@off-464.demo.com,Chicago,IL,60601,USA
Elizabeth,Davis,Comtech Telecommunications,Analyst,elizabeth.davis.4726@off-464.demo.com,Denver,CO,80202,USA
Anthony,Rodriguez,Comtech Telecommunications,Manager,anthony.rodriguez.4727@off-464.demo.com,Miami,FL,33101,USA
Susan,Martinez,Comtech Telecommunications,Director,susan.martinez.4728@off-464.demo.com,Portland,OR,97201,USA
James,Hernandez,Comtech Telecommunications,VP,james.hernandez.4729@off-464.demo.com,Atlanta,GA,30301,USA
Sarah,Lopez,Century Bancorp,Manager,sarah.lopez.4730@off-465.demo.com,Boston,MA,02101,USA
Robert,Gonzalez,Century Bancorp,Director,robert.gonzalez.4731@off-465.demo.com,Seattle,WA,98101,USA
Lisa,Wilson,Century Bancorp,VP,lisa.wilson.4732@off-465.demo.com,Austin,TX,78701,USA
William,Anderson,Century Bancorp,Engineer,william.anderson.4733@off-465.demo.com,Chicago,IL,60601,USA
Betty,Thomas,Century Bancorp,Consultant,betty.thomas.4734@off-465.demo.com,Denver,CO,80202,USA
Richard,Taylor,Century Bancorp,Specialist,richard.taylor.4735@off-465.demo.com,Miami,FL,33101,USA
Sandra,Moore,Century Bancorp,Coordinator,sandra.moore.4736@off-465.demo.com,Portland,OR,97201,USA
Thomas,Jackson,Century Bancorp,Analyst,thomas.jackson.4737@off-465.demo.com,Atlanta,GA,30301,USA
Patricia,Martin,Century Bancorp,Manager,patricia.martin.4738@off-465.demo.com,Boston,MA,02101,USA
Christopher,Lee,Century Bancorp,Director,christopher.lee.4739@off-465.demo.com,Seattle,WA,98101,USA
Linda,Perez,Concert Pharmaceuticals Inc,Coordinator,linda.perez.4740@off-466.demo.com,Austin,TX,78701,USA
Matthew,Thompson,Concert Pharmaceuticals Inc,Analyst,matthew.thompson.4741@off-466.demo.com,Chicago,IL,60601,USA
Barbara,White,Concert Pharmaceuticals Inc,Manager,barbara.white.4742@off-466.demo.com,Denver,CO,80202,USA
Mark,Harris,Concert Pharmaceuticals Inc,Director,mark.harris.4743@off-466.demo.com,Miami,FL,33101,USA
Jessica,Sanchez,Concert Pharmaceuticals Inc,VP,jessica.sanchez.4744@off-466.demo.com,Portland,OR,97201,USA
John,Clark,Concert Pharmaceuticals Inc,Engineer,john.clark.4745@off-466.demo.com,Atlanta,GA,30301,USA
Karen,Ramirez,Concert Pharmaceuticals Inc,Consultant,karen.ramirez.4746@off-466.demo.com,Boston,MA,02101,USA
Michael,Lewis,Concert Pharmaceuticals Inc,Specialist,michael.lewis.4747@off-466.demo.com,Seattle,WA,98101,USA
Nancy,Robinson,Concert Pharmaceuticals Inc,Coordinator,nancy.robinson.4748@off-466.demo.com,Austin,TX,78701,USA
David,Smith,Concert Pharmaceuticals Inc,Analyst,david.smith.4749@off-466.demo.com,Chicago,IL,60601,USA
Margaret,Johnson,Cleco Power Llc,Consultant,margaret.johnson.4750@off-467.demo.com,Denver,CO,80202,USA
Joseph,Williams,Cleco Power Llc,Specialist,joseph.williams.4751@off-467.demo.com,Miami,FL,33101,USA
Mary,Brown,Cleco Power Llc,Coordinator,mary.brown.4752@off-467.demo.com,Portland,OR,97201,USA
Charles,Jones,Cleco Power Llc,Analyst,charles.jones.4753@off-467.demo.com,Atlanta,GA,30301,USA
Jennifer,Garcia,Cleco Power Llc,Manager,jennifer.garcia.4754@off-467.demo.com,Boston,MA,02101,USA
Daniel,Miller,Cleco Power Llc,Director,daniel.miller.4755@off-467.demo.com,Seattle,WA,98101,USA
Elizabeth,Davis,Cleco Power Llc,VP,elizabeth.davis.4756@off-467.demo.com,Austin,TX,78701,USA
Anthony,Rodriguez,Cleco Power Llc,Engineer,anthony.rodriguez.4757@off-467.demo.com,Chicago,IL,60601,USA
Susan,Martinez,Cleco Power Llc,Consultant,susan.martinez.4758@off-467.demo.com,Denver,CO,80202,USA
James,Hernandez,Cleco Power Llc,Specialist,james.hernandez.4759@off-467.demo.com,Miami,FL,33101,USA
Sarah,Lopez,Conmed Corp,VP,sarah.lopez.4760@off-468.demo.com,Portland,OR,97201,USA
Robert,Gonzalez,Conmed Corp,Engineer,robert.gonzalez.4761@off-468.demo.com,Atlanta,GA,30301,USA
Lisa,Wilson,Conmed Corp,Consultant,lisa.wilson.4762@off-468.demo.com,Boston,MA,02101,USA
William,Anderson,Conmed Corp,Specialist,william.anderson.4763@off-468.demo.com,Seattle,WA,98101,USA
Betty,Thomas,Conmed Corp,Coordinator,betty.thomas.4764@off-468.demo.com,Austin,TX,78701,USA
Richard,Taylor,Conmed Corp,Analyst,richard.taylor.4765@off-468.demo.com,Chicago,IL,60601,USA
Sandra,Moore,Conmed Corp,Manager,sandra.moore.4766@off-468.demo.com,Denver,CO,80202,USA
Thomas,Jackson,Conmed Corp,Director,thomas.jackson.4767@off-468.demo.com,Miami,FL,33101,USA
Patricia,Martin,Conmed Corp,VP,patricia.martin.4768@off-468.demo.com,Portland,OR,97201,USA
Christopher,Lee,Conmed Corp,Engineer,christopher.lee.4769@off-468.demo.com,Atlanta,GA,30301,USA
Linda,Perez,Cno Financial Group,Consultant,linda.perez.4770@off-469.demo.com,Boston,MA,02101,USA
Matthew,Thompson,Cno Financial Group,Specialist,matthew.thompson.4771@off-469.demo.com,Seattle,WA,98101,USA
Barbara,White,Cno Financial Group,Coordinator,barbara.white.4772@off-469.demo.com,Austin,TX,78701,USA
Mark,Harris,Cno Financial Group,Analyst,mark.harris.4773@off-469.demo.com,Chicago,IL,60601,USA
Jessica,Sanchez,Cno Financial Group,Manager,jessica.sanchez.4774@off-469.demo.com,Denver,CO,80202,USA
John,Clark,Cno Financial Group,Director,john.clark.4775@off-469.demo.com,Miami,FL,33101,USA
Karen,Ramirez,Cno Financial Group,VP,karen.ramirez.4776@off-469.demo.com,Portland,OR,97201,USA
Michael,Lewis,Cno Financial Group,Engineer,michael.lewis.4777@off-469.demo.com,Atlanta,GA,30301,USA
Nancy,Robinson,Cno Financial Group,Consultant,nancy.robinson.4778@off-469.demo.com,Boston,MA,02101,USA
David,Smith,Cno Financial Group,Specialist,david.smith.4779@off-469.demo.com,Seattle,WA,98101,USA
Margaret,Johnson,Connectone Bancorp Inc,Director,margaret.johnson.4780@off-470.demo.com,Austin,TX,78701,USA
Joseph,Williams,Connectone Bancorp Inc,VP,joseph.williams.4781@off-470.demo.com,Chicago,IL,60601,USA
Mary,Brown,Connectone Bancorp Inc,Engineer,mary.brown.4782@off-470.demo.com,Denver,CO,80202,USA
Charles,Jones,Connectone Bancorp Inc,Consultant,charles.jones.4783@off-470.demo.com,Miami,FL,33101,USA
Jennifer,Garcia,Connectone Bancorp Inc,Specialist,jennifer.garcia.4784@off-470.demo.com,Portland,OR,97201,USA
Daniel,Miller,Connectone Bancorp Inc,Coordinator,daniel.miller.4785@off-470.demo.com,Atlanta,GA,30301,USA
Elizabeth,Davis,Connectone Bancorp Inc,Analyst,elizabeth.davis.4786@off-470.demo.com,Boston,MA,02101,USA
Anthony,Rodriguez,Connectone Bancorp Inc,Manager,anthony.rodriguez.4787@off-470.demo.com,Seattle,WA,98101,USA
Susan,Martinez,Connectone Bancorp Inc,Director,susan.martinez.4788@off-470.demo.com,Austin,TX,78701,USA
James,Hernandez,Connectone Bancorp Inc,VP,james.hernandez.4789@off-470.demo.com,Chicago,IL,60601,USA
Sarah,Lopez,Cohn & Steers Inc,Coordinator,sarah.lopez.4790@off-471.demo.com,Denver,CO,80202,USA
Robert,Gonzalez,Cohn & Steers Inc,Analyst,robert.gonzalez.4791@off-471.demo.com,Miami,FL,33101,USA
Lisa,Wilson,Cohn & Steers Inc,Manager,lisa.wilson.4792@off-471.demo.com,Portland,OR,97201,USA
William,Anderson,Cohn & Steers Inc,Director,william.anderson.4793@off-471.demo.com,Atlanta,GA,30301,USA
Betty,Thomas,Cohn & Steers Inc,VP,betty.thomas.4794@off-471.demo.com,Boston,MA,02101,USA
Richard,Taylor,Cohn & Steers Inc,Engineer,richard.taylor.4795@off-471.demo.com,Seattle,WA,98101,USA
Sandra,Moore,Cohn & Steers Inc,Consultant,sandra.moore.4796@off-471.demo.com,Austin,TX,78701,USA
Thomas,Jackson,Cohn & Steers Inc,Specialist,thomas.jackson.4797@off-471.demo.com,Chicago,IL,60601,USA
Patricia,Martin,Cohn & Steers Inc,Coordinator,patricia.martin.4798@off-471.demo.com,Denver,CO,80202,USA
Christopher,Lee,Cohn & Steers Inc,Analyst,christopher.lee.4799@off-471.demo.com,Miami,FL,33101,USA
Linda,Perez,Consolidated Communications Holdings,Engineer,linda.perez.4800@off-472.demo.com,Portland,OR,97201,USA
Matthew,Thompson,Consolidated Communications Holdings,Consultant,matthew.thompson.4801@off-472.demo.com,Atlanta,GA,30301,USA
Barbara,White,Consolidated Communications Holdings,Specialist,barbara.white.4802@off-472.demo.com,Boston,MA,02101,USA
Mark,Harris,Consolidated Communications Holdings,Coordinator,mark.harris.4803@off-472.demo.com,Seattle,WA,98101,USA
Jessica,Sanchez,Consolidated Communications Holdings,Analyst,jessica.sanchez.4804@off-472.demo.com,Austin,TX,78701,USA
John,Clark,Consolidated Communications Holdings,Manager,john.clark.4805@off-472.demo.com,Chicago,IL,60601,USA
Karen,Ramirez,Consolidated Communications Holdings,Director,karen.ramirez.4806@off-472.demo.com,Denver,CO,80202,USA
Michael,Lewis,Consolidated Communications Holdings,VP,michael.lewis.4807@off-472.demo.com,Miami,FL,33101,USA
Nancy,Robinson,Consolidated Communications Holdings,Engineer,nancy.robinson.4808@off-472.demo.com,Portland,OR,97201,USA
David,Smith,Consolidated Communications Holdings,Consultant,david.smith.4809@off-472.demo.com,Atlanta,GA,30301,USA
Margaret,Johnson,Connecture Inc,Analyst,margaret.johnson.4810@off-473.demo.com,Boston,MA,02101,USA
Joseph,Williams,Connecture Inc,Manager,joseph.williams.4811@off-473.demo.com,Seattle,WA,98101,USA
Mary,Brown,Connecture Inc,Director,mary.brown.4812@off-473.demo.com,Austin,TX,78701,USA
Charles,Jones,Connecture Inc,VP,charles.jones.4813@off-473.demo.com,Chicago,IL,60601,USA
Jennifer,Garcia,Connecture Inc,Engineer,jennifer.garcia.4814@off-473.demo.com,Denver,CO,80202,USA
Daniel,Miller,Connecture Inc,Consultant,daniel.miller.4815@off-473.demo.com,Miami,FL,33101,USA
Elizabeth,Davis,Connecture Inc,Specialist,elizabeth.davis.4816@off-473.demo.com,Portland,OR,97201,USA
Anthony,Rodriguez,Connecture Inc,Coordinator,anthony.rodriguez.4817@off-473.demo.com,Atlanta,GA,30301,USA
Susan,Martinez,Connecture Inc,Analyst,susan.martinez.4818@off-473.demo.com,Boston,MA,02101,USA
James,Hernandez,Connecture Inc,Manager,james.hernandez.4819@off-473.demo.com,Seattle,WA,98101,USA
Sarah,Lopez,Community One Bancorp,Manager,sarah.lopez.4820@off-474.demo.com,Austin,TX,78701,USA
Robert,Gonzalez,Community One Bancorp,Director,robert.gonzalez.4821@off-474.demo.com,Chicago,IL,60601,USA
Lisa,Wilson,Community One Bancorp,VP,lisa.wilson.4822@off-474.demo.com,Denver,CO,80202,USA
William,Anderson,Community One Bancorp,Engineer,william.anderson.4823@off-474.demo.com,Miami,FL,33101,USA
Betty,Thomas,Community One Bancorp,Consultant,betty.thomas.4824@off-474.demo.com,Portland,OR,97201,USA
Richard,Taylor,Community One Bancorp,Specialist,richard.taylor.4825@off-474.demo.com,Atlanta,GA,30301,USA
Sandra,Moore,Community One Bancorp,Coordinator,sandra.moore.4826@off-474.demo.com,Boston,MA,02101,USA
Thomas,Jackson,Community One Bancorp,Analyst,thomas.jackson.4827@off-474.demo.com,Seattle,WA,98101,USA
Patricia,Martin,Community One Bancorp,Manager,patricia.martin.4828@off-474.demo.com,Austin,TX,78701,USA
Christopher,Lee,Community One Bancorp,Director,christopher.lee.4829@off-474.demo.com,Chicago,IL,60601,USA
Linda,Perez,Cobiz Financial Inc,Manager,linda.perez.4830@off-475.demo.com,Denver,CO,80202,USA
Matthew,Thompson,Cobiz Financial Inc,Director,matthew.thompson.4831@off-475.demo.com,Miami,FL,33101,USA
Barbara,White,Cobiz Financial Inc,VP,barbara.white.4832@off-475.demo.com,Portland,OR,97201,USA
Mark,Harris,Cobiz Financial Inc,Engineer,mark.harris.4833@off-475.demo.com,Atlanta,GA,30301,USA
Jessica,Sanchez,Cobiz Financial Inc,Consultant,jessica.sanchez.4834@off-475.demo.com,Boston,MA,02101,USA
John,Clark,Cobiz Financial Inc,Specialist,john.clark.4835@off-475.demo.com,Seattle,WA,98101,USA
Karen,Ramirez,Cobiz Financial Inc,Coordinator,karen.ramirez.4836@off-475.demo.com,Austin,TX,78701,USA
Michael,Lewis,Cobiz Financial Inc,Analyst,michael.lewis.4837@off-475.demo.com,Chicago,IL,60601,USA
Nancy,Robinson,Cobiz Financial Inc,Manager,nancy.robinson.4838@off-475.demo.com,Denver,CO,80202,USA
David,Smith,Cobiz Financial Inc,Director,david.smith.4839@off-475.demo.com,Miami,FL,33101,USA
Margaret,Johnson,Coherent Inc,Engineer,margaret.johnson.4840@off-476.demo.com,Portland,OR,97201,USA
Joseph,Williams,Coherent Inc,Consultant,joseph.williams.4841@off-476.demo.com,Atlanta,GA,30301,USA
Mary,Brown,Coherent Inc,Specialist,mary.brown.4842@off-476.demo.com,Boston,MA,02101,USA
Charles,Jones,Coherent Inc,Coordinator,charles.jones.4843@off-476.demo.com,Seattle,WA,98101,USA
Jennifer,Garcia,Coherent Inc,Analyst,jennifer.garcia.4844@off-476.demo.com,Austin,TX,78701,USA
Daniel,Miller,Coherent Inc,Manager,daniel.miller.4845@off-476.demo.com,Chicago,IL,60601,USA
Elizabeth,Davis,Coherent Inc,Director,elizabeth.davis.4846@off-476.demo.com,Denver,CO,80202,USA
Anthony,Rodriguez,Coherent Inc,VP,anthony.rodriguez.4847@off-476.demo.com,Miami,FL,33101,USA
Susan,Martinez,Coherent Inc,Engineer,susan.martinez.4848@off-476.demo.com,Portland,OR,97201,USA
James,Hernandez,Coherent Inc,Consultant,james.hernandez.4849@off-476.demo.com,Atlanta,GA,30301,USA
Sarah,Lopez,Cohu Inc,Director,sarah.lopez.4850@off-477.demo.com,Boston,MA,02101,USA
Robert,Gonzalez,Cohu Inc,VP,robert.gonzalez.4851@off-477.demo.com,Seattle,WA,98101,USA
Lisa,Wilson,Cohu Inc,Engineer,lisa.wilson.4852@off-477.demo.com,Austin,TX,78701,USA
William,Anderson,Cohu Inc,Consultant,william.anderson.4853@off-477.demo.com,Chicago,IL,60601,USA
Betty,Thomas,Cohu Inc,Specialist,betty.thomas.4854@off-477.demo.com,Denver,CO,80202,USA
Richard,Taylor,Cohu Inc,Coordinator,richard.taylor.4855@off-477.demo.com,Miami,FL,33101,USA
Sandra,Moore,Cohu Inc,Analyst,sandra.moore.4856@off-477.demo.com,Portland,OR,97201,USA
Thomas,Jackson,Cohu Inc,Manager,thomas.jackson.4857@off-477.demo.com,Atlanta,GA,30301,USA
Patricia,Martin,Cohu Inc,Director,patricia.martin.4858@off-477.demo.com,Boston,MA,02101,USA
Christopher,Lee,Cohu Inc,VP,christopher.lee.4859@off-477.demo.com,Seattle,WA,98101,USA
Linda,Perez,Coca-Cola Bottling Co. Consolidated,Coordinator,linda.perez.4860@off-478.demo.com,Austin,TX,78701,USA
Matthew,Thompson,Coca-Cola Bottling Co. Consolidated,Analyst,matthew.thompson.4861@off-478.demo.com,Chicago,IL,60601,USA
Barbara,White,Coca-Cola Bottling Co. Consolidated,Manager,barbara.white.4862@off-478.demo.com,Denver,CO,80202,USA
Mark,Harris,Coca-Cola Bottling Co. Consolidated,Director,mark.harris.4863@off-478.demo.com,Miami,FL,33101,USA
Jessica,Sanchez,Coca-Cola Bottling Co. Consolidated,VP,jessica.sanchez.4864@off-478.demo.com,Portland,OR,97201,USA
John,Clark,Coca-Cola Bottling Co. Consolidated,Engineer,john.clark.4865@off-478.demo.com,Atlanta,GA,30301,USA
Karen,Ramirez,Coca-Cola Bottling Co. Consolidated,Consultant,karen.ramirez.4866@off-478.demo.com,Boston,MA,02101,USA
Michael,Lewis,Coca-Cola Bottling Co. Consolidated,Specialist,michael.lewis.4867@off-478.demo.com,Seattle,WA,98101,USA
Nancy,Robinson,Coca-Cola Bottling Co. Consolidated,Coordinator,nancy.robinson.4868@off-478.demo.com,Austin,TX,78701,USA
David,Smith,Coca-Cola Bottling Co. Consolidated,Analyst,david.smith.4869@off-478.demo.com,Chicago,IL,60601,USA
Margaret,Johnson,Columbia Banking System,Consultant,margaret.johnson.4870@off-479.demo.com,Denver,CO,80202,USA
Joseph,Williams,Columbia Banking System,Specialist,joseph.williams.4871@off-479.demo.com,Miami,FL,33101,USA
Mary,Brown,Columbia Banking System,Coordinator,mary.brown.4872@off-479.demo.com,Portland,OR,97201,USA
Charles,Jones,Columbia Banking System,Analyst,charles.jones.4873@off-479.demo.com,Atlanta,GA,30301,USA
Jennifer,Garcia,Columbia Banking System,Manager,jennifer.garcia.4874@off-479.demo.com,Boston,MA,02101,USA
Daniel,Miller,Columbia Banking System,Director,daniel.miller.4875@off-479.demo.com,Seattle,WA,98101,USA
Elizabeth,Davis,Columbia Banking System,VP,elizabeth.davis.4876@off-479.demo.com,Austin,TX,78701,USA
Anthony,Rodriguez,Columbia Banking System,Engineer,anthony.rodriguez.4877@off-479.demo.com,Chicago,IL,60601,USA
Susan,Martinez,Columbia Banking System,Consultant,susan.martinez.4878@off-479.demo.com,Denver,CO,80202,USA
James,Hernandez,Columbia Banking System,Specialist,james.hernandez.4879@off-479.demo.com,Miami,FL,33101,USA
Sarah,Lopez,Collegium Pharmaceutical Inc,Engineer,sarah.lopez.4880@off-480.demo.com,Portland,OR,97201,USA
Robert,Gonzalez,Collegium Pharmaceutical Inc,Consultant,robert.gonzalez.4881@off-480.demo.com,Atlanta,GA,30301,USA
Lisa,Wilson,Collegium Pharmaceutical Inc,Specialist,lisa.wilson.4882@off-480.demo.com,Boston,MA,02101,USA
William,Anderson,Collegium Pharmaceutical Inc,Coordinator,william.anderson.4883@off-480.demo.com,Seattle,WA,98101,USA
Betty,Thomas,Collegium Pharmaceutical Inc,Analyst,betty.thomas.4884@off-480.demo.com,Austin,TX,78701,USA
Richard,Taylor,Collegium Pharmaceutical Inc,Manager,richard.taylor.4885@off-480.demo.com,Chicago,IL,60601,USA
Sandra,Moore,Collegium Pharmaceutical Inc,Director,sandra.moore.4886@off-480.demo.com,Denver,CO,80202,USA
Thomas,Jackson,Collegium Pharmaceutical Inc,VP,thomas.jackson.4887@off-480.demo.com,Miami,FL,33101,USA
Patricia,Martin,Collegium Pharmaceutical Inc,Engineer,patricia.martin.4888@off-480.demo.com,Portland,OR,97201,USA
Christopher,Lee,Collegium Pharmaceutical Inc,Consultant,christopher.lee.4889@off-480.demo.com,Atlanta,GA,30301,USA
Linda,Perez,Columbia Sportswear Company,Consultant,linda.perez.4890@off-481.demo.com,Boston,MA,02101,USA
Matthew,Thompson,Columbia Sportswear Company,Specialist,matthew.thompson.4891@off-481.demo.com,Seattle,WA,98101,USA
Barbara,White,Columbia Sportswear Company,Coordinator,barbara.white.4892@off-481.demo.com,Austin,TX,78701,USA
Mark,Harris,Columbia Sportswear Company,Analyst,mark.harris.4893@off-481.demo.com,Chicago,IL,60601,USA
Jessica,Sanchez,Columbia Sportswear Company,Manager,jessica.sanchez.4894@off-481.demo.com,Denver,CO,80202,USA
John,Clark,Columbia Sportswear Company,Director,john.clark.4895@off-481.demo.com,Miami,FL,33101,USA
Karen,Ramirez,Columbia Sportswear Company,VP,karen.ramirez.4896@off-481.demo.com,Portland,OR,97201,USA
Michael,Lewis,Columbia Sportswear Company,Engineer,michael.lewis.4897@off-481.demo.com,Atlanta,GA,30301,USA
Nancy,Robinson,Columbia Sportswear Company,Consultant,nancy.robinson.4898@off-481.demo.com,Boston,MA,02101,USA
David,Smith,Columbia Sportswear Company,Specialist,david.smith.4899@off-481.demo.com,Seattle,WA,98101,USA
Margaret,Johnson,Cyrusone Inc,Analyst,margaret.johnson.4900@off-482.demo.com,Austin,TX,78701,USA
Joseph,Williams,Cyrusone Inc,Manager,joseph.williams.4901@off-482.demo.com,Chicago,IL,60601,USA
Mary,Brown,Cyrusone Inc,Director,mary.brown.4902@off-482.demo.com,Denver,CO,80202,USA
Charles,Jones,Cyrusone Inc,VP,charles.jones.4903@off-482.demo.com,Miami,FL,33101,USA
Jennifer,Garcia,Cyrusone Inc,Engineer,jennifer.garcia.4904@off-482.demo.com,Portland,OR,97201,USA
Daniel,Miller,Cyrusone Inc,Consultant,daniel.miller.4905@off-482.demo.com,Atlanta,GA,30301,USA
Elizabeth,Davis,Cyrusone Inc,Specialist,elizabeth.davis.4906@off-482.demo.com,Boston,MA,02101,USA
Anthony,Rodriguez,Cyrusone Inc,Coordinator,anthony.rodriguez.4907@off-482.demo.com,Seattle,WA,98101,USA
Susan,Martinez,Cyrusone Inc,Analyst,susan.martinez.4908@off-482.demo.com,Austin,TX,78701,USA
James,Hernandez,Cyrusone Inc,Manager,james.hernandez.4909@off-482.demo.com,Chicago,IL,60601,USA
Sarah,Lopez,Conn's Inc,Analyst,sarah.lopez.4910@off-483.demo.com,Denver,CO,80202,USA
Robert,Gonzalez,Conn's Inc,Manager,robert.gonzalez.4911@off-483.demo.com,Miami,FL,33101,USA
Lisa,Wilson,Conn's Inc,Director,lisa.wilson.4912@off-483.demo.com,Portland,OR,97201,USA
William,Anderson,Conn's Inc,VP,william.anderson.4913@off-483.demo.com,Atlanta,GA,30301,USA
Betty,Thomas,Conn's Inc,Engineer,betty.thomas.4914@off-483.demo.com,Boston,MA,02101,USA
Richard,Taylor,Conn's Inc,Consultant,richard.taylor.4915@off-483.demo.com,Seattle,WA,98101,USA
Sandra,Moore,Conn's Inc,Specialist,sandra.moore.4916@off-483.demo.com,Austin,TX,78701,USA
Thomas,Jackson,Conn's Inc,Coordinator,thomas.jackson.4917@off-483.demo.com,Chicago,IL,60601,USA
Patricia,Martin,Conn's Inc,Analyst,patricia.martin.4918@off-483.demo.com,Denver,CO,80202,USA
Christopher,Lee,Conn's Inc,Manager,christopher.lee.4919@off-483.demo.com,Miami,FL,33101,USA
Linda,Perez,Coresite Realty Corp,Engineer,linda.perez.4920@off-484.demo.com,Portland,OR,97201,USA
Matthew,Thompson,Coresite Realty Corp,Consultant,matthew.thompson.4921@off-484.demo.com,Atlanta,GA,30301,USA
Barbara,White,Coresite Realty Corp,Specialist,barbara.white.4922@off-484.demo.com,Boston,MA,02101,USA
Mark,Harris,Coresite Realty Corp,Coordinator,mark.harris.4923@off-484.demo.com,Seattle,WA,98101,USA
Jessica,Sanchez,Coresite Realty Corp,Analyst,jessica.sanchez.4924@off-484.demo.com,Austin,TX,78701,USA
John,Clark,Coresite Realty Corp,Manager,john.clark.4925@off-484.demo.com,Chicago,IL,60601,USA
Karen,Ramirez,Coresite Realty Corp,Director,karen.ramirez.4926@off-484.demo.com,Denver,CO,80202,USA
Michael,Lewis,Coresite Realty Corp,VP,michael.lewis.4927@off-484.demo.com,Miami,FL,33101,USA
Nancy,Robinson,Coresite Realty Corp,Engineer,nancy.robinson.4928@off-484.demo.com,Portland,OR,97201,USA
David,Smith,Coresite Realty Corp,Consultant,david.smith.4929@off-484.demo.com,Atlanta,GA,30301,USA
Margaret,Johnson,Core-Mark Holding Company,VP,margaret.johnson.4930@off-485.demo.com,Boston,MA,02101,USA
Joseph,Williams,Core-Mark Holding Company,Engineer,joseph.williams.4931@off-485.demo.com,Seattle,WA,98101,USA
Mary,Brown,Core-Mark Holding Company,Consultant,mary.brown.4932@off-485.demo.com,Austin,TX,78701,USA
Charles,Jones,Core-Mark Holding Company,Specialist,charles.jones.4933@off-485.demo.com,Chicago,IL,60601,USA
Jennifer,Garcia,Core-Mark Holding Company,Coordinator,jennifer.garcia.4934@off-485.demo.com,Denver,CO,80202,USA
Daniel,Miller,Core-Mark Holding Company,Analyst,daniel.miller.4935@off-485.demo.com,Miami,FL,33101,USA
Elizabeth,Davis,Core-Mark Holding Company,Manager,elizabeth.davis.4936@off-485.demo.com,Portland,OR,97201,USA
Anthony,Rodriguez,Core-Mark Holding Company,Director,anthony.rodriguez.4937@off-485.demo.com,Atlanta,GA,30301,USA
Susan,Martinez,Core-Mark Holding Company,VP,susan.martinez.4938@off-485.demo.com,Boston,MA,02101,USA
James,Hernandez,Core-Mark Holding Company,Engineer,james.hernandez.4939@off-485.demo.com,Seattle,WA,98101,USA
Sarah,Lopez,Corium International Inc,Engineer,sarah.lopez.4940@off-486.demo.com,Austin,TX,78701,USA
Robert,Gonzalez,Corium International Inc,Consultant,robert.gonzalez.4941@off-486.demo.com,Chicago,IL,60601,USA
Lisa,Wilson,Corium International Inc,Specialist,lisa.wilson.4942@off-486.demo.com,Denver,CO,80202,USA
William,Anderson,Corium International Inc,Coordinator,william.anderson.4943@off-486.demo.com,Miami,FL,33101,USA
Betty,Thomas,Corium International Inc,Analyst,betty.thomas.4944@off-486.demo.com,Portland,OR,97201,USA
Richard,Taylor,Corium International Inc,Manager,richard.taylor.4945@off-486.demo.com,Atlanta,GA,30301,USA
Sandra,Moore,Corium International Inc,Director,sandra.moore.4946@off-486.demo.com,Boston,MA,02101,USA
Thomas,Jackson,Corium International Inc,VP,thomas.jackson.4947@off-486.demo.com,Seattle,WA,98101,USA
Patricia,Martin,Corium International Inc,Engineer,patricia.martin.4948@off-486.demo.com,Austin,TX,78701,USA
Christopher,Lee,Corium International Inc,Consultant,christopher.lee.4949@off-486.demo.com,Chicago,IL,60601,USA
Linda,Perez,Corenergy Infrastructure Trust Inc,Analyst,linda.perez.4950@off-487.demo.com,Denver,CO,80202,USA
Matthew,Thompson,Corenergy Infrastructure Trust Inc,Manager,matthew.thompson.4951@off-487.demo.com,Miami,FL,33101,USA
Barbara,White,Corenergy Infrastructure Trust Inc,Director,barbara.white.4952@off-487.demo.com,Portland,OR,97201,USA
Mark,Harris,Corenergy Infrastructure Trust Inc,VP,mark.harris.4953@off-487.demo.com,Atlanta,GA,30301,USA
Jessica,Sanchez,Corenergy Infrastructure Trust Inc,Engineer,jessica.sanchez.4954@off-487.demo.com,Boston,MA,02101,USA
John,Clark,Corenergy Infrastructure Trust Inc,Consultant,john.clark.4955@off-487.demo.com,Seattle,WA,98101,USA
Karen,Ramirez,Corenergy Infrastructure Trust Inc,Specialist,karen.ramirez.4956@off-487.demo.com,Austin,TX,78701,USA
Michael,Lewis,Corenergy Infrastructure Trust Inc,Coordinator,michael.lewis.4957@off-487.demo.com,Chicago,IL,60601,USA
Nancy,Robinson,Corenergy Infrastructure Trust Inc,Analyst,nancy.robinson.4958@off-487.demo.com,Denver,CO,80202,USA
David,Smith,Corenergy Infrastructure Trust Inc,Manager,david.smith.4959@off-487.demo.com,Miami,FL,33101,USA
Margaret,Johnson,Corcept Therapeutics Inc,Analyst,margaret.johnson.4960@off-488.demo.com,Portland,OR,97201,USA
Joseph,Williams,Corcept Therapeutics Inc,Manager,joseph.williams.4961@off-488.demo.com,Atlanta,GA,30301,USA
Mary,Brown,Corcept Therapeutics Inc,Director,mary.brown.4962@off-488.demo.com,Boston,MA,02101,USA
Charles,Jones,Corcept Therapeutics Inc,VP,charles.jones.4963@off-488.demo.com,Seattle,WA,98101,USA
Jennifer,Garcia,Corcept Therapeutics Inc,Engineer,jennifer.garcia.4964@off-488.demo.com,Austin,TX,78701,USA
Daniel,Miller,Corcept Therapeutics Inc,Consultant,daniel.miller.4965@off-488.demo.com,Chicago,IL,60601,USA
Elizabeth,Davis,Corcept Therapeutics Inc,Specialist,elizabeth.davis.4966@off-488.demo.com,Denver,CO,80202,USA
Anthony,Rodriguez,Corcept Therapeutics Inc,Coordinator,anthony.rodriguez.4967@off-488.demo.com,Miami,FL,33101,USA
Susan,Martinez,Corcept Therapeutics Inc,Analyst,susan.martinez.4968@off-488.demo.com,Portland,OR,97201,USA
James,Hernandez,Corcept Therapeutics Inc,Manager,james.hernandez.4969@off-488.demo.com,Atlanta,GA,30301,USA
Sarah,Lopez,Cowen Group,Consultant,sarah.lopez.4970@off-489.demo.com,Boston,MA,02101,USA
Robert,Gonzalez,Cowen Group,Specialist,robert.gonzalez.4971@off-489.demo.com,Seattle,WA,98101,USA
Lisa,Wilson,Cowen Group,Coordinator,lisa.wilson.4972@off-489.demo.com,Austin,TX,78701,USA
William,Anderson,Cowen Group,Analyst,william.anderson.4973@off-489.demo.com,Chicago,IL,60601,USA
Betty,Thomas,Cowen Group,Manager,betty.thomas.4974@off-489.demo.com,Denver,CO,80202,USA
Richard,Taylor,Cowen Group,Director,richard.taylor.4975@off-489.demo.com,Miami,FL,33101,USA
Sandra,Moore,Cowen Group,VP,sandra.moore.4976@off-489.demo.com,Portland,OR,97201,USA
Thomas,Jackson,Cowen Group,Engineer,thomas.jackson.4977@off-489.demo.com,Atlanta,GA,30301,USA
Patricia,Martin,Cowen Group,Consultant,patricia.martin.4978@off-489.demo.com,Boston,MA,02101,USA
Christopher,Lee,Cowen Group,Specialist,christopher.lee.4979@off-489.demo.com,Seattle,WA,98101,USA
Linda,Perez,Callon Petroleum Company,Engineer,linda.perez.4980@off-490.demo.com,Austin,TX,78701,USA
Matthew,Thompson,Callon Petroleum Company,Consultant,matthew.thompson.4981@off-490.demo.com,Chicago,IL,60601,USA
Barbara,White,Callon Petroleum Company,Specialist,barbara.white.4982@off-490.demo.com,Denver,CO,80202,USA
Mark,Harris,Callon Petroleum Company,Coordinator,mark.harris.4983@off-490.demo.com,Miami,FL,33101,USA
Jessica,Sanchez,Callon Petroleum Company,Analyst,jessica.sanchez.4984@off-490.demo.com,Portland,OR,97201,USA
John,Clark,Callon Petroleum Company,Manager,john.clark.4985@off-490.demo.com,Atlanta,GA,30301,USA
Karen,Ramirez,Callon Petroleum Company,Director,karen.ramirez.4986@off-490.demo.com,Boston,MA,02101,USA
Michael,Lewis,Callon Petroleum Company,VP,michael.lewis.4987@off-490.demo.com,Seattle,WA,98101,USA
Nancy,Robinson,Callon Petroleum Company,Engineer,nancy.robinson.4988@off-490.demo.com,Austin,TX,78701,USA
David,Smith,Callon Petroleum Company,Consultant,david.smith.4989@off-490.demo.com,Chicago,IL,60601,USA
Margaret,Johnson,Central Pacific Financial Co,Director,margaret.johnson.4990@off-491.demo.com,Denver,CO,80202,USA
Joseph,Williams,Central Pacific Financial Co,VP,joseph.williams.4991@off-491.demo.com,Miami,FL,33101,USA
Mary,Brown,Central Pacific Financial Co,Engineer,mary.brown.4992@off-491.demo.com,Portland,OR,97201,USA
Charles,Jones,Central Pacific Financial Co,Consultant,charles.jones.4993@off-491.demo.com,Atlanta,GA,30301,USA
Jennifer,Garcia,Central Pacific Financial Co,Specialist,jennifer.garcia.4994@off-491.demo.com,Boston,MA,02101,USA
Daniel,Miller,Central Pacific Financial Co,Coordinator,daniel.miller.4995@off-491.demo.com,Seattle,WA,98101,USA
Elizabeth,Davis,Central Pacific Financial Co,Analyst,elizabeth.davis.4996@off-491.demo.com,Austin,TX,78701,USA
Anthony,Rodriguez,Central Pacific Financial Co,Manager,anthony.rodriguez.4997@off-491.demo.com,Chicago,IL,60601,USA
Susan,Martinez,Central Pacific Financial Co,Director,susan.martinez.4998@off-491.demo.com,Denver,CO,80202,USA
James,Hernandez,Central Pacific Financial Co,VP,james.hernandez.4999@off-491.demo.com,Miami,FL,33101,USA
